order_id,order_date,customer_id,product_category,region,quantity,unit_price,discount,payment_method,delivery_days,customer_rating,revenue
10001,11/18/2022,1984,Clothing,North,7,455.03,0.34,COD,2,3.3,2102.24
10002,01/16/2022,1794,Home,Central,1,196.19,0.08,Wallet,1,4.5,180.49
10003,03/30/2022,1214,Electronics,South,2,443.36,0.18,COD,10,1.1,727.11
10004,09/28/2022,1413,Home,Central,3,244.05,0.18,COD,5,2.9,600.36
10005,01/04/2023,1604,Health,East,8,297.07,0.32,COD,2,1.1,1616.06
10006,09/15/2022,1704,Health,Central,2,570.58,0.05,Card,9,4.7,1084.1
10007,01/07/2022,1833,Home,South,9,157.66,0.22,Wallet,4,1.7,1106.77
10008,06/01/2022,1151,Home,South,9,442.23,0.04,Card,12,1.6,3820.87
10009,07/17/2022,1390,Toys,Central,6,422.57,0.34,COD,12,2.2,1673.38
10010,11/25/2022,1952,Clothing,North,5,67.84,0.09,Wallet,2,2.8,308.67
10011,05/07/2023,1150,Electronics,West,3,246.28,0.21,COD,5,3.9,583.68
10012,05/10/2023,1504,Toys,West,3,423.98,0.25,Wallet,10,4.2,953.96
10013,01/22/2023,1766,Electronics,South,9,543.77,0.2,Wallet,1,1.2,3915.14
10014,02/23/2022,1240,Toys,East,8,122.08,0.25,Card,3,4.8,732.48
10015,02/27/2022,1788,Health,South,10,294.02,0.09,Wallet,5,4.2,2675.58
10016,10/23/2022,1034,Home,North,2,271.97,0.15,Card,5,3.0,462.35
10017,03/31/2023,1761,Home,North,3,459.91,0.25,Wallet,6,4.9,1034.8
10018,08/20/2022,1946,Beauty,West,7,458.27,0.05,COD,9,4.7,3047.5
10019,11/19/2022,1189,Home,Central,3,38.18,0.26,Card,2,1.2,84.76
10020,02/03/2022,1510,Home,South,2,35.55,0.02,Wallet,1,1.7,69.68
10021,09/24/2022,1965,Health,Central,7,300.93,0.29,COD,9,1.6,1495.62
10022,03/19/2022,1199,Toys,North,6,196.26,0.25,Card,4,1.7,883.17
10023,08/10/2022,1064,Electronics,South,9,507.16,0.04,Wallet,2,1.0,4381.86
10024,05/26/2022,1968,Clothing,East,5,493.53,0.18,COD,6,4.5,2023.47
10025,02/23/2022,1711,Electronics,East,5,530.46,0.15,Wallet,5,1.7,2254.45
10026,07/22/2022,1694,Health,North,1,540.49,0.22,COD,6,2.5,421.58
10027,05/20/2022,1007,Electronics,South,6,453.27,0.14,Wallet,7,1.2,2338.87
10028,04/12/2023,1218,Toys,East,8,186.95,0.19,COD,6,2.7,1211.44
10029,03/15/2022,1005,Beauty,West,1,180.05,0.07,Card,11,4.8,167.45
10030,07/12/2022,1272,Home,North,3,21.57,0.04,Wallet,2,2.8,62.12
10031,07/25/2022,1770,Toys,East,4,408.43,0.33,COD,9,4.8,1094.59
10032,12/04/2022,1439,Toys,Central,7,73.19,0.16,COD,11,1.6,430.36
10033,09/20/2022,1824,Electronics,West,6,450.34,0.11,Card,4,4.3,2404.82
10034,12/30/2022,1643,Electronics,West,3,390.85,0.17,Card,4,2.2,973.22
10035,05/21/2022,1239,Toys,Central,3,195.58,0.32,Wallet,4,2.6,398.98
10036,11/12/2022,1606,Toys,West,10,193.31,0.1,Wallet,8,2.0,1739.79
10037,08/12/2022,1054,Toys,West,10,52.12,0.06,Card,3,3.5,489.93
10038,04/11/2023,1256,Health,West,8,163.64,0.24,Wallet,6,2.2,994.93
10039,04/21/2023,1720,Health,South,5,310.09,0.24,Card,1,4.0,1178.34
10040,02/12/2023,1834,Electronics,East,9,464.53,0.16,Card,3,1.9,3511.85
10041,06/04/2022,1310,Toys,North,2,177.06,0.25,COD,12,3.5,265.59
10042,07/07/2022,1315,Health,West,6,421.81,0.12,Wallet,6,3.3,2227.16
10043,10/10/2022,1249,Home,Central,8,589.04,0.26,COD,7,1.2,3487.12
10044,08/25/2022,1738,Home,Central,6,38.88,0.18,Card,9,4.6,191.29
10045,04/08/2022,1748,Toys,East,5,453.67,0.13,Card,12,4.3,1973.46
10046,02/10/2023,1963,Electronics,Central,8,584.72,0.2,COD,5,3.0,3742.21
10047,03/24/2022,1400,Toys,North,8,109.21,0.2,COD,7,2.7,698.94
10048,04/10/2023,1612,Clothing,East,2,598.78,0.03,Wallet,12,1.3,1161.63
10049,08/31/2022,1331,Home,West,9,527.09,0.23,Wallet,1,1.2,3652.73
10050,01/08/2022,1119,Health,West,8,245.58,0.23,Card,4,2.6,1512.77
10051,04/10/2023,1913,Electronics,North,1,311.95,0.07,Wallet,5,2.1,290.11
10052,03/17/2023,1727,Clothing,North,2,166.73,0.21,Wallet,7,2.9,263.43
10053,03/01/2022,1609,Electronics,West,1,318.41,0.26,Card,10,1.8,235.62
10054,03/16/2023,1975,Health,East,1,499.16,0.2,Wallet,8,3.3,399.33
10055,02/17/2022,1688,Electronics,South,7,459.8,0.05,Wallet,11,4.7,3057.67
10056,03/19/2022,1062,Electronics,Central,5,432.71,0.24,COD,7,2.9,1644.3
10057,05/15/2022,1259,Health,North,7,141.71,0.3,COD,2,1.9,694.38
10058,12/13/2022,1888,Clothing,North,2,453.24,0.3,Wallet,10,3.2,634.54
10059,02/26/2022,1978,Home,West,5,166.8,0.06,Wallet,5,3.9,783.96
10060,03/01/2022,1370,Electronics,East,8,186.44,0.21,Card,8,4.4,1178.3
10061,08/10/2022,1866,Home,West,4,253.37,0.34,COD,8,1.8,668.9
10062,09/04/2022,1447,Clothing,East,6,377.97,0.09,COD,2,3.8,2063.72
10063,01/28/2023,1764,Toys,East,6,461.91,0.16,Card,4,3.8,2328.03
10064,04/13/2023,1140,Clothing,West,10,490.5,0.18,Wallet,12,3.1,4022.1
10065,02/11/2023,1257,Home,Central,3,31.88,0.07,Wallet,7,1.9,88.95
10066,01/17/2022,1817,Clothing,North,5,39.97,0.26,Wallet,4,2.3,147.89
10067,07/14/2022,1988,Toys,Central,6,96.87,0.07,Card,9,3.1,540.53
10068,05/29/2022,1171,Electronics,East,5,119.68,0.25,COD,8,2.6,448.8
10069,09/18/2022,1333,Beauty,West,6,241.15,0.07,Card,12,2.1,1345.62
10070,02/28/2022,1739,Toys,West,7,271.08,0.09,Card,7,3.3,1726.78
10071,09/27/2022,1090,Health,Central,8,30.35,0.3,Wallet,10,3.1,169.96
10072,06/30/2022,1128,Clothing,East,1,146.18,0.08,Card,10,2.2,134.49
10073,11/30/2022,1839,Health,East,7,251.14,0.25,Wallet,1,4.4,1318.49
10074,02/14/2022,1971,Health,North,4,397.31,0.22,COD,1,3.0,1239.61
10075,06/22/2022,1344,Health,South,7,496.3,0.22,Wallet,1,4.4,2709.8
10076,02/20/2022,1577,Clothing,East,10,312.07,0.24,Card,1,2.3,2371.73
10077,03/08/2023,1701,Clothing,Central,7,579.27,0.11,Wallet,9,2.6,3608.85
10078,02/04/2023,1443,Home,South,6,292.74,0.09,Wallet,12,2.1,1598.36
10079,01/23/2023,1194,Beauty,West,3,171.97,0.32,Card,12,1.3,350.82
10080,01/11/2022,1771,Health,West,6,275.27,0.03,Wallet,3,1.6,1602.07
10081,02/04/2023,1195,Home,North,3,272.0,0.19,Wallet,8,4.8,660.96
10082,06/21/2022,1376,Clothing,West,9,253.06,0.21,Card,1,1.3,1799.26
10083,01/14/2023,1727,Clothing,North,9,113.62,0.06,Card,4,4.6,961.23
10084,01/17/2022,1119,Home,West,10,476.02,0.18,Card,7,1.7,3903.36
10085,07/05/2022,1362,Clothing,West,9,351.02,0.04,Wallet,5,1.3,3032.81
10086,04/29/2022,1053,Electronics,Central,8,426.7,0.25,COD,12,2.2,2560.2
10087,04/29/2022,1210,Home,North,6,111.33,0.03,Wallet,6,3.9,647.94
10088,04/30/2023,1224,Toys,South,3,424.19,0.19,COD,6,3.3,1030.78
10089,12/02/2022,1680,Home,East,2,305.71,0.06,COD,10,3.5,574.73
10090,01/15/2022,1291,Toys,Central,5,310.56,0.04,Wallet,10,3.4,1490.69
10091,09/11/2022,1297,Electronics,East,6,341.08,0.11,Wallet,1,4.4,1821.37
10092,09/15/2022,1352,Home,South,1,138.43,0.15,COD,12,1.3,117.67
10093,05/15/2022,1132,Beauty,West,3,377.03,0.28,COD,2,3.8,814.38
10094,10/09/2022,1960,Beauty,West,4,324.35,0.29,Wallet,9,4.5,921.15
10095,06/19/2022,1117,Electronics,East,9,109.38,0.27,Card,1,2.5,718.63
10096,12/13/2022,1949,Clothing,South,8,470.11,0.25,Card,10,3.9,2820.66
10097,08/23/2022,1603,Toys,North,5,205.0,0.17,COD,9,1.3,850.75
10098,10/02/2022,1517,Home,North,2,483.12,0.01,COD,2,5.0,956.58
10099,01/13/2022,1290,Toys,East,3,136.53,0.29,Wallet,12,4.7,290.81
10100,01/11/2023,1973,Beauty,East,9,239.87,0.03,Wallet,2,3.6,2094.07
10101,04/23/2023,1186,Toys,East,6,184.11,0.32,Card,12,2.9,751.17
10102,02/20/2022,1430,Clothing,West,7,295.29,0.33,Wallet,7,2.4,1384.91
10103,08/31/2022,1389,Home,North,10,173.79,0.35,Card,1,2.5,1129.63
10104,03/10/2022,1457,Clothing,West,8,158.87,0.26,Card,12,4.6,940.51
10105,01/09/2023,1162,Clothing,North,9,558.33,0.31,COD,4,1.5,3467.23
10106,11/29/2022,1959,Toys,East,6,32.63,0.1,Wallet,3,1.7,176.2
10107,07/23/2022,1538,Electronics,North,1,58.13,0.31,Card,9,4.2,40.11
10108,08/22/2022,1505,Electronics,North,9,451.82,0.04,Wallet,5,2.8,3903.72
10109,02/28/2022,1300,Beauty,Central,9,308.15,0.16,Wallet,4,4.2,2329.61
10110,08/04/2022,1211,Home,South,7,532.9,0.02,Card,4,2.1,3655.69
10111,10/15/2022,1407,Health,East,10,320.62,0.19,Wallet,10,4.0,2597.02
10112,07/07/2022,1155,Beauty,North,7,184.49,0.15,COD,1,3.4,1097.72
10113,05/04/2023,1075,Home,North,7,586.36,0.13,COD,3,4.3,3570.93
10114,09/27/2022,1644,Health,Central,5,413.66,0.07,COD,8,3.8,1923.52
10115,04/17/2022,1837,Clothing,North,2,399.99,0.24,COD,12,4.6,607.98
10116,07/01/2022,1449,Clothing,South,6,316.53,0.16,Card,12,4.2,1595.31
10117,04/10/2022,1839,Clothing,East,5,197.52,0.02,COD,4,1.2,967.85
10118,12/20/2022,1949,Health,West,5,243.78,0.31,COD,2,1.7,841.04
10119,12/22/2022,1085,Electronics,North,8,571.65,0.15,COD,12,3.2,3887.22
10120,10/27/2022,1625,Electronics,East,5,267.51,0.19,Wallet,3,4.7,1083.42
10121,05/17/2022,1249,Toys,North,10,309.07,0.05,Wallet,12,2.7,2936.16
10122,08/26/2022,1481,Health,South,7,531.89,0.32,Wallet,4,2.9,2531.8
10123,10/14/2022,1396,Health,East,4,582.76,0.03,Wallet,9,3.7,2261.11
10124,02/08/2022,1730,Electronics,East,10,41.6,0.18,Card,1,3.3,341.12
10125,11/20/2022,1302,Clothing,East,4,172.06,0.13,Wallet,6,3.9,598.77
10126,01/28/2023,1453,Beauty,Central,6,407.32,0.24,Wallet,7,4.5,1857.38
10127,08/01/2022,1453,Health,West,6,528.7,0.26,Card,9,2.2,2347.43
10128,04/05/2023,1015,Health,Central,10,589.56,0.14,COD,5,2.7,5070.22
10129,09/10/2022,1854,Electronics,West,7,457.73,0.28,COD,11,4.0,2306.96
10130,03/12/2022,1405,Electronics,South,4,339.5,0.11,Card,7,1.8,1208.62
10131,11/27/2022,1675,Health,South,2,184.46,0.19,COD,8,1.5,298.83
10132,07/13/2022,1185,Beauty,West,3,373.7,0.22,Wallet,10,3.1,874.46
10133,01/03/2022,1573,Clothing,West,9,252.41,0.22,Wallet,3,3.6,1771.92
10134,04/09/2023,1824,Electronics,Central,5,553.79,0.29,Card,9,2.1,1965.95
10135,07/03/2022,1681,Toys,West,1,446.97,0.11,COD,11,4.4,397.8
10136,07/02/2022,1658,Electronics,North,9,554.75,0.24,Wallet,8,4.6,3794.49
10137,11/03/2022,1285,Beauty,East,1,200.39,0.01,COD,5,3.8,198.39
10138,08/20/2022,1916,Home,East,4,384.46,0.06,Card,4,1.1,1445.57
10139,02/12/2023,1459,Electronics,South,7,243.13,0.09,Wallet,6,4.7,1548.74
10140,10/16/2022,1123,Beauty,North,4,271.92,0.13,Wallet,12,4.0,946.28
10141,03/08/2023,1225,Toys,East,5,46.55,0.15,Wallet,10,3.9,197.84
10142,04/06/2023,1438,Home,East,5,533.05,0.25,Card,3,1.2,1998.94
10143,04/15/2023,1040,Toys,South,4,409.94,0.01,Wallet,1,4.9,1623.36
10144,06/22/2022,1763,Beauty,West,8,124.52,0.11,COD,1,3.5,886.58
10145,01/06/2023,1866,Clothing,West,4,446.86,0.24,Wallet,7,1.5,1358.45
10146,10/08/2022,1424,Beauty,South,9,418.57,0.2,Card,4,4.0,3013.7
10147,03/15/2023,1782,Home,West,3,206.2,0.03,Wallet,7,4.9,600.04
10148,03/20/2022,1485,Beauty,Central,10,393.81,0.04,Wallet,9,2.9,3780.58
10149,10/23/2022,1145,Clothing,South,1,264.19,0.13,COD,2,4.8,229.85
10150,03/08/2023,1016,Beauty,East,2,139.67,0.03,Wallet,6,4.6,270.96
10151,03/11/2023,1670,Beauty,South,1,444.71,0.35,Card,2,3.0,289.06
10152,02/09/2022,1141,Health,West,8,182.06,0.07,COD,10,4.1,1354.53
10153,11/19/2022,1911,Clothing,North,9,337.13,0.33,Card,5,1.1,2032.89
10154,07/25/2022,1044,Clothing,East,7,390.25,0.17,Wallet,1,1.2,2267.35
10155,02/06/2023,1569,Toys,Central,8,259.14,0.21,Card,4,1.4,1637.76
10156,01/30/2022,1956,Clothing,East,1,249.76,0.08,Card,5,4.3,229.78
10157,06/11/2022,1483,Home,East,4,63.23,0.27,Card,7,2.2,184.63
10158,01/27/2023,1105,Electronics,North,3,103.52,0.1,Wallet,12,4.3,279.5
10159,04/01/2023,1860,Electronics,Central,1,395.33,0.02,Wallet,10,3.4,387.42
10160,07/26/2022,1999,Home,East,5,200.96,0.32,Wallet,9,4.7,683.26
10161,07/12/2022,1831,Home,North,1,315.03,0.26,Wallet,1,3.3,233.12
10162,09/12/2022,1538,Clothing,Central,10,411.51,0.07,COD,5,1.7,3827.04
10163,02/02/2023,1839,Beauty,Central,9,526.14,0.07,Wallet,1,1.3,4403.79
10164,01/09/2023,1401,Clothing,West,3,422.3,0.13,COD,5,1.7,1102.2
10165,01/16/2023,1830,Health,West,5,416.32,0.2,Card,6,2.6,1665.28
10166,12/21/2022,1756,Clothing,North,9,447.81,0.03,Wallet,12,3.1,3909.38
10167,08/05/2022,1109,Clothing,West,3,12.18,0.16,Card,8,4.5,30.69
10168,04/06/2022,1254,Health,West,10,65.37,0.04,Wallet,10,3.9,627.55
10169,04/14/2022,1243,Home,South,9,364.14,0.28,Wallet,9,4.8,2359.63
10170,08/03/2022,1496,Clothing,East,5,396.03,0.05,Card,9,3.6,1881.14
10171,09/27/2022,1724,Electronics,Central,10,430.35,0.26,Wallet,12,2.4,3184.59
10172,04/13/2022,1418,Clothing,East,2,35.95,0.03,Card,7,3.8,69.74
10173,01/08/2022,1889,Home,North,4,480.93,0.16,Card,2,1.6,1615.92
10174,03/06/2022,1751,Toys,West,7,489.84,0.1,Card,10,2.4,3085.99
10175,12/18/2022,1940,Beauty,Central,3,519.57,0.08,COD,2,2.5,1434.01
10176,11/23/2022,1685,Clothing,Central,6,55.51,0.1,Wallet,2,1.2,299.75
10177,10/31/2022,1693,Clothing,West,9,489.63,0.1,Wallet,12,1.6,3966.0
10178,02/15/2022,1890,Health,North,1,199.4,0.25,Card,8,4.9,149.55
10179,06/22/2022,1019,Toys,East,7,563.02,0.1,COD,5,2.5,3547.03
10180,10/16/2022,1923,Electronics,Central,6,82.59,0.23,COD,10,1.7,381.57
10181,04/24/2023,1885,Health,South,1,267.15,0.26,Wallet,9,3.5,197.69
10182,07/31/2022,1295,Clothing,Central,3,265.97,0.15,Card,5,1.3,678.22
10183,05/13/2022,1287,Home,South,6,170.86,0.26,Wallet,7,1.2,758.62
10184,10/18/2022,1664,Health,Central,5,406.13,0.25,COD,9,1.4,1522.99
10185,04/01/2023,1458,Health,Central,2,252.89,0.22,Wallet,2,3.5,394.51
10186,08/31/2022,1062,Home,West,8,422.56,0.06,COD,1,4.4,3177.65
10187,03/02/2022,1437,Home,East,3,338.96,0.17,COD,11,4.2,844.01
10188,01/24/2022,1419,Home,North,10,273.71,0.14,Card,2,4.9,2353.91
10189,06/28/2022,1028,Electronics,North,9,124.15,0.22,Wallet,10,1.3,871.53
10190,02/02/2022,1762,Home,Central,7,465.06,0.1,Wallet,7,2.7,2929.88
10191,01/18/2022,1018,Toys,Central,3,91.21,0.35,Card,8,4.7,177.86
10192,01/23/2022,1646,Clothing,Central,8,45.28,0.06,Card,4,1.6,340.51
10193,12/09/2022,1409,Electronics,East,2,324.92,0.3,COD,8,4.9,454.89
10194,07/19/2022,1087,Beauty,East,5,41.98,0.23,COD,5,2.9,161.62
10195,06/10/2022,1071,Clothing,Central,5,386.5,0.06,Card,3,2.3,1816.55
10196,12/17/2022,1770,Beauty,Central,7,233.94,0.23,Wallet,8,4.0,1260.94
10197,04/17/2023,1798,Toys,Central,2,395.97,0.31,Card,11,1.9,546.44
10198,03/24/2023,1285,Beauty,North,10,584.37,0.34,Wallet,4,1.0,3856.84
10199,11/08/2022,1337,Clothing,North,8,448.73,0.23,Wallet,4,2.1,2764.18
10200,03/11/2022,1253,Toys,East,1,78.62,0.21,Card,3,2.5,62.11
10201,07/02/2022,1162,Electronics,Central,10,268.12,0.04,Card,7,4.5,2573.95
10202,06/21/2022,1683,Health,East,10,188.89,0.29,Card,6,3.6,1341.12
10203,08/01/2022,1282,Beauty,West,8,593.3,0.07,Card,10,4.4,4414.15
10204,02/03/2022,1844,Electronics,West,9,209.9,0.05,Wallet,6,3.8,1794.64
10205,11/03/2022,1183,Electronics,South,7,572.17,0.21,COD,2,1.6,3164.1
10206,02/19/2023,1364,Beauty,South,2,312.93,0.16,Card,8,2.7,525.72
10207,07/15/2022,1560,Clothing,North,5,339.64,0.02,Card,6,2.2,1664.24
10208,03/23/2023,1033,Clothing,South,8,174.94,0.3,COD,1,3.8,979.66
10209,01/02/2022,1259,Clothing,Central,9,200.86,0.22,COD,10,2.9,1410.04
10210,12/07/2022,1099,Toys,North,6,242.37,0.19,Wallet,9,3.2,1177.92
10211,02/02/2022,1035,Clothing,Central,3,350.95,0.06,Wallet,10,1.3,989.68
10212,01/25/2023,1243,Toys,North,1,331.47,0.02,Wallet,12,3.6,324.84
10213,03/20/2022,1139,Clothing,North,8,54.86,0.17,Wallet,9,1.6,364.27
10214,04/01/2022,1070,Electronics,North,5,491.93,0.18,Card,8,4.4,2016.91
10215,01/22/2023,1660,Health,East,4,487.51,0.05,COD,6,4.4,1852.54
10216,02/24/2023,1752,Home,Central,1,564.86,0.17,COD,3,3.0,468.83
10217,08/17/2022,1349,Home,East,6,48.15,0.23,Card,3,4.3,222.45
10218,02/18/2023,1439,Electronics,Central,1,490.35,0.1,COD,6,1.0,441.32
10219,09/27/2022,1646,Electronics,Central,1,259.48,0.3,Wallet,4,2.1,181.64
10220,01/02/2022,1772,Clothing,West,3,320.66,0.34,Wallet,2,1.3,634.91
10221,06/16/2022,1232,Toys,East,6,575.79,0.35,Wallet,3,1.0,2245.58
10222,03/02/2022,1149,Home,West,6,357.2,0.07,Wallet,9,3.8,1993.18
10223,05/08/2022,1831,Electronics,North,1,286.95,0.16,Card,6,1.3,241.04
10224,05/08/2022,1531,Clothing,South,7,314.48,0.27,COD,3,5.0,1606.99
10225,03/30/2022,1170,Toys,West,7,249.24,0.13,Wallet,4,1.3,1517.87
10226,09/19/2022,1985,Home,North,1,31.05,0.33,Wallet,8,3.3,20.8
10227,08/10/2022,1111,Electronics,North,10,61.02,0.17,Card,9,1.2,506.47
10228,01/18/2023,1960,Electronics,South,8,72.3,0.09,COD,11,3.1,526.34
10229,05/03/2022,1466,Health,East,3,345.45,0.03,COD,2,3.3,1005.26
10230,01/22/2022,1291,Clothing,South,5,282.42,0.32,COD,8,3.9,960.23
10231,11/21/2022,1467,Home,Central,5,213.1,0.12,COD,7,4.1,937.64
10232,03/02/2023,1346,Home,East,8,330.95,0.32,COD,8,3.1,1800.37
10233,06/04/2022,1748,Home,East,9,321.39,0.14,Wallet,8,1.9,2487.56
10234,07/06/2022,1877,Health,East,6,433.29,0.09,Card,10,4.8,2365.76
10235,02/17/2022,1931,Toys,Central,4,426.91,0.07,Card,3,1.8,1588.11
10236,03/19/2022,1778,Toys,South,2,576.13,0.23,COD,6,3.3,887.24
10237,05/11/2022,1621,Home,South,6,93.89,0.26,Wallet,6,3.6,416.87
10238,01/09/2023,1439,Toys,North,4,121.39,0.18,Wallet,2,1.5,398.16
10239,03/21/2022,1507,Home,North,7,341.48,0.28,Card,5,4.0,1721.06
10240,04/17/2023,1459,Electronics,South,7,467.54,0.11,COD,4,3.6,2912.77
10241,06/27/2022,1726,Health,South,8,369.62,0.18,Card,6,4.7,2424.71
10242,01/19/2023,1663,Toys,North,1,362.73,0.08,Wallet,6,1.1,333.71
10243,02/21/2022,1693,Toys,South,9,201.14,0.05,COD,7,4.4,1719.75
10244,04/18/2022,1237,Health,South,10,493.86,0.02,Wallet,6,3.6,4839.83
10245,03/29/2023,1218,Electronics,North,6,467.98,0.21,Card,2,4.8,2218.23
10246,04/08/2022,1586,Clothing,Central,8,133.95,0.23,Card,5,1.5,825.13
10247,11/17/2022,1348,Clothing,North,9,387.53,0.26,Wallet,7,3.8,2580.95
10248,04/07/2023,1627,Home,West,10,431.58,0.12,Card,6,2.0,3797.9
10249,12/19/2022,1301,Electronics,North,1,240.11,0.26,Wallet,12,4.1,177.68
10250,02/19/2023,1546,Electronics,East,8,293.71,0.05,COD,6,2.7,2232.2
10251,08/23/2022,1597,Home,South,1,546.1,0.29,Wallet,5,2.3,387.73
10252,02/26/2022,1435,Clothing,East,6,514.85,0.21,Card,3,3.6,2440.39
10253,05/22/2022,1204,Toys,Central,3,65.61,0.31,Card,5,3.8,135.81
10254,02/25/2023,1206,Home,East,7,53.79,0.11,Card,8,2.9,335.11
10255,01/27/2022,1370,Health,South,4,536.81,0.06,Wallet,7,2.8,2018.41
10256,03/24/2022,1643,Electronics,East,5,366.19,0.01,COD,10,4.4,1812.64
10257,04/19/2023,1436,Clothing,North,2,573.48,0.17,COD,6,4.5,951.98
10258,12/23/2022,1309,Health,Central,1,422.64,0.19,COD,5,2.3,342.34
10259,01/22/2022,1155,Health,North,9,417.08,0.33,COD,7,2.9,2514.99
10260,08/04/2022,1892,Health,East,6,360.84,0.1,Card,7,3.2,1948.54
10261,04/15/2022,1649,Beauty,South,5,570.89,0.17,Card,3,3.1,2369.19
10262,01/18/2022,1376,Home,East,6,291.77,0.28,COD,4,1.6,1260.45
10263,05/08/2022,1109,Electronics,Central,4,93.88,0.09,Card,1,1.1,341.72
10264,06/21/2022,1358,Toys,North,8,347.04,0.02,Wallet,12,1.1,2720.79
10265,08/17/2022,1444,Beauty,West,4,201.84,0.19,Wallet,10,3.6,653.96
10266,03/07/2022,1207,Beauty,East,1,303.0,0.1,COD,2,1.1,272.7
10267,07/11/2022,1081,Electronics,North,4,51.02,0.34,Card,12,2.0,134.69
10268,09/22/2022,1722,Clothing,North,3,542.59,0.17,Card,2,3.4,1351.05
10269,02/02/2023,1382,Electronics,South,3,304.87,0.02,Card,1,2.5,896.32
10270,04/11/2023,1166,Health,Central,7,221.38,0.25,Wallet,4,3.9,1162.24
10271,03/04/2023,1094,Home,West,1,414.87,0.03,Card,3,4.0,402.42
10272,04/30/2022,1351,Beauty,Central,9,544.1,0.09,COD,10,3.9,4456.18
10273,02/07/2023,1877,Electronics,South,1,14.56,0.09,COD,1,2.8,13.25
10274,11/05/2022,1747,Beauty,East,2,521.09,0.22,COD,1,3.6,812.9
10275,09/09/2022,1054,Electronics,North,7,285.62,0.19,COD,12,2.4,1619.47
10276,03/18/2023,1616,Toys,East,4,308.55,0.01,Wallet,9,4.5,1221.86
10277,09/26/2022,1836,Clothing,South,3,10.24,0.05,COD,4,1.2,29.18
10278,09/19/2022,1238,Health,West,10,538.9,0.33,COD,2,2.7,3610.63
10279,03/14/2023,1671,Toys,Central,3,407.5,0.19,COD,9,4.3,990.23
10280,10/30/2022,1707,Beauty,East,5,96.82,0.08,Wallet,2,4.1,445.37
10281,07/15/2022,1602,Electronics,North,6,238.04,0.18,Wallet,7,1.2,1171.16
10282,12/30/2022,1353,Home,Central,5,347.74,0.16,Wallet,12,3.9,1460.51
10283,07/07/2022,1131,Health,Central,9,466.85,0.25,COD,5,2.3,3151.24
10284,06/26/2022,1220,Home,South,10,11.46,0.16,Card,1,4.2,96.26
10285,01/28/2022,1674,Home,South,9,444.16,0.2,COD,8,4.5,3197.95
10286,06/27/2022,1829,Home,South,4,22.39,0.04,Wallet,10,4.2,85.98
10287,04/26/2023,1529,Toys,North,7,558.04,0.31,Card,3,2.0,2695.33
10288,10/20/2022,1248,Clothing,South,6,502.07,0.17,Card,6,1.6,2500.31
10289,03/01/2022,1074,Clothing,Central,6,163.07,0.2,Wallet,11,1.4,782.74
10290,08/21/2022,1886,Clothing,North,2,580.87,0.35,Card,3,2.4,755.13
10291,04/06/2022,1704,Beauty,Central,6,65.26,0.02,Wallet,10,2.5,383.73
10292,06/08/2022,1038,Health,Central,9,390.91,0.22,Wallet,7,2.6,2744.19
10293,01/01/2022,1291,Home,South,7,43.45,0.19,Wallet,4,3.0,246.36
10294,11/12/2022,1944,Home,East,1,366.67,0.15,Card,1,3.4,311.67
10295,01/10/2023,1821,Toys,North,6,436.47,0.25,COD,10,3.7,1964.12
10296,04/26/2022,1941,Toys,North,2,415.55,0.29,Card,1,3.6,590.08
10297,04/28/2023,1441,Electronics,West,6,24.23,0.01,Wallet,6,3.6,143.93
10298,01/14/2022,1020,Clothing,West,5,452.19,0.11,Wallet,1,3.9,2012.25
10299,04/14/2022,1121,Home,Central,9,413.69,0.31,Card,5,4.4,2569.01
10300,01/16/2023,1169,Home,Central,2,524.14,0.31,Wallet,10,4.3,723.31
10301,05/29/2022,1990,Health,East,9,240.94,0.33,COD,5,4.7,1452.87
10302,04/25/2023,1214,Electronics,South,7,264.67,0.28,Card,5,2.4,1333.94
10303,02/21/2022,1722,Electronics,Central,6,139.0,0.18,Wallet,4,1.9,683.88
10304,04/11/2022,1751,Beauty,East,10,10.14,0.1,Wallet,6,2.9,91.26
10305,02/06/2023,1212,Electronics,South,8,79.73,0.19,Wallet,3,4.7,516.65
10306,09/11/2022,1458,Toys,West,1,290.64,0.23,Wallet,3,3.7,223.79
10307,02/25/2022,1086,Toys,South,1,210.34,0.33,COD,1,3.7,140.93
10308,07/12/2022,1256,Toys,East,10,206.22,0.25,Wallet,3,2.7,1546.65
10309,10/22/2022,1266,Home,West,7,383.53,0.08,Card,4,4.7,2469.93
10310,03/15/2023,1047,Beauty,North,3,335.2,0.11,Wallet,7,4.6,894.98
10311,09/26/2022,1562,Home,West,2,489.74,0.31,COD,1,4.2,675.84
10312,02/14/2023,1994,Clothing,South,1,410.85,0.05,COD,11,4.9,390.31
10313,04/07/2023,1396,Electronics,Central,5,458.36,0.07,Wallet,5,3.8,2131.37
10314,02/25/2022,1285,Health,North,4,506.72,0.14,Card,3,2.9,1743.12
10315,03/18/2022,1758,Electronics,South,9,406.69,0.19,Card,12,2.6,2964.77
10316,02/08/2023,1673,Toys,East,10,404.02,0.02,Wallet,7,2.2,3959.4
10317,04/09/2023,1169,Health,South,3,19.66,0.26,Card,6,3.7,43.65
10318,07/24/2022,1454,Clothing,East,8,331.92,0.31,Wallet,10,4.6,1832.2
10319,06/25/2022,1926,Beauty,North,5,21.04,0.32,Wallet,2,3.1,71.54
10320,12/09/2022,1786,Beauty,South,10,26.67,0.24,Wallet,2,3.2,202.69
10321,04/17/2022,1011,Electronics,East,6,71.6,0.12,Card,9,1.6,378.05
10322,09/15/2022,1786,Clothing,West,5,358.02,0.25,COD,9,3.2,1342.57
10323,10/26/2022,1519,Electronics,North,2,310.12,0.27,Wallet,7,4.7,452.78
10324,12/14/2022,1606,Electronics,North,1,186.96,0.27,Card,3,1.4,136.48
10325,12/10/2022,1565,Home,North,7,323.66,0.13,Card,6,3.2,1971.09
10326,02/09/2022,1289,Health,South,9,158.36,0.03,COD,9,4.6,1382.48
10327,07/08/2022,1313,Toys,East,10,117.7,0.04,Wallet,12,3.0,1129.92
10328,06/27/2022,1159,Electronics,North,2,183.78,0.24,Card,5,3.0,279.35
10329,09/15/2022,1306,Home,South,5,570.28,0.19,COD,6,3.3,2309.63
10330,01/24/2023,1993,Health,North,3,158.05,0.3,COD,3,4.2,331.91
10331,02/15/2022,1053,Beauty,West,8,563.63,0.28,Card,5,1.7,3246.51
10332,12/01/2022,1290,Toys,East,7,174.62,0.07,COD,12,1.9,1136.78
10333,02/21/2023,1808,Clothing,North,5,10.59,0.08,Wallet,3,4.5,48.71
10334,11/26/2022,1438,Electronics,East,6,355.02,0.32,Wallet,2,3.0,1448.48
10335,01/11/2022,1062,Clothing,West,2,307.5,0.04,COD,4,1.6,590.4
10336,11/29/2022,1609,Electronics,West,4,179.86,0.32,COD,1,4.0,489.22
10337,10/25/2022,1827,Health,North,4,500.2,0.08,Card,3,3.6,1840.74
10338,11/13/2022,1196,Clothing,Central,8,254.2,0.27,COD,11,2.8,1484.53
10339,08/05/2022,1803,Health,West,4,345.7,0.32,COD,5,3.8,940.3
10340,02/14/2022,1881,Beauty,West,3,333.37,0.04,Wallet,5,4.2,960.11
10341,10/03/2022,1673,Toys,North,9,556.4,0.13,Card,7,4.9,4356.61
10342,04/19/2022,1018,Electronics,North,6,404.92,0.31,Card,7,3.5,1676.37
10343,05/03/2022,1806,Beauty,East,5,244.95,0.02,Wallet,4,2.0,1200.25
10344,01/14/2023,1351,Toys,West,8,298.85,0.03,Wallet,9,1.4,2319.08
10345,03/21/2022,1872,Clothing,West,8,262.87,0.13,Card,1,3.9,1829.58
10346,11/12/2022,1432,Toys,East,10,36.63,0.03,COD,9,4.6,355.31
10347,06/22/2022,1930,Health,South,3,469.74,0.35,COD,7,4.6,915.99
10348,04/05/2022,1734,Electronics,Central,6,14.46,0.28,Wallet,5,2.7,62.47
10349,02/27/2023,1316,Home,East,6,306.74,0.15,Wallet,12,1.1,1564.37
10350,10/13/2022,1725,Electronics,East,5,162.74,0.22,Card,5,3.2,634.69
10351,09/09/2022,1931,Home,North,10,262.46,0.2,COD,8,3.2,2099.68
10352,07/28/2022,1284,Toys,North,8,200.12,0.15,COD,9,3.6,1360.82
10353,05/27/2022,1820,Home,North,10,135.27,0.23,Wallet,9,3.2,1041.58
10354,09/01/2022,1304,Toys,North,8,439.1,0.07,COD,5,1.2,3266.9
10355,10/13/2022,1693,Clothing,West,10,329.79,0.03,Wallet,7,2.4,3198.96
10356,07/12/2022,1530,Beauty,North,9,126.12,0.15,Wallet,1,1.5,964.82
10357,08/10/2022,1178,Clothing,East,10,111.66,0.11,Wallet,8,3.4,993.77
10358,02/25/2023,1753,Electronics,South,6,392.8,0.18,COD,11,1.2,1932.58
10359,02/14/2022,1945,Home,West,3,544.61,0.04,Wallet,11,4.2,1568.48
10360,04/06/2022,1021,Toys,East,10,524.72,0.11,Wallet,4,2.0,4670.01
10361,04/24/2022,1882,Beauty,East,2,107.71,0.05,Wallet,12,3.0,204.65
10362,05/14/2022,1640,Home,North,2,235.69,0.3,Card,9,4.4,329.97
10363,01/09/2022,1575,Beauty,South,10,549.07,0.2,COD,9,4.9,4392.56
10364,02/28/2022,1822,Electronics,North,3,535.14,0.18,COD,4,2.1,1316.44
10365,02/15/2022,1615,Electronics,South,2,25.21,0.19,COD,5,3.8,40.84
10366,03/26/2022,1940,Clothing,North,3,417.53,0.19,Card,2,1.5,1014.6
10367,11/05/2022,1868,Beauty,East,1,11.44,0.1,COD,1,2.3,10.3
10368,08/06/2022,1555,Toys,South,5,451.65,0.03,Wallet,2,4.1,2190.5
10369,02/19/2023,1121,Beauty,East,5,144.38,0.07,Wallet,8,2.8,671.37
10370,01/27/2023,1183,Clothing,North,10,337.74,0.05,Card,8,4.1,3208.53
10371,05/06/2022,1084,Electronics,South,5,249.14,0.26,Wallet,12,4.5,921.82
10372,02/15/2023,1316,Clothing,South,4,36.87,0.02,Card,7,2.0,144.53
10373,06/29/2022,1160,Beauty,West,8,323.27,0.02,COD,5,4.3,2534.44
10374,04/22/2022,1829,Electronics,South,5,257.38,0.07,Wallet,2,4.3,1196.82
10375,11/01/2022,1615,Home,North,10,560.08,0.2,Wallet,11,1.8,4480.64
10376,12/13/2022,1808,Beauty,North,1,453.1,0.28,Wallet,8,3.1,326.23
10377,05/08/2022,1516,Electronics,South,3,174.0,0.26,COD,4,3.4,386.28
10378,07/01/2022,1520,Clothing,South,6,157.97,0.03,Wallet,10,2.7,919.39
10379,04/06/2022,1244,Toys,South,2,397.51,0.31,Card,2,1.9,548.56
10380,11/15/2022,1820,Clothing,Central,9,228.58,0.28,COD,8,4.6,1481.2
10381,01/14/2022,1381,Health,South,3,270.12,0.25,Wallet,5,2.0,607.77
10382,04/03/2022,1147,Beauty,North,9,172.12,0.18,COD,3,2.4,1270.25
10383,03/30/2023,1798,Beauty,West,7,421.98,0.02,Wallet,10,1.1,2894.78
10384,02/11/2022,1162,Toys,South,1,551.96,0.22,COD,2,4.5,430.53
10385,06/16/2022,1882,Clothing,East,6,100.88,0.2,COD,10,4.2,484.22
10386,02/27/2022,1435,Home,West,7,506.92,0.17,COD,2,2.5,2945.21
10387,09/09/2022,1027,Home,West,6,397.23,0.28,COD,2,4.9,1716.03
10388,08/14/2022,1046,Health,East,10,147.25,0.34,COD,11,4.7,971.85
10389,01/28/2023,1111,Clothing,South,6,277.98,0.35,Wallet,3,2.0,1084.12
10390,07/21/2022,1835,Toys,Central,7,292.29,0.08,COD,10,3.7,1882.35
10391,02/07/2022,1225,Clothing,South,4,235.02,0.19,COD,12,3.0,761.46
10392,05/25/2022,1354,Beauty,North,9,326.57,0.14,Card,10,3.9,2527.65
10393,05/01/2022,1737,Health,East,7,90.9,0.28,Wallet,11,3.8,458.14
10394,03/18/2022,1556,Clothing,North,10,289.97,0.19,Card,2,4.5,2348.76
10395,11/26/2022,1031,Toys,South,6,95.86,0.3,COD,3,4.4,402.61
10396,09/19/2022,1388,Toys,West,7,377.72,0.3,Wallet,9,1.3,1850.83
10397,08/14/2022,1136,Electronics,South,4,295.37,0.29,COD,9,1.3,838.85
10398,01/01/2023,1298,Health,West,6,559.24,0.16,Card,11,4.5,2818.57
10399,09/16/2022,1386,Beauty,East,6,20.41,0.33,Wallet,5,4.7,82.05
10400,02/18/2023,1264,Home,Central,1,578.55,0.02,COD,2,2.6,566.98
10401,04/19/2022,1777,Clothing,West,3,113.79,0.18,Card,4,4.6,279.92
10402,03/10/2023,1246,Toys,East,7,338.2,0.32,COD,11,3.0,1609.83
10403,01/30/2023,1191,Beauty,South,4,580.64,0.13,Wallet,1,4.2,2020.63
10404,02/02/2023,1833,Toys,South,10,297.14,0.12,Card,4,2.8,2614.83
10405,10/08/2022,1276,Toys,West,6,218.99,0.29,COD,10,3.9,932.9
10406,01/09/2023,1601,Clothing,North,7,190.52,0.18,COD,1,1.8,1093.58
10407,11/05/2022,1768,Health,South,9,403.71,0.22,Wallet,7,1.9,2834.04
10408,12/04/2022,1000,Home,South,8,291.61,0.19,Wallet,4,2.9,1889.63
10409,05/05/2023,1613,Toys,South,3,398.79,0.33,Card,5,4.3,801.57
10410,05/22/2022,1528,Clothing,West,6,62.28,0.32,COD,10,1.4,254.1
10411,12/14/2022,1081,Toys,Central,6,309.34,0.2,COD,11,2.5,1484.83
10412,01/21/2022,1674,Home,East,3,170.35,0.12,COD,3,3.1,449.72
10413,06/15/2022,1580,Home,South,10,235.69,0.18,COD,5,1.3,1932.66
10414,08/29/2022,1974,Toys,South,10,423.1,0.03,Card,7,2.8,4104.07
10415,11/28/2022,1880,Health,South,2,13.11,0.03,Wallet,8,2.2,25.43
10416,05/14/2022,1184,Health,West,6,500.87,0.06,COD,6,2.0,2824.91
10417,05/13/2022,1400,Health,North,9,258.78,0.04,COD,9,4.6,2235.86
10418,04/30/2022,1332,Home,Central,9,557.88,0.12,Card,10,2.6,4418.41
10419,08/07/2022,1150,Electronics,West,2,484.02,0.16,Card,4,2.4,813.15
10420,10/27/2022,1882,Electronics,South,4,372.16,0.05,COD,7,3.4,1414.21
10421,08/03/2022,1532,Health,East,10,496.34,0.15,Wallet,1,4.7,4218.89
10422,10/25/2022,1440,Beauty,West,2,470.75,0.03,Wallet,2,1.4,913.25
10423,03/14/2022,1402,Home,East,7,468.33,0.16,Card,5,3.0,2753.78
10424,01/25/2022,1226,Beauty,Central,8,193.16,0.29,COD,12,2.8,1097.15
10425,12/04/2022,1783,Home,South,5,498.99,0.29,COD,1,2.3,1771.41
10426,07/29/2022,1213,Home,North,9,500.21,0.12,Wallet,11,1.5,3961.66
10427,03/25/2022,1272,Health,North,7,570.4,0.22,COD,10,3.2,3114.38
10428,04/17/2022,1969,Health,North,1,353.97,0.17,COD,5,4.0,293.8
10429,05/07/2023,1535,Toys,West,1,250.4,0.26,Card,11,2.2,185.3
10430,06/08/2022,1939,Beauty,South,6,156.75,0.28,Card,3,3.0,677.16
10431,03/08/2022,1174,Clothing,Central,9,585.45,0.07,COD,8,1.6,4900.22
10432,01/09/2022,1163,Electronics,Central,4,97.37,0.28,COD,8,5.0,280.43
10433,11/16/2022,1269,Home,South,10,267.82,0.09,Card,6,3.0,2437.16
10434,02/22/2023,1393,Toys,West,9,188.03,0.12,Wallet,1,4.7,1489.2
10435,06/23/2022,1433,Clothing,Central,3,326.85,0.34,Wallet,6,3.1,647.16
10436,04/23/2022,1025,Electronics,East,2,344.91,0.03,COD,3,4.1,669.13
10437,03/08/2022,1058,Electronics,West,6,252.51,0.07,Card,12,1.7,1409.01
10438,02/13/2022,1616,Toys,West,4,338.38,0.29,COD,8,4.6,961.0
10439,02/05/2022,1231,Beauty,Central,6,91.22,0.3,COD,5,2.7,383.12
10440,02/28/2023,1518,Health,West,5,95.45,0.04,Card,8,4.2,458.16
10441,02/04/2023,1895,Home,West,9,216.54,0.26,Wallet,9,4.7,1442.16
10442,01/28/2022,1589,Beauty,West,5,309.72,0.09,Wallet,1,1.1,1409.23
10443,07/21/2022,1734,Beauty,North,2,481.33,0.06,Card,8,4.2,904.9
10444,08/25/2022,1000,Electronics,East,5,578.15,0.2,COD,4,3.7,2312.6
10445,03/04/2023,1198,Toys,East,9,554.71,0.04,COD,10,3.1,4792.69
10446,08/28/2022,1461,Beauty,South,10,528.19,0.13,COD,11,1.2,4595.25
10447,01/11/2022,1753,Electronics,South,8,544.5,0.21,Wallet,7,2.5,3441.24
10448,06/07/2022,1035,Home,Central,9,333.42,0.21,COD,9,3.1,2370.62
10449,08/20/2022,1459,Clothing,South,10,473.79,0.3,Card,10,2.9,3316.53
10450,05/09/2023,1937,Toys,North,8,508.89,0.13,COD,6,4.7,3541.87
10451,06/12/2022,1058,Home,West,4,351.09,0.3,COD,10,3.5,983.05
10452,03/25/2022,1571,Clothing,North,8,155.76,0.15,COD,12,3.9,1059.17
10453,11/19/2022,1662,Clothing,Central,4,359.28,0.31,Card,10,4.3,991.61
10454,11/10/2022,1038,Beauty,Central,9,50.01,0.09,COD,6,1.6,409.58
10455,07/31/2022,1520,Beauty,South,9,242.79,0.22,Card,11,1.2,1704.39
10456,12/16/2022,1933,Beauty,South,1,474.29,0.26,COD,5,1.7,350.97
10457,12/16/2022,1017,Clothing,Central,6,296.55,0.08,Card,1,1.1,1636.96
10458,02/04/2022,1973,Electronics,East,6,298.52,0.33,Wallet,11,3.9,1200.05
10459,06/27/2022,1678,Electronics,West,9,588.67,0.35,COD,8,2.4,3443.72
10460,02/10/2022,1368,Electronics,West,4,61.36,0.23,Wallet,8,2.2,188.99
10461,02/10/2023,1109,Electronics,South,9,177.69,0.21,COD,3,4.2,1263.38
10462,02/18/2023,1690,Toys,East,6,280.52,0.17,Wallet,11,1.8,1396.99
10463,05/03/2023,1184,Toys,East,5,407.87,0.13,COD,7,2.6,1774.23
10464,01/04/2023,1925,Home,South,1,503.09,0.1,Card,10,2.3,452.78
10465,07/03/2022,1688,Clothing,East,3,16.24,0.13,COD,10,2.1,42.39
10466,04/18/2022,1905,Clothing,South,2,223.6,0.12,Wallet,1,3.4,393.54
10467,12/01/2022,1093,Beauty,West,9,67.7,0.3,Wallet,7,2.3,426.51
10468,01/16/2022,1620,Toys,South,2,210.91,0.11,Card,5,2.7,375.42
10469,03/20/2022,1490,Clothing,East,6,125.23,0.02,Card,10,3.9,736.35
10470,04/28/2023,1314,Electronics,Central,5,504.84,0.31,COD,5,2.9,1741.7
10471,02/01/2022,1831,Home,Central,2,312.5,0.05,COD,1,2.8,593.75
10472,09/28/2022,1223,Beauty,West,6,376.46,0.23,COD,6,4.4,1739.25
10473,04/16/2023,1143,Beauty,South,6,393.65,0.11,Wallet,1,4.5,2102.09
10474,01/21/2022,1997,Clothing,West,6,199.56,0.34,Wallet,4,4.3,790.26
10475,12/04/2022,1648,Electronics,Central,5,360.85,0.01,COD,12,2.3,1786.21
10476,09/06/2022,1220,Health,East,4,329.05,0.29,Wallet,10,1.9,934.5
10477,08/29/2022,1673,Clothing,Central,7,289.51,0.05,COD,9,4.4,1925.24
10478,03/13/2023,1488,Beauty,West,3,591.7,0.23,COD,8,2.8,1366.83
10479,03/24/2023,1049,Home,West,7,566.97,0.26,Wallet,1,4.6,2936.9
10480,02/27/2022,1926,Electronics,South,10,421.43,0.18,Card,12,4.9,3455.73
10481,01/29/2022,1062,Electronics,Central,2,530.86,0.29,COD,2,3.3,753.82
10482,06/24/2022,1686,Clothing,West,1,88.92,0.17,Wallet,7,1.3,73.8
10483,11/24/2022,1690,Clothing,North,7,307.07,0.29,Card,12,3.7,1526.14
10484,08/17/2022,1820,Beauty,East,1,64.52,0.23,Card,6,1.4,49.68
10485,04/12/2023,1043,Beauty,Central,6,529.14,0.03,Card,5,2.7,3079.59
10486,11/24/2022,1351,Toys,Central,2,158.57,0.15,Wallet,7,3.4,269.57
10487,03/05/2023,1854,Health,West,7,277.26,0.24,Wallet,7,2.6,1475.02
10488,04/04/2023,1230,Health,West,2,226.16,0.29,COD,1,3.2,321.15
10489,05/01/2022,1130,Home,East,10,561.92,0.25,Wallet,3,4.6,4214.4
10490,07/04/2022,1036,Health,Central,9,598.2,0.3,Wallet,4,4.2,3768.66
10491,03/11/2022,1704,Toys,East,2,546.01,0.13,Card,3,3.7,950.06
10492,01/05/2022,1246,Health,South,3,287.61,0.23,Wallet,10,1.1,664.38
10493,08/07/2022,1090,Beauty,West,1,145.97,0.09,COD,11,2.9,132.83
10494,07/06/2022,1960,Electronics,Central,2,516.78,0.07,Card,5,2.9,961.21
10495,02/26/2022,1528,Clothing,East,7,183.14,0.17,Wallet,5,1.8,1064.04
10496,09/12/2022,1366,Toys,East,1,517.33,0.27,Card,8,2.7,377.65
10497,02/11/2023,1169,Electronics,North,5,540.49,0.08,Card,5,1.1,2486.25
10498,12/23/2022,1523,Health,North,6,152.97,0.23,Card,5,4.0,706.72
10499,11/27/2022,1534,Health,South,9,313.06,0.02,COD,9,2.7,2761.19
10500,02/02/2023,1716,Beauty,South,5,76.28,0.02,Card,1,3.0,373.77
10501,08/15/2022,1908,Health,East,8,389.34,0.13,Card,9,2.3,2709.81
10502,02/05/2022,1290,Clothing,East,2,169.11,0.16,COD,12,4.1,284.1
10503,01/05/2022,1258,Toys,Central,1,271.52,0.13,COD,6,4.6,236.22
10504,01/03/2023,1924,Beauty,South,2,458.44,0.04,Wallet,1,2.9,880.2
10505,02/28/2023,1954,Clothing,East,9,496.0,0.2,COD,6,1.5,3571.2
10506,09/12/2022,1061,Health,South,7,292.92,0.32,COD,9,3.8,1394.3
10507,12/16/2022,1325,Health,North,9,454.54,0.09,Card,2,3.4,3722.68
10508,09/16/2022,1422,Clothing,East,2,293.59,0.25,Card,6,2.5,440.38
10509,02/17/2022,1341,Health,Central,2,136.44,0.08,Card,3,2.5,251.05
10510,01/27/2022,1455,Toys,West,10,464.49,0.33,Card,7,4.2,3112.08
10511,10/11/2022,1967,Beauty,West,9,547.07,0.17,COD,10,3.1,4086.61
10512,03/01/2023,1814,Health,South,10,425.15,0.19,Card,2,4.7,3443.72
10513,09/12/2022,1484,Health,East,1,583.12,0.06,COD,10,2.0,548.13
10514,11/29/2022,1258,Home,North,5,595.8,0.12,Wallet,4,4.7,2621.52
10515,05/27/2022,1820,Health,North,5,304.45,0.02,Wallet,4,1.6,1491.81
10516,06/05/2022,1659,Clothing,South,2,373.99,0.26,COD,6,2.7,553.51
10517,10/26/2022,1659,Clothing,Central,8,420.5,0.24,Wallet,2,1.4,2556.64
10518,04/28/2022,1580,Home,North,7,585.79,0.3,Card,4,2.0,2870.37
10519,02/01/2023,1261,Home,East,3,93.08,0.06,Wallet,6,1.7,262.49
10520,10/31/2022,1167,Toys,Central,1,419.93,0.17,Card,11,2.2,348.54
10521,11/19/2022,1439,Home,Central,8,139.68,0.33,Card,12,4.6,748.68
10522,09/25/2022,1276,Beauty,Central,3,435.9,0.05,COD,5,3.0,1242.31
10523,04/17/2023,1307,Toys,North,3,430.27,0.22,Wallet,7,4.1,1006.83
10524,02/17/2023,1414,Beauty,North,6,29.5,0.04,Card,7,4.5,169.92
10525,04/04/2022,1030,Toys,West,10,403.76,0.32,Wallet,3,4.2,2745.57
10526,02/16/2023,1285,Toys,Central,8,400.52,0.2,COD,9,2.8,2563.33
10527,09/10/2022,1290,Health,West,7,40.1,0.17,COD,7,1.7,232.98
10528,03/08/2023,1823,Home,West,10,439.59,0.34,Card,10,4.5,2901.29
10529,02/23/2023,1414,Beauty,East,1,249.14,0.11,COD,4,2.2,221.73
10530,06/20/2022,1366,Health,North,9,18.27,0.11,Wallet,4,2.4,146.34
10531,09/04/2022,1510,Beauty,North,4,102.1,0.19,COD,11,1.2,330.8
10532,01/10/2023,1422,Electronics,North,5,593.65,0.33,COD,7,3.1,1988.73
10533,10/15/2022,1545,Clothing,West,8,295.11,0.3,Wallet,8,2.1,1652.62
10534,01/19/2022,1784,Clothing,North,10,472.8,0.31,COD,12,4.8,3262.32
10535,03/06/2023,1637,Toys,East,7,348.42,0.17,COD,6,1.0,2024.32
10536,10/03/2022,1527,Clothing,West,3,170.48,0.14,COD,9,2.8,439.84
10537,02/26/2023,1849,Clothing,West,4,551.15,0.23,COD,9,3.8,1697.54
10538,05/14/2023,1057,Electronics,West,5,418.68,0.02,Wallet,1,4.4,2051.53
10539,11/24/2022,1652,Home,North,6,405.37,0.04,COD,9,2.3,2334.93
10540,04/15/2023,1544,Clothing,South,9,389.16,0.15,Wallet,10,1.6,2977.07
10541,01/18/2022,1855,Home,East,4,402.28,0.31,COD,4,2.5,1110.29
10542,04/15/2023,1906,Beauty,East,3,595.69,0.1,COD,1,3.7,1608.36
10543,12/18/2022,1512,Home,West,9,331.22,0.23,COD,5,3.9,2295.35
10544,01/04/2023,1876,Clothing,West,10,492.91,0.29,Wallet,6,3.9,3499.66
10545,07/27/2022,1734,Toys,East,3,563.63,0.14,Card,9,1.2,1454.17
10546,04/15/2023,1739,Toys,South,6,507.27,0.15,COD,12,3.4,2587.08
10547,06/20/2022,1965,Home,South,6,533.24,0.11,Wallet,8,5.0,2847.5
10548,05/19/2022,1232,Toys,South,5,258.36,0.23,Wallet,5,2.7,994.69
10549,02/28/2023,1030,Home,North,5,215.88,0.17,Card,5,4.0,895.9
10550,01/31/2023,1527,Health,North,10,332.1,0.23,COD,3,1.4,2557.17
10551,02/09/2023,1834,Beauty,East,4,289.8,0.16,Card,2,3.5,973.73
10552,10/24/2022,1308,Clothing,West,6,232.99,0.34,Card,2,4.9,922.64
10553,06/06/2022,1570,Toys,South,6,215.91,0.12,COD,10,2.3,1140.0
10554,11/16/2022,1475,Toys,North,7,85.11,0.22,COD,9,1.8,464.7
10555,05/28/2022,1429,Clothing,East,8,12.38,0.15,Wallet,11,3.2,84.18
10556,06/23/2022,1330,Toys,West,4,27.01,0.23,Card,8,1.8,83.19
10557,11/14/2022,1449,Electronics,East,1,57.27,0.02,Card,6,3.2,56.12
10558,02/19/2022,1615,Electronics,Central,7,143.52,0.07,COD,7,1.8,934.32
10559,04/16/2022,1930,Toys,North,2,159.31,0.06,Wallet,7,2.4,299.5
10560,05/08/2023,1941,Clothing,North,8,433.77,0.15,Wallet,12,2.1,2949.64
10561,03/09/2023,1360,Beauty,West,4,24.52,0.21,COD,7,3.9,77.48
10562,07/18/2022,1063,Beauty,South,4,247.78,0.23,COD,2,2.5,763.16
10563,02/24/2022,1348,Beauty,East,5,387.1,0.04,COD,3,4.5,1858.08
10564,02/10/2022,1388,Toys,West,5,377.38,0.01,Wallet,3,3.0,1868.03
10565,12/04/2022,1704,Electronics,West,1,514.78,0.05,Wallet,3,3.9,489.04
10566,12/17/2022,1396,Beauty,West,1,104.94,0.27,COD,5,4.5,76.61
10567,11/24/2022,1055,Beauty,North,9,360.74,0.33,Wallet,5,4.5,2175.26
10568,05/18/2022,1204,Electronics,Central,4,410.74,0.27,Wallet,1,4.6,1199.36
10569,05/13/2023,1894,Clothing,East,7,330.08,0.21,Wallet,4,4.4,1825.34
10570,01/09/2023,1106,Electronics,West,10,534.03,0.19,Card,9,3.1,4325.64
10571,03/20/2022,1944,Beauty,South,3,388.53,0.01,Wallet,5,3.3,1153.93
10572,12/02/2022,1402,Clothing,North,10,378.55,0.2,Wallet,2,3.1,3028.4
10573,06/19/2022,1330,Home,East,8,136.13,0.09,Wallet,3,3.8,991.03
10574,01/10/2023,1511,Health,Central,3,399.28,0.24,Wallet,9,2.9,910.36
10575,03/31/2023,1169,Electronics,North,7,531.54,0.25,Wallet,3,4.3,2790.59
10576,01/03/2023,1451,Home,North,1,593.44,0.16,COD,12,2.5,498.49
10577,05/17/2022,1597,Home,Central,7,566.76,0.01,Card,7,1.3,3927.65
10578,06/13/2022,1585,Home,North,5,205.68,0.09,COD,8,4.7,935.84
10579,07/24/2022,1967,Health,West,6,529.4,0.04,Wallet,8,2.5,3049.34
10580,03/10/2022,1740,Electronics,West,4,503.74,0.19,COD,7,3.1,1632.12
10581,08/01/2022,1463,Electronics,North,10,234.59,0.07,Wallet,6,1.5,2181.69
10582,05/16/2023,1082,Beauty,South,6,247.38,0.23,Wallet,2,3.7,1142.9
10583,07/17/2022,1861,Clothing,Central,4,507.02,0.22,COD,2,2.0,1581.9
10584,05/28/2022,1021,Beauty,West,10,353.99,0.19,Wallet,2,3.1,2867.32
10585,10/14/2022,1390,Beauty,Central,7,596.05,0.2,Wallet,1,4.7,3337.88
10586,03/13/2023,1396,Health,South,8,428.9,0.04,Wallet,4,4.9,3293.95
10587,11/10/2022,1955,Electronics,East,9,282.38,0.11,COD,5,3.9,2261.86
10588,01/02/2023,1967,Health,Central,5,147.42,0.33,COD,3,3.2,493.86
10589,01/23/2023,1030,Beauty,East,7,379.57,0.2,Wallet,12,4.7,2125.59
10590,03/05/2022,1699,Health,Central,3,193.47,0.06,Wallet,6,1.7,545.59
10591,08/12/2022,1210,Toys,East,8,375.03,0.29,COD,8,1.1,2130.17
10592,03/17/2023,1133,Home,Central,4,473.23,0.07,Wallet,11,2.2,1760.42
10593,04/08/2023,1824,Clothing,Central,6,135.87,0.35,Card,11,1.0,529.89
10594,03/16/2023,1292,Beauty,Central,5,368.21,0.31,COD,11,3.0,1270.32
10595,09/17/2022,1343,Beauty,East,9,86.02,0.06,Wallet,7,3.9,727.73
10596,05/07/2022,1084,Electronics,West,10,261.87,0.31,Card,10,4.2,1806.9
10597,05/13/2022,1117,Home,North,1,390.24,0.11,COD,10,2.3,347.31
10598,05/07/2022,1009,Beauty,East,3,146.01,0.21,Card,9,1.5,346.04
10599,09/27/2022,1591,Electronics,Central,6,418.1,0.02,COD,4,1.8,2458.43
10600,03/14/2022,1701,Beauty,Central,10,61.03,0.05,Wallet,11,3.2,579.78
10601,10/01/2022,1835,Health,East,9,101.09,0.22,Wallet,8,1.7,709.65
10602,05/02/2022,1159,Health,South,9,70.12,0.07,Card,3,1.4,586.9
10603,05/07/2023,1501,Clothing,North,7,358.9,0.35,Wallet,5,1.6,1632.99
10604,02/14/2022,1333,Health,East,9,47.22,0.34,Wallet,9,1.7,280.49
10605,02/14/2023,1139,Electronics,West,3,420.86,0.2,Card,12,4.6,1010.06
10606,01/13/2022,1189,Beauty,East,8,104.17,0.09,Card,8,2.5,758.36
10607,08/16/2022,1336,Electronics,North,1,127.24,0.18,COD,3,4.8,104.34
10608,06/06/2022,1995,Clothing,Central,6,163.23,0.33,Card,1,1.4,656.18
10609,12/20/2022,1190,Electronics,West,5,171.47,0.28,COD,5,2.1,617.29
10610,01/01/2023,1798,Beauty,West,1,397.72,0.16,Card,3,2.0,334.08
10611,03/03/2022,1333,Toys,Central,5,392.16,0.11,COD,11,3.1,1745.11
10612,03/16/2022,1416,Electronics,East,10,189.38,0.06,COD,9,4.4,1780.17
10613,04/22/2023,1367,Beauty,East,2,16.96,0.26,Wallet,5,1.4,25.1
10614,02/21/2022,1945,Health,South,1,386.37,0.19,Card,5,1.1,312.96
10615,02/16/2022,1881,Health,West,9,154.5,0.08,Wallet,8,1.2,1279.26
10616,01/04/2022,1356,Clothing,South,6,205.32,0.12,COD,2,3.8,1084.09
10617,05/14/2022,1069,Home,Central,9,73.82,0.31,COD,7,4.4,458.42
10618,02/08/2023,1952,Clothing,North,9,297.41,0.1,Wallet,7,2.7,2409.02
10619,08/09/2022,1770,Health,North,7,333.18,0.07,Wallet,10,2.6,2169.0
10620,03/17/2022,1343,Toys,South,6,506.87,0.1,COD,2,3.5,2737.1
10621,11/21/2022,1353,Health,North,10,58.27,0.23,Wallet,6,3.3,448.68
10622,04/16/2023,1218,Home,North,10,76.05,0.29,Card,9,3.9,539.95
10623,01/13/2023,1524,Clothing,West,9,420.36,0.21,Card,6,2.8,2988.76
10624,11/26/2022,1888,Beauty,East,4,31.49,0.01,COD,12,4.7,124.7
10625,05/08/2023,1899,Health,West,7,480.74,0.16,Card,11,3.6,2826.75
10626,09/08/2022,1691,Electronics,West,7,21.14,0.26,Wallet,12,3.2,109.51
10627,11/21/2022,1687,Electronics,East,4,223.12,0.27,Wallet,4,4.3,651.51
10628,11/17/2022,1508,Toys,Central,8,482.06,0.31,Card,1,1.5,2660.97
10629,09/20/2022,1544,Health,West,2,484.93,0.08,Card,11,1.9,892.27
10630,01/18/2023,1052,Beauty,Central,5,332.08,0.21,COD,9,2.4,1311.72
10631,08/15/2022,1970,Clothing,West,6,17.71,0.15,Wallet,10,3.9,90.32
10632,04/30/2023,1122,Health,Central,10,22.75,0.21,Wallet,7,1.7,179.72
10633,01/24/2023,1996,Health,East,5,499.19,0.2,Card,3,4.7,1996.76
10634,06/28/2022,1388,Beauty,East,10,136.64,0.27,Card,8,2.5,997.47
10635,11/21/2022,1857,Health,North,8,544.38,0.35,COD,10,1.3,2830.78
10636,09/22/2022,1202,Electronics,West,5,504.3,0.08,COD,4,4.6,2319.78
10637,05/29/2022,1649,Toys,East,10,477.33,0.29,COD,4,2.8,3389.04
10638,06/22/2022,1710,Toys,Central,6,81.8,0.04,COD,8,3.9,471.17
10639,12/13/2022,1602,Beauty,South,1,572.68,0.03,COD,12,1.1,555.5
10640,01/16/2023,1255,Toys,South,6,343.06,0.08,COD,5,2.6,1893.69
10641,10/25/2022,1350,Beauty,Central,3,137.01,0.31,Card,7,2.3,283.61
10642,10/01/2022,1914,Electronics,West,6,27.48,0.11,Card,9,4.5,146.74
10643,10/03/2022,1592,Electronics,East,10,312.95,0.05,Wallet,1,2.7,2973.02
10644,09/07/2022,1723,Toys,South,8,467.96,0.04,Card,5,1.4,3593.93
10645,01/03/2023,1803,Clothing,Central,9,127.54,0.08,Wallet,12,3.6,1056.03
10646,12/10/2022,1503,Clothing,South,7,165.18,0.11,Card,8,4.0,1029.07
10647,11/18/2022,1573,Health,North,10,418.7,0.21,COD,8,1.7,3307.73
10648,04/13/2023,1303,Toys,West,6,586.23,0.28,Card,12,5.0,2532.51
10649,02/06/2023,1989,Home,Central,10,427.07,0.19,Wallet,6,1.2,3459.27
10650,07/07/2022,1364,Home,South,5,53.76,0.29,Card,11,3.2,190.85
10651,07/06/2022,1883,Electronics,North,9,549.84,0.18,Wallet,2,1.2,4057.82
10652,09/04/2022,1424,Home,North,6,438.64,0.04,Wallet,5,3.8,2526.57
10653,04/12/2022,1404,Beauty,South,9,454.21,0.29,Wallet,1,4.0,2902.4
10654,07/31/2022,1168,Beauty,West,9,134.41,0.05,Card,2,3.1,1149.21
10655,06/24/2022,1267,Clothing,East,6,596.6,0.25,Wallet,7,2.2,2684.7
10656,04/03/2023,1452,Toys,West,9,45.37,0.23,Card,9,2.9,314.41
10657,10/06/2022,1855,Electronics,North,7,195.04,0.31,Wallet,5,3.8,942.04
10658,07/22/2022,1238,Beauty,North,5,218.88,0.07,COD,10,3.1,1017.79
10659,09/21/2022,1144,Clothing,West,3,562.16,0.04,Card,7,4.9,1619.02
10660,01/01/2022,1498,Toys,South,5,322.0,0.26,Wallet,1,2.5,1191.4
10661,03/08/2023,1511,Home,Central,10,25.01,0.32,Card,10,4.5,170.07
10662,07/06/2022,1839,Health,East,8,192.04,0.24,COD,3,1.8,1167.6
10663,02/01/2023,1161,Toys,North,2,177.18,0.19,Wallet,9,2.3,287.03
10664,08/06/2022,1936,Health,West,3,41.84,0.04,COD,6,3.1,120.5
10665,05/03/2022,1450,Home,North,4,479.35,0.22,Wallet,6,3.4,1495.57
10666,02/08/2023,1313,Electronics,North,10,541.95,0.26,Card,12,1.5,4010.43
10667,12/03/2022,1931,Health,Central,2,339.91,0.07,COD,9,3.0,632.23
10668,08/09/2022,1802,Beauty,South,8,429.82,0.33,Card,6,1.1,2303.84
10669,03/11/2023,1297,Toys,North,5,493.63,0.06,Wallet,7,1.0,2320.06
10670,02/05/2023,1094,Clothing,North,6,289.36,0.1,COD,6,3.1,1562.54
10671,02/22/2022,1962,Electronics,West,9,377.09,0.32,Card,12,3.1,2307.79
10672,11/15/2022,1596,Health,Central,7,118.09,0.15,Card,4,2.7,702.64
10673,03/08/2023,1690,Health,East,1,578.12,0.32,Wallet,8,1.8,393.12
10674,01/24/2023,1905,Beauty,North,9,250.16,0.32,Card,7,2.7,1530.98
10675,01/18/2023,1791,Clothing,South,5,208.83,0.16,Card,5,3.6,877.09
10676,01/20/2023,1132,Health,Central,10,443.77,0.2,COD,6,1.6,3550.16
10677,10/01/2022,1625,Toys,East,7,212.34,0.14,Card,7,3.2,1278.29
10678,01/01/2022,1509,Toys,East,10,357.97,0.15,COD,12,3.2,3042.75
10679,05/24/2022,1968,Health,Central,5,439.04,0.02,Wallet,1,4.2,2151.3
10680,07/04/2022,1034,Home,East,5,48.56,0.31,Wallet,8,4.0,167.53
10681,12/01/2022,1258,Clothing,North,2,473.05,0.26,COD,6,1.2,700.11
10682,02/17/2022,1870,Health,South,10,75.57,0.02,Card,5,2.4,740.59
10683,10/30/2022,1853,Home,West,10,502.4,0.31,Card,4,2.6,3466.56
10684,01/06/2023,1683,Home,West,7,167.53,0.25,COD,11,1.5,879.53
10685,05/31/2022,1160,Beauty,East,3,478.98,0.27,Card,8,3.6,1048.97
10686,04/01/2022,1538,Health,North,10,190.78,0.33,Card,9,3.1,1278.23
10687,11/04/2022,1381,Clothing,Central,5,404.08,0.25,Wallet,4,4.1,1515.3
10688,10/16/2022,1011,Clothing,Central,3,457.0,0.26,COD,1,3.2,1014.54
10689,01/09/2023,1241,Clothing,North,1,550.62,0.23,Wallet,2,2.8,423.98
10690,05/22/2022,1479,Home,East,2,551.02,0.14,Card,5,1.5,947.75
10691,11/28/2022,1326,Clothing,Central,4,572.06,0.13,Card,6,4.5,1990.77
10692,01/19/2022,1196,Home,South,6,10.59,0.3,Wallet,9,2.8,44.48
10693,01/22/2023,1239,Electronics,Central,4,334.34,0.24,COD,11,4.5,1016.39
10694,02/10/2022,1038,Electronics,Central,10,509.26,0.26,Card,1,2.9,3768.52
10695,01/20/2023,1321,Health,South,1,322.55,0.03,COD,3,3.4,312.87
10696,03/24/2022,1878,Electronics,North,1,543.58,0.11,Wallet,7,2.0,483.79
10697,11/07/2022,1878,Clothing,West,2,408.99,0.04,Wallet,2,4.1,785.26
10698,05/29/2022,1051,Electronics,West,8,231.29,0.03,Card,4,3.7,1794.81
10699,12/31/2022,1609,Clothing,North,6,56.06,0.24,Card,10,1.8,255.63
10700,11/05/2022,1763,Home,Central,9,314.82,0.16,Card,7,4.5,2380.04
10701,11/25/2022,1031,Beauty,East,2,60.31,0.06,Card,12,2.0,113.38
10702,04/30/2023,1654,Home,West,3,419.49,0.32,COD,1,3.1,855.76
10703,01/09/2022,1143,Health,North,2,185.05,0.01,Wallet,10,1.2,366.4
10704,11/14/2022,1164,Clothing,East,9,109.37,0.28,Wallet,7,3.8,708.72
10705,02/02/2023,1867,Health,East,7,67.57,0.09,Card,2,1.7,430.42
10706,06/15/2022,1783,Toys,Central,10,194.1,0.08,Card,2,1.4,1785.72
10707,05/08/2023,1143,Beauty,South,3,113.64,0.31,COD,6,3.3,235.23
10708,01/16/2023,1147,Electronics,West,9,378.48,0.25,Card,11,3.8,2554.74
10709,02/24/2022,1568,Electronics,North,1,197.56,0.17,Card,3,1.6,163.97
10710,10/29/2022,1572,Electronics,South,4,526.75,0.26,Card,3,4.4,1559.18
10711,03/22/2022,1583,Health,North,1,198.07,0.09,Card,2,3.0,180.24
10712,01/10/2023,1663,Beauty,North,5,13.49,0.01,Card,10,3.7,66.78
10713,02/23/2023,1048,Toys,West,4,428.55,0.13,COD,12,1.6,1491.35
10714,04/25/2022,1326,Beauty,East,6,150.09,0.35,Wallet,6,2.6,585.35
10715,06/09/2022,1626,Health,West,5,195.3,0.12,COD,8,4.9,859.32
10716,12/26/2022,1195,Toys,West,10,172.52,0.27,Card,4,4.4,1259.4
10717,09/29/2022,1354,Health,Central,2,64.54,0.2,Wallet,4,4.1,103.26
10718,08/13/2022,1986,Electronics,Central,1,260.14,0.31,COD,12,2.8,179.5
10719,03/31/2023,1189,Health,South,2,126.47,0.21,Card,1,1.8,199.82
10720,06/14/2022,1793,Beauty,Central,8,11.84,0.13,Card,8,2.1,82.41
10721,12/20/2022,1025,Electronics,South,7,200.06,0.21,Wallet,7,3.8,1106.33
10722,09/23/2022,1742,Electronics,South,9,527.94,0.18,Wallet,7,1.5,3896.2
10723,01/30/2023,1649,Toys,North,4,589.29,0.23,COD,4,3.3,1815.01
10724,06/12/2022,1430,Electronics,West,1,274.76,0.13,Card,10,2.6,239.04
10725,04/23/2022,1480,Home,West,8,62.74,0.12,Card,10,3.7,441.69
10726,11/09/2022,1357,Toys,South,6,164.32,0.12,Card,4,2.3,867.61
10727,10/21/2022,1757,Electronics,West,7,332.4,0.28,Wallet,12,3.1,1675.3
10728,04/14/2022,1151,Clothing,Central,10,591.34,0.35,COD,10,2.0,3843.71
10729,10/30/2022,1948,Health,North,1,564.31,0.16,Wallet,12,3.3,474.02
10730,09/20/2022,1242,Beauty,Central,8,208.12,0.12,COD,3,1.7,1465.16
10731,04/27/2022,1399,Toys,East,10,230.96,0.35,Wallet,2,4.2,1501.24
10732,01/27/2023,1184,Clothing,North,3,571.62,0.05,COD,11,2.2,1629.12
10733,12/25/2022,1504,Health,South,3,276.23,0.22,Card,7,2.5,646.38
10734,02/05/2022,1045,Beauty,Central,5,76.99,0.28,Card,8,2.7,277.16
10735,11/19/2022,1397,Beauty,North,3,407.97,0.16,COD,6,4.5,1028.08
10736,05/10/2022,1932,Electronics,Central,4,571.26,0.22,COD,5,3.1,1782.33
10737,11/22/2022,1134,Clothing,Central,6,263.39,0.27,COD,5,1.9,1153.65
10738,03/16/2022,1266,Beauty,North,9,141.85,0.07,COD,10,1.0,1187.28
10739,08/27/2022,1849,Health,North,3,132.55,0.32,COD,4,2.4,270.4
10740,01/29/2023,1384,Toys,West,7,234.94,0.06,Wallet,9,5.0,1545.91
10741,07/20/2022,1203,Clothing,West,8,362.32,0.01,COD,6,1.0,2869.57
10742,04/27/2022,1119,Toys,West,2,325.89,0.13,COD,12,3.8,567.05
10743,02/12/2022,1584,Electronics,East,5,34.07,0.24,Card,11,3.3,129.47
10744,03/13/2023,1452,Toys,South,5,81.8,0.08,Wallet,9,3.4,376.28
10745,05/12/2022,1528,Beauty,South,9,492.75,0.19,Card,3,2.4,3592.15
10746,11/26/2022,1416,Electronics,West,6,208.68,0.33,Wallet,12,5.0,838.89
10747,12/22/2022,1879,Home,South,10,479.72,0.32,COD,5,2.6,3262.1
10748,02/19/2023,1878,Clothing,North,3,25.5,0.14,COD,4,1.7,65.79
10749,08/29/2022,1391,Clothing,Central,7,172.04,0.1,COD,2,3.0,1083.85
10750,07/04/2022,1842,Toys,South,10,492.09,0.14,COD,6,2.9,4231.97
10751,05/14/2022,1459,Clothing,East,4,42.28,0.15,COD,7,1.4,143.75
10752,05/02/2023,1649,Electronics,South,8,366.01,0.32,COD,2,3.2,1991.09
10753,08/09/2022,1797,Health,South,4,355.26,0.04,Card,9,3.9,1364.2
10754,05/03/2022,1562,Clothing,West,1,321.11,0.18,COD,2,2.7,263.31
10755,10/31/2022,1535,Toys,Central,5,536.03,0.25,Wallet,8,1.0,2010.11
10756,03/16/2022,1527,Beauty,Central,10,396.3,0.31,Wallet,9,3.4,2734.47
10757,05/03/2022,1247,Home,Central,10,20.73,0.03,COD,1,3.5,201.08
10758,11/01/2022,1273,Health,East,7,110.22,0.06,COD,1,3.8,725.25
10759,02/24/2022,1967,Beauty,East,6,344.33,0.23,Card,3,1.6,1590.8
10760,12/18/2022,1292,Home,South,1,552.14,0.23,Card,11,2.8,425.15
10761,02/09/2022,1575,Beauty,East,5,500.74,0.2,COD,12,2.7,2002.96
10762,03/16/2022,1354,Clothing,West,8,496.29,0.25,Wallet,12,1.0,2977.74
10763,01/02/2022,1465,Toys,West,6,424.84,0.04,Card,8,2.5,2447.08
10764,10/17/2022,1642,Home,West,7,149.55,0.21,Card,2,1.4,827.01
10765,04/19/2022,1138,Clothing,South,1,376.43,0.01,Card,2,1.0,372.67
10766,01/01/2022,1322,Health,North,5,104.65,0.06,COD,9,4.9,491.85
10767,07/10/2022,1154,Toys,East,10,38.04,0.33,Card,11,2.0,254.87
10768,02/21/2022,1101,Clothing,North,8,100.74,0.3,Card,4,1.6,564.14
10769,01/23/2022,1552,Toys,South,3,47.77,0.34,Wallet,7,1.5,94.58
10770,02/01/2023,1570,Electronics,North,5,50.27,0.06,COD,5,4.4,236.27
10771,08/08/2022,1264,Home,West,9,257.59,0.1,Card,9,3.1,2086.48
10772,03/29/2022,1063,Electronics,North,3,26.84,0.1,Card,3,2.2,72.47
10773,02/11/2022,1032,Health,North,9,505.47,0.11,COD,6,2.1,4048.81
10774,07/09/2022,1819,Home,North,1,33.1,0.33,Card,12,2.0,22.18
10775,08/07/2022,1671,Toys,East,9,342.64,0.33,Wallet,12,3.8,2066.12
10776,11/26/2022,1166,Home,East,10,147.68,0.16,Wallet,11,3.2,1240.51
10777,11/06/2022,1066,Electronics,North,7,89.65,0.19,Card,9,3.3,508.32
10778,05/27/2022,1951,Toys,North,7,108.5,0.09,Wallet,12,3.1,691.14
10779,09/06/2022,1134,Home,North,10,180.04,0.33,Wallet,12,3.7,1206.27
10780,06/07/2022,1885,Health,Central,6,25.05,0.05,COD,7,2.3,142.78
10781,06/22/2022,1763,Beauty,East,6,92.43,0.16,Card,3,4.5,465.85
10782,02/21/2023,1491,Beauty,Central,7,181.72,0.1,COD,8,1.3,1144.84
10783,03/16/2023,1150,Health,Central,5,155.63,0.06,COD,11,4.1,731.46
10784,08/19/2022,1953,Home,East,6,492.68,0.22,Wallet,2,2.1,2305.74
10785,07/23/2022,1572,Toys,South,10,309.67,0.07,Card,4,4.9,2879.93
10786,04/11/2023,1198,Clothing,South,9,356.39,0.09,Wallet,10,2.7,2918.83
10787,01/05/2023,1708,Clothing,Central,10,373.17,0.23,Card,10,4.8,2873.41
10788,05/01/2022,1352,Home,West,10,192.95,0.06,COD,7,2.6,1813.73
10789,04/27/2022,1540,Toys,Central,3,376.27,0.12,Wallet,6,1.9,993.35
10790,11/02/2022,1233,Clothing,West,1,342.99,0.26,Card,4,4.9,253.81
10791,08/01/2022,1019,Health,West,7,65.02,0.1,COD,7,1.8,409.63
10792,01/02/2023,1327,Clothing,East,5,438.42,0.02,Wallet,9,4.2,2148.26
10793,12/27/2022,1766,Clothing,East,3,569.67,0.27,Wallet,5,3.6,1247.58
10794,03/11/2023,1681,Beauty,Central,2,114.84,0.15,Card,11,4.0,195.23
10795,05/23/2022,1850,Health,North,7,484.55,0.05,Card,2,1.3,3222.26
10796,05/31/2022,1278,Home,West,10,100.42,0.32,Wallet,11,1.3,682.86
10797,05/13/2023,1256,Home,North,7,496.89,0.34,Card,9,2.4,2295.63
10798,05/28/2022,1357,Clothing,South,8,219.23,0.14,Card,5,3.4,1508.3
10799,11/06/2022,1703,Toys,West,3,476.49,0.06,Card,5,3.4,1343.7
10800,03/05/2022,1105,Home,East,1,456.14,0.02,Wallet,3,2.9,447.02
10801,11/18/2022,1346,Clothing,West,8,473.04,0.11,Wallet,10,1.7,3368.04
10802,07/12/2022,1063,Beauty,East,4,296.68,0.23,Card,6,3.0,913.77
10803,01/23/2023,1434,Toys,Central,1,282.5,0.14,Wallet,6,1.1,242.95
10804,03/18/2023,1915,Beauty,North,6,360.51,0.09,COD,7,2.3,1968.38
10805,04/10/2023,1203,Clothing,East,3,586.56,0.28,COD,10,2.7,1266.97
10806,01/18/2022,1868,Electronics,South,4,116.11,0.12,Wallet,10,3.3,408.71
10807,03/24/2023,1518,Beauty,East,4,205.62,0.17,Card,2,2.1,682.66
10808,03/31/2022,1452,Beauty,North,7,539.23,0.11,Wallet,2,1.9,3359.4
10809,02/15/2022,1448,Beauty,South,8,538.62,0.26,Wallet,11,2.0,3188.63
10810,05/08/2022,1747,Beauty,West,8,151.68,0.28,Card,11,2.1,873.68
10811,12/28/2022,1055,Home,South,6,559.5,0.34,COD,2,4.3,2215.62
10812,07/24/2022,1272,Toys,East,5,376.59,0.21,Card,11,2.9,1487.53
10813,11/08/2022,1138,Toys,South,3,132.16,0.26,Card,2,1.9,293.4
10814,02/28/2022,1660,Home,East,6,263.52,0.25,COD,3,2.8,1185.84
10815,12/24/2022,1246,Health,East,7,404.17,0.24,Card,6,3.1,2150.18
10816,02/24/2022,1091,Health,West,10,349.36,0.28,COD,5,1.9,2515.39
10817,12/20/2022,1619,Health,South,1,293.65,0.31,COD,2,4.8,202.62
10818,06/07/2022,1029,Clothing,West,1,468.19,0.12,Wallet,6,2.3,412.01
10819,02/25/2023,1233,Toys,Central,2,437.88,0.29,Wallet,8,4.2,621.79
10820,01/15/2022,1901,Health,South,9,101.71,0.15,Wallet,7,3.5,778.08
10821,05/27/2022,1592,Beauty,East,6,337.48,0.27,Card,3,4.9,1478.16
10822,09/28/2022,1874,Beauty,West,10,281.19,0.25,Card,10,1.3,2108.93
10823,05/08/2022,1866,Toys,North,6,291.57,0.18,Card,3,2.6,1434.52
10824,04/09/2023,1722,Toys,North,4,269.87,0.23,Card,7,2.1,831.2
10825,02/20/2022,1735,Health,North,1,90.89,0.02,Wallet,11,3.7,89.07
10826,08/04/2022,1236,Toys,South,7,569.32,0.22,Card,5,3.5,3108.49
10827,01/01/2023,1925,Home,Central,2,228.35,0.25,COD,5,4.6,342.52
10828,06/22/2022,1373,Home,East,5,418.98,0.18,COD,9,3.9,1717.82
10829,02/01/2023,1517,Clothing,West,2,539.32,0.08,Card,10,4.2,992.35
10830,08/23/2022,1037,Beauty,East,2,593.61,0.27,Card,4,4.7,866.67
10831,07/13/2022,1995,Beauty,West,5,91.26,0.25,COD,2,5.0,342.23
10832,06/11/2022,1414,Electronics,South,9,283.15,0.08,Card,1,2.2,2344.48
10833,09/15/2022,1410,Beauty,West,6,347.31,0.11,Card,12,1.0,1854.64
10834,02/06/2022,1693,Health,South,8,512.45,0.04,Wallet,12,1.4,3935.62
10835,03/10/2022,1784,Electronics,East,7,24.39,0.24,COD,7,1.2,129.75
10836,03/18/2022,1280,Electronics,South,5,495.43,0.06,Card,5,4.9,2328.52
10837,10/22/2022,1899,Toys,West,2,194.68,0.3,COD,12,2.2,272.55
10838,07/22/2022,1405,Home,Central,9,524.37,0.15,COD,7,1.0,4011.43
10839,01/21/2022,1070,Electronics,North,2,451.76,0.13,COD,11,4.1,786.06
10840,01/22/2023,1503,Health,West,7,549.55,0.04,COD,8,4.0,3692.98
10841,10/10/2022,1299,Beauty,South,10,514.01,0.04,Card,3,3.9,4934.5
10842,05/30/2022,1800,Beauty,South,7,32.55,0.18,COD,2,2.5,186.84
10843,01/27/2022,1141,Health,West,8,51.7,0.04,Card,5,1.2,397.06
10844,03/04/2022,1381,Toys,North,8,400.7,0.23,Wallet,5,4.0,2468.31
10845,03/22/2022,1904,Toys,East,1,86.39,0.04,Card,4,3.0,82.93
10846,03/06/2023,1074,Electronics,North,4,473.03,0.32,Wallet,12,4.3,1286.64
10847,05/24/2022,1965,Toys,North,4,47.13,0.2,COD,1,1.8,150.82
10848,04/14/2022,1343,Home,East,5,360.46,0.18,Card,9,2.6,1477.89
10849,09/29/2022,1013,Health,East,8,403.04,0.35,COD,1,2.1,2095.81
10850,06/18/2022,1736,Home,North,10,304.39,0.2,Card,7,1.9,2435.12
10851,01/27/2023,1464,Electronics,North,10,332.9,0.11,Wallet,11,2.0,2962.81
10852,09/14/2022,1335,Toys,Central,10,188.47,0.13,Card,8,4.2,1639.69
10853,03/07/2023,1252,Electronics,North,5,430.64,0.14,COD,3,3.3,1851.75
10854,04/03/2022,1726,Home,Central,8,391.21,0.14,Card,1,1.3,2691.52
10855,03/04/2023,1380,Clothing,East,10,429.28,0.16,Wallet,12,2.1,3605.95
10856,11/18/2022,1636,Electronics,East,8,511.82,0.2,COD,8,3.5,3275.65
10857,05/08/2023,1807,Clothing,West,6,216.13,0.29,Wallet,2,3.2,920.71
10858,12/02/2022,1630,Beauty,North,1,255.13,0.09,COD,7,3.4,232.17
10859,03/29/2023,1775,Home,North,1,263.83,0.08,Card,5,2.4,242.72
10860,12/28/2022,1931,Health,North,4,52.29,0.16,COD,11,1.3,175.69
10861,05/19/2022,1278,Electronics,Central,3,559.9,0.27,COD,2,2.3,1226.18
10862,01/01/2023,1241,Electronics,West,9,184.15,0.03,Wallet,4,1.7,1607.63
10863,12/07/2022,1184,Beauty,West,2,369.31,0.26,Card,5,2.8,546.58
10864,07/10/2022,1288,Toys,North,7,155.78,0.17,Card,7,2.0,905.08
10865,02/20/2023,1020,Health,East,9,583.89,0.07,COD,2,2.7,4887.16
10866,09/28/2022,1859,Beauty,North,7,499.5,0.11,COD,6,4.4,3111.89
10867,01/09/2022,1795,Toys,Central,2,337.74,0.04,Card,9,3.2,648.46
10868,05/15/2022,1465,Toys,North,5,218.6,0.21,COD,8,1.0,863.47
10869,09/24/2022,1491,Health,Central,2,257.44,0.25,COD,3,1.3,386.16
10870,02/05/2022,1690,Beauty,North,3,105.02,0.1,Wallet,3,3.7,283.55
10871,04/21/2023,1797,Health,North,1,215.27,0.26,COD,12,4.0,159.3
10872,01/29/2023,1624,Beauty,North,6,156.14,0.12,COD,2,1.3,824.42
10873,06/09/2022,1236,Home,Central,1,294.33,0.25,Card,3,1.3,220.75
10874,02/15/2023,1063,Clothing,Central,1,551.5,0.22,Card,12,2.5,430.17
10875,05/13/2022,1959,Toys,East,10,253.56,0.11,Wallet,4,2.5,2256.68
10876,01/20/2023,1251,Clothing,Central,3,582.73,0.21,Card,10,2.3,1381.07
10877,07/23/2022,1758,Health,North,5,281.87,0.25,COD,4,3.5,1057.01
10878,02/19/2022,1111,Clothing,East,8,302.19,0.2,Wallet,8,3.7,1934.02
10879,01/26/2023,1472,Toys,Central,2,164.78,0.18,COD,5,2.3,270.24
10880,12/26/2022,1049,Home,West,10,263.13,0.16,Wallet,8,2.9,2210.29
10881,08/04/2022,1897,Clothing,North,8,474.33,0.09,Card,9,3.9,3453.12
10882,10/29/2022,1647,Electronics,North,4,491.21,0.35,COD,5,4.6,1277.15
10883,01/22/2023,1691,Beauty,North,10,113.41,0.22,COD,12,5.0,884.6
10884,08/10/2022,1321,Beauty,West,10,424.16,0.25,COD,1,4.7,3181.2
10885,07/26/2022,1292,Toys,North,1,83.69,0.14,COD,3,4.3,71.97
10886,07/10/2022,1440,Toys,West,6,515.97,0.2,Card,7,3.9,2476.66
10887,02/04/2023,1976,Clothing,Central,6,94.18,0.15,COD,12,4.6,480.32
10888,08/29/2022,1811,Health,North,5,43.35,0.23,Card,10,4.3,166.9
10889,03/14/2023,1266,Clothing,South,3,177.44,0.35,COD,10,2.4,346.01
10890,06/16/2022,1632,Home,West,2,145.15,0.06,Card,6,2.1,272.88
10891,09/17/2022,1829,Home,Central,6,382.43,0.22,COD,7,4.4,1789.77
10892,03/02/2022,1933,Beauty,East,6,479.8,0.11,COD,8,3.3,2562.13
10893,09/04/2022,1986,Health,Central,10,572.98,0.18,COD,11,3.2,4698.44
10894,10/26/2022,1057,Beauty,Central,8,417.43,0.18,Card,1,2.5,2738.34
10895,02/11/2022,1815,Beauty,West,6,374.17,0.16,Card,1,1.5,1885.82
10896,02/10/2023,1887,Electronics,South,1,303.88,0.05,Wallet,4,2.3,288.69
10897,08/13/2022,1911,Health,West,5,371.71,0.29,Card,6,4.2,1319.57
10898,04/25/2023,1106,Toys,North,5,502.67,0.25,Wallet,11,1.2,1885.01
10899,02/19/2023,1163,Health,East,8,571.05,0.28,Card,6,4.8,3289.25
10900,07/13/2022,1697,Clothing,Central,7,202.55,0.17,COD,4,1.7,1176.82
10901,11/19/2022,1315,Health,South,4,398.19,0.03,Card,10,4.2,1544.98
10902,10/06/2022,1297,Toys,West,7,316.74,0.1,Wallet,10,4.2,1995.46
10903,05/12/2023,1751,Clothing,North,6,129.45,0.23,Card,1,1.3,598.06
10904,01/18/2023,1928,Home,North,5,249.03,0.27,Wallet,3,2.3,908.96
10905,01/18/2023,1918,Electronics,West,4,116.71,0.05,COD,6,2.5,443.5
10906,12/22/2022,1618,Electronics,South,7,302.52,0.09,COD,4,4.2,1927.05
10907,04/18/2023,1069,Health,South,2,587.34,0.08,Wallet,1,1.4,1080.71
10908,03/28/2022,1058,Electronics,South,3,302.3,0.1,Card,2,3.3,816.21
10909,09/26/2022,1901,Home,West,8,157.14,0.35,Wallet,1,3.2,817.13
10910,05/07/2022,1400,Electronics,East,10,94.68,0.34,Card,7,2.7,624.89
10911,12/07/2022,1045,Home,West,1,410.22,0.09,Card,8,3.6,373.3
10912,01/04/2023,1282,Electronics,West,1,281.79,0.29,COD,11,2.7,200.07
10913,04/05/2022,1051,Health,South,9,18.58,0.13,Card,1,2.2,145.48
10914,12/27/2022,1059,Toys,North,2,342.17,0.27,COD,3,3.9,499.57
10915,05/03/2022,1147,Toys,South,3,439.76,0.04,Card,9,3.7,1266.51
10916,07/08/2022,1235,Clothing,North,4,80.29,0.09,Card,4,1.5,292.26
10917,05/08/2023,1985,Electronics,West,6,532.98,0.18,Card,7,4.1,2622.26
10918,08/02/2022,1262,Home,South,7,485.69,0.12,COD,2,3.7,2991.85
10919,10/28/2022,1188,Health,South,4,291.0,0.33,Card,8,1.4,779.88
10920,03/26/2023,1785,Toys,Central,8,20.22,0.08,Wallet,6,1.2,148.82
10921,02/10/2022,1250,Health,Central,4,324.25,0.34,COD,1,1.6,856.02
10922,07/08/2022,1809,Home,North,4,184.28,0.25,COD,3,3.9,552.84
10923,05/21/2022,1672,Electronics,North,3,356.69,0.21,Wallet,8,3.8,845.36
10924,04/29/2023,1152,Electronics,Central,5,310.94,0.06,COD,9,4.6,1461.42
10925,02/04/2023,1080,Health,East,9,476.72,0.06,Wallet,3,3.5,4033.05
10926,03/07/2023,1192,Beauty,Central,10,132.85,0.29,Card,4,2.5,943.23
10927,01/16/2023,1813,Toys,North,6,269.6,0.23,Card,8,4.5,1245.55
10928,01/08/2022,1263,Electronics,Central,9,12.51,0.04,Card,1,3.5,108.09
10929,11/25/2022,1033,Health,West,8,136.96,0.17,Card,9,3.9,909.41
10930,05/23/2022,1658,Home,Central,5,453.09,0.28,Card,7,1.4,1631.12
10931,06/09/2022,1636,Toys,Central,10,144.68,0.06,Wallet,4,1.4,1359.99
10932,02/20/2022,1669,Beauty,West,10,57.81,0.33,Card,2,2.3,387.33
10933,05/11/2022,1038,Toys,North,10,174.13,0.26,COD,5,4.0,1288.56
10934,08/15/2022,1831,Electronics,West,6,190.5,0.26,COD,1,2.6,845.82
10935,03/05/2022,1359,Clothing,North,8,567.53,0.31,COD,12,1.6,3132.77
10936,04/27/2023,1743,Toys,West,1,241.37,0.23,Card,9,1.4,185.85
10937,08/21/2022,1369,Toys,North,1,173.61,0.34,COD,9,4.8,114.58
10938,09/07/2022,1680,Toys,West,10,70.68,0.21,COD,3,2.8,558.37
10939,12/26/2022,1807,Toys,East,1,96.3,0.11,Card,9,4.4,85.71
10940,11/16/2022,1314,Clothing,East,5,375.63,0.16,Card,7,1.2,1577.65
10941,12/22/2022,1042,Clothing,North,4,523.21,0.29,COD,6,1.1,1485.92
10942,01/02/2022,1367,Toys,Central,9,83.65,0.35,Card,12,4.0,489.35
10943,04/24/2023,1953,Toys,Central,8,408.29,0.27,Wallet,7,2.4,2384.41
10944,03/24/2022,1602,Toys,North,5,512.39,0.07,Card,8,2.9,2382.61
10945,06/23/2022,1310,Toys,East,4,398.93,0.24,Card,9,3.7,1212.75
10946,05/27/2022,1968,Health,East,3,43.94,0.35,Wallet,10,4.5,85.68
10947,03/22/2023,1875,Clothing,East,1,488.44,0.05,COD,6,4.8,464.02
10948,11/19/2022,1523,Home,North,8,245.32,0.19,Card,12,1.9,1589.67
10949,05/27/2022,1729,Toys,Central,4,22.95,0.26,COD,8,2.1,67.93
10950,11/18/2022,1759,Beauty,West,1,543.81,0.08,Card,11,1.9,500.31
10951,02/02/2023,1237,Beauty,South,2,423.15,0.13,Card,2,2.0,736.28
10952,04/17/2022,1915,Electronics,North,10,307.81,0.25,COD,11,2.6,2308.57
10953,12/12/2022,1843,Toys,West,8,168.32,0.16,Wallet,2,3.1,1131.11
10954,03/28/2023,1949,Clothing,North,3,288.72,0.29,Card,10,3.1,614.97
10955,07/02/2022,1843,Home,North,1,516.33,0.13,Wallet,10,4.3,449.21
10956,03/26/2023,1573,Beauty,West,2,269.09,0.12,COD,12,4.8,473.6
10957,03/07/2022,1512,Home,South,2,355.61,0.31,Wallet,8,3.1,490.74
10958,10/02/2022,1294,Electronics,West,3,311.15,0.06,Wallet,1,2.2,877.44
10959,02/22/2022,1814,Home,East,6,24.81,0.04,Wallet,12,1.6,142.91
10960,04/21/2023,1805,Health,South,8,330.59,0.15,Card,5,4.3,2248.01
10961,05/05/2022,1092,Clothing,South,8,564.82,0.31,Card,7,3.0,3117.81
10962,06/27/2022,1144,Electronics,Central,10,339.13,0.32,Wallet,12,1.4,2306.08
10963,11/13/2022,1961,Home,South,6,534.61,0.19,COD,3,2.2,2598.2
10964,12/03/2022,1128,Clothing,West,5,254.72,0.3,COD,8,3.4,891.52
10965,02/02/2023,1068,Health,West,10,12.23,0.31,Wallet,5,1.0,84.39
10966,12/20/2022,1314,Beauty,Central,4,463.9,0.21,COD,6,4.8,1465.92
10967,04/11/2023,1887,Clothing,East,3,292.9,0.03,COD,5,4.9,852.34
10968,08/22/2022,1032,Beauty,Central,9,434.4,0.21,Wallet,7,3.6,3088.58
10969,07/15/2022,1268,Toys,West,2,111.58,0.31,Card,12,1.7,153.98
10970,08/10/2022,1604,Beauty,North,7,277.39,0.1,Card,10,4.5,1747.56
10971,08/13/2022,1010,Electronics,West,8,547.32,0.33,Card,2,1.9,2933.64
10972,12/23/2022,1889,Clothing,West,7,48.19,0.3,Wallet,6,1.3,236.13
10973,01/14/2023,1597,Health,West,7,315.34,0.06,Card,6,4.7,2074.94
10974,04/07/2023,1481,Toys,North,3,422.93,0.07,COD,4,1.1,1179.97
10975,10/17/2022,1490,Toys,South,6,460.21,0.03,Wallet,10,1.1,2678.42
10976,10/16/2022,1851,Clothing,Central,6,576.3,0.14,Card,6,1.8,2973.71
10977,02/03/2022,1428,Health,North,5,329.79,0.16,COD,3,3.2,1385.12
10978,10/02/2022,1364,Clothing,Central,6,427.31,0.29,COD,2,2.6,1820.34
10979,11/29/2022,1617,Clothing,Central,2,312.42,0.09,Card,2,1.1,568.6
10980,06/21/2022,1275,Clothing,West,10,587.17,0.25,Wallet,12,2.9,4403.77
10981,06/09/2022,1038,Health,North,8,458.59,0.04,Card,10,3.6,3521.97
10982,10/17/2022,1396,Health,North,3,298.24,0.13,Card,3,3.3,778.41
10983,04/30/2023,1787,Clothing,Central,2,219.84,0.3,COD,6,2.8,307.78
10984,05/01/2023,1525,Home,Central,6,198.03,0.28,COD,4,2.3,855.49
10985,02/10/2023,1099,Health,South,10,579.52,0.15,Wallet,8,2.3,4925.92
10986,07/02/2022,1115,Toys,North,9,183.37,0.28,Wallet,10,2.8,1188.24
10987,04/27/2023,1948,Home,North,8,407.31,0.04,Wallet,1,2.9,3128.14
10988,03/30/2022,1194,Beauty,East,1,277.48,0.29,Wallet,6,3.0,197.01
10989,08/27/2022,1414,Home,Central,6,45.52,0.07,Wallet,3,2.3,254.0
10990,05/09/2023,1546,Electronics,North,10,234.32,0.06,Wallet,4,1.5,2202.61
10991,02/12/2023,1923,Clothing,North,4,70.47,0.05,Wallet,2,1.7,267.79
10992,01/05/2022,1822,Clothing,Central,3,448.47,0.16,Wallet,7,2.9,1130.14
10993,11/27/2022,1226,Home,North,6,76.74,0.13,COD,2,1.3,400.58
10994,12/14/2022,1375,Health,Central,8,287.95,0.17,Card,11,1.2,1911.99
10995,02/09/2023,1677,Electronics,Central,1,355.38,0.34,Wallet,6,1.8,234.55
10996,03/25/2022,1211,Electronics,South,8,113.11,0.15,Wallet,7,1.2,769.15
10997,01/29/2022,1247,Toys,Central,6,43.1,0.15,Card,1,4.9,219.81
10998,07/29/2022,1308,Health,West,5,75.4,0.25,COD,3,1.8,282.75
10999,02/20/2022,1260,Home,West,3,300.66,0.29,COD,11,1.5,640.41
11000,06/29/2022,1019,Home,South,1,520.89,0.11,Wallet,7,1.9,463.59
11001,12/04/2022,1094,Electronics,East,10,391.07,0.29,COD,8,3.3,2776.6
11002,09/07/2022,1035,Health,South,4,175.7,0.26,COD,10,4.7,520.07
11003,03/05/2022,1348,Health,East,7,352.95,0.13,COD,4,1.9,2149.47
11004,07/17/2022,1145,Electronics,South,2,466.31,0.16,Wallet,5,2.1,783.4
11005,11/06/2022,1455,Beauty,East,1,132.74,0.21,COD,9,1.2,104.86
11006,05/09/2023,1286,Home,East,10,354.28,0.02,Card,12,4.4,3471.94
11007,03/02/2022,1784,Health,West,6,497.11,0.29,COD,9,4.0,2117.69
11008,09/11/2022,1958,Electronics,Central,2,229.91,0.11,Wallet,1,4.2,409.24
11009,05/27/2022,1218,Clothing,Central,7,15.99,0.17,Wallet,9,3.1,92.9
11010,11/10/2022,1765,Beauty,North,2,531.05,0.15,Wallet,12,1.9,902.78
11011,01/17/2023,1279,Clothing,East,6,477.98,0.28,COD,8,2.8,2064.87
11012,09/13/2022,1916,Toys,West,3,378.29,0.24,Card,10,1.1,862.5
11013,02/22/2022,1121,Health,East,8,84.19,0.11,COD,2,1.1,599.43
11014,05/20/2022,1066,Beauty,North,4,115.58,0.3,COD,12,3.8,323.62
11015,05/02/2022,1272,Toys,Central,4,360.31,0.33,Card,8,1.4,965.63
11016,11/27/2022,1115,Home,North,3,54.75,0.15,COD,6,2.1,139.61
11017,06/22/2022,1621,Clothing,East,10,109.33,0.26,COD,2,1.7,809.04
11018,04/12/2023,1131,Electronics,South,1,38.78,0.26,Wallet,7,4.0,28.7
11019,11/12/2022,1013,Clothing,West,1,302.16,0.1,Wallet,12,3.8,271.94
11020,11/04/2022,1524,Toys,North,5,237.07,0.06,Wallet,1,1.1,1114.23
11021,03/20/2023,1952,Electronics,North,9,182.61,0.21,COD,4,3.8,1298.36
11022,03/24/2022,1897,Clothing,North,4,388.51,0.03,Card,8,3.8,1507.42
11023,01/25/2023,1558,Beauty,East,9,467.53,0.16,Card,10,4.7,3534.53
11024,09/06/2022,1820,Health,Central,2,29.36,0.2,Card,8,1.9,46.98
11025,02/28/2023,1999,Beauty,South,8,360.67,0.01,Wallet,4,2.7,2856.51
11026,02/07/2022,1572,Toys,North,9,396.16,0.18,Wallet,3,4.3,2923.66
11027,11/21/2022,1263,Health,North,4,422.57,0.34,Wallet,8,4.2,1115.58
11028,11/06/2022,1364,Clothing,North,4,409.64,0.3,Card,7,2.5,1146.99
11029,03/11/2023,1621,Clothing,South,2,566.18,0.18,Wallet,6,5.0,928.54
11030,02/13/2022,1574,Electronics,East,2,151.63,0.21,COD,5,1.0,239.58
11031,02/27/2023,1400,Toys,West,3,71.77,0.09,Card,6,3.4,195.93
11032,03/30/2023,1944,Home,North,2,216.18,0.11,Wallet,1,3.4,384.8
11033,02/02/2022,1884,Beauty,North,1,136.08,0.12,COD,12,3.4,119.75
11034,04/13/2022,1654,Health,North,1,145.38,0.06,Wallet,8,1.8,136.66
11035,03/26/2023,1332,Home,Central,2,288.56,0.26,COD,7,1.1,427.07
11036,10/06/2022,1219,Health,North,8,38.17,0.31,Wallet,6,2.6,210.7
11037,03/02/2022,1955,Clothing,East,2,84.52,0.09,Card,3,3.5,153.83
11038,03/31/2022,1381,Clothing,West,2,152.97,0.13,COD,6,2.9,266.17
11039,04/06/2023,1227,Electronics,West,3,599.42,0.07,COD,3,3.2,1672.38
11040,08/30/2022,1726,Home,East,5,532.22,0.31,COD,12,3.8,1836.16
11041,05/19/2022,1147,Health,Central,8,246.03,0.28,COD,5,2.2,1417.13
11042,10/15/2022,1997,Clothing,North,8,409.89,0.29,COD,5,2.8,2328.18
11043,04/29/2023,1774,Electronics,South,1,64.96,0.19,Wallet,5,4.3,52.62
11044,12/14/2022,1459,Beauty,Central,10,563.47,0.12,COD,5,4.3,4958.54
11045,05/01/2022,1372,Beauty,North,9,600.0,0.09,Card,6,1.7,4914.0
11046,03/29/2023,1298,Beauty,West,1,493.11,0.06,Card,10,3.0,463.52
11047,12/19/2022,1757,Electronics,South,9,500.96,0.27,Card,5,1.8,3291.31
11048,01/13/2023,1928,Health,North,5,341.92,0.34,Wallet,6,2.4,1128.34
11049,09/03/2022,1699,Clothing,North,8,329.77,0.06,COD,1,1.1,2479.87
11050,01/06/2022,1637,Home,Central,6,323.69,0.23,COD,5,1.7,1495.45
11051,04/16/2022,1078,Electronics,South,7,396.36,0.32,Card,6,4.3,1886.67
11052,04/24/2022,1061,Beauty,West,1,181.32,0.1,Card,10,2.0,163.19
11053,07/04/2022,1275,Beauty,Central,3,427.64,0.33,Card,5,2.4,859.56
11054,12/20/2022,1137,Clothing,North,8,216.85,0.17,COD,9,2.4,1439.88
11055,04/07/2022,1788,Beauty,South,1,269.63,0.27,Wallet,12,2.9,196.83
11056,02/03/2023,1482,Home,West,4,144.85,0.27,COD,1,4.6,422.96
11057,08/20/2022,1767,Beauty,East,7,575.94,0.22,Card,6,4.5,3144.63
11058,02/24/2023,1045,Home,North,3,93.0,0.29,Card,4,4.8,198.09
11059,03/22/2023,1380,Beauty,East,2,209.41,0.25,COD,9,1.4,314.12
11060,06/23/2022,1575,Home,Central,6,84.67,0.16,Card,9,4.6,426.74
11061,12/29/2022,1667,Home,West,7,328.7,0.09,COD,3,1.5,2093.82
11062,07/18/2022,1415,Health,East,9,137.72,0.21,Card,9,3.2,979.19
11063,04/30/2023,1516,Home,West,1,164.92,0.23,Wallet,10,4.0,126.99
11064,06/13/2022,1925,Clothing,West,5,156.23,0.03,Card,7,4.5,757.72
11065,12/17/2022,1630,Health,South,6,186.1,0.33,Card,6,2.8,748.12
11066,03/11/2022,1872,Electronics,East,7,69.7,0.02,COD,1,3.7,478.14
11067,07/08/2022,1216,Clothing,Central,3,151.5,0.18,Wallet,12,3.8,372.69
11068,01/22/2022,1303,Toys,Central,9,516.84,0.21,Wallet,3,3.0,3674.73
11069,02/26/2023,1456,Toys,South,1,574.66,0.27,COD,5,4.2,419.5
11070,01/13/2022,1124,Beauty,West,7,112.76,0.11,Wallet,5,4.8,702.49
11071,01/03/2022,1500,Health,South,2,234.97,0.24,Card,6,4.4,357.15
11072,08/05/2022,1514,Beauty,South,6,114.56,0.11,Wallet,5,4.0,611.75
11073,03/12/2023,1772,Electronics,South,5,250.1,0.1,Wallet,6,4.6,1125.45
11074,02/13/2023,1672,Home,Central,3,309.84,0.18,Wallet,6,1.2,762.21
11075,05/05/2023,1066,Clothing,North,9,225.63,0.19,COD,6,2.3,1644.84
11076,03/08/2022,1825,Beauty,South,6,362.37,0.12,Wallet,7,3.8,1913.31
11077,01/31/2022,1213,Electronics,East,6,358.31,0.08,Wallet,5,3.5,1977.87
11078,05/12/2022,1439,Toys,West,3,477.02,0.23,Card,2,2.8,1101.92
11079,04/20/2022,1074,Electronics,West,4,256.74,0.11,Card,1,1.5,913.99
11080,06/17/2022,1200,Toys,West,8,408.18,0.32,Card,12,1.0,2220.5
11081,03/15/2022,1170,Beauty,Central,6,378.57,0.1,COD,11,4.3,2044.28
11082,04/09/2023,1936,Electronics,West,5,330.39,0.21,Card,6,2.8,1305.04
11083,02/11/2023,1462,Health,Central,4,43.68,0.02,Wallet,11,1.3,171.23
11084,09/28/2022,1123,Beauty,North,10,289.37,0.14,COD,7,1.7,2488.58
11085,08/30/2022,1651,Home,Central,5,225.62,0.18,Card,5,3.7,925.04
11086,09/15/2022,1496,Home,Central,9,122.44,0.2,Card,9,1.2,881.57
11087,03/12/2023,1006,Home,West,7,86.91,0.18,Card,10,1.8,498.86
11088,04/12/2022,1559,Clothing,South,10,389.48,0.12,Card,12,2.8,3427.42
11089,09/12/2022,1203,Health,North,2,580.33,0.19,Wallet,7,1.7,940.13
11090,07/13/2022,1942,Home,Central,4,441.07,0.03,COD,11,2.0,1711.35
11091,06/12/2022,1419,Beauty,Central,9,70.05,0.23,Card,12,1.4,485.45
11092,08/13/2022,1120,Beauty,Central,1,367.45,0.08,Wallet,8,4.7,338.05
11093,03/22/2022,1452,Health,East,2,127.62,0.3,Card,4,4.7,178.67
11094,09/25/2022,1658,Toys,Central,10,168.45,0.15,Wallet,6,2.0,1431.83
11095,04/14/2022,1102,Clothing,West,10,305.83,0.15,Wallet,6,4.2,2599.55
11096,01/12/2022,1753,Home,West,8,350.73,0.17,Wallet,7,4.5,2328.85
11097,09/09/2022,1376,Home,North,4,446.34,0.02,COD,12,1.4,1749.65
11098,08/23/2022,1235,Health,North,8,231.24,0.17,COD,7,4.9,1535.43
11099,07/03/2022,1416,Health,South,2,276.71,0.1,Card,12,1.1,498.08
11100,10/25/2022,1713,Home,West,6,574.56,0.26,Card,7,3.6,2551.05
11101,01/03/2023,1256,Health,South,8,179.22,0.17,Wallet,7,1.1,1190.02
11102,05/08/2022,1449,Health,East,6,145.1,0.22,Wallet,6,2.2,679.07
11103,12/21/2022,1045,Home,Central,2,381.67,0.27,COD,6,3.6,557.24
11104,11/19/2022,1260,Clothing,Central,2,464.38,0.14,Card,8,2.5,798.73
11105,08/25/2022,1507,Home,Central,9,148.75,0.21,Wallet,12,3.4,1057.61
11106,02/22/2023,1345,Home,South,6,282.61,0.22,Card,3,2.6,1322.61
11107,01/28/2022,1833,Home,West,1,60.2,0.23,Card,11,4.4,46.35
11108,01/28/2022,1677,Electronics,North,10,249.78,0.32,Wallet,1,1.6,1698.5
11109,06/27/2022,1164,Home,East,2,183.38,0.13,COD,9,2.6,319.08
11110,08/12/2022,1621,Beauty,North,2,513.03,0.31,Wallet,11,1.4,707.98
11111,01/19/2023,1571,Beauty,Central,3,226.16,0.07,COD,8,4.9,630.99
11112,10/06/2022,1355,Clothing,Central,5,153.89,0.23,Card,4,3.6,592.48
11113,01/29/2022,1948,Electronics,North,5,448.74,0.27,Wallet,7,4.9,1637.9
11114,01/11/2023,1370,Beauty,West,4,258.11,0.27,COD,7,2.4,753.68
11115,11/10/2022,1942,Health,Central,3,305.23,0.33,Card,12,1.4,613.51
11116,05/07/2022,1205,Electronics,East,4,579.07,0.03,Wallet,1,4.1,2246.79
11117,01/07/2023,1370,Beauty,East,10,452.26,0.27,Card,11,2.5,3301.5
11118,11/10/2022,1670,Home,West,1,226.09,0.26,Wallet,4,4.1,167.31
11119,03/19/2023,1871,Beauty,West,3,401.74,0.08,COD,3,2.3,1108.8
11120,07/30/2022,1336,Toys,South,8,459.3,0.17,COD,2,2.5,3049.75
11121,11/24/2022,1660,Clothing,East,3,583.41,0.03,Wallet,5,2.5,1697.72
11122,11/10/2022,1330,Health,South,6,509.05,0.27,Card,6,4.1,2229.64
11123,02/15/2023,1408,Clothing,Central,2,158.81,0.14,Wallet,6,1.5,273.15
11124,08/21/2022,1191,Home,Central,7,354.76,0.25,Wallet,11,2.3,1862.49
11125,10/23/2022,1161,Home,West,3,203.94,0.31,COD,5,1.8,422.16
11126,05/18/2022,1092,Beauty,West,1,56.14,0.28,COD,2,1.2,40.42
11127,01/28/2022,1896,Health,South,3,91.25,0.08,COD,5,2.0,251.85
11128,04/23/2023,1843,Clothing,South,5,249.56,0.04,Card,7,3.6,1197.89
11129,07/15/2022,1200,Clothing,East,8,597.3,0.04,Wallet,3,1.3,4587.26
11130,04/12/2022,1957,Health,South,3,525.53,0.27,COD,4,4.7,1150.91
11131,10/08/2022,1801,Beauty,Central,8,350.05,0.03,Wallet,11,1.7,2716.39
11132,01/08/2023,1517,Electronics,West,8,311.69,0.14,Wallet,10,1.7,2144.43
11133,05/10/2023,1211,Beauty,North,7,17.72,0.05,Wallet,9,3.1,117.84
11134,04/15/2022,1998,Home,Central,1,17.56,0.25,COD,6,1.6,13.17
11135,03/07/2023,1010,Beauty,West,10,288.65,0.22,Wallet,10,3.7,2251.47
11136,02/24/2023,1849,Toys,North,2,109.41,0.12,COD,4,3.8,192.56
11137,09/08/2022,1065,Clothing,South,2,14.92,0.05,Card,9,1.4,28.35
11138,06/21/2022,1013,Toys,East,6,217.88,0.22,Card,4,2.2,1019.68
11139,04/09/2022,1300,Beauty,West,8,381.07,0.33,Wallet,9,2.2,2042.54
11140,11/21/2022,1837,Home,South,4,523.04,0.3,Wallet,12,4.6,1464.51
11141,06/23/2022,1255,Toys,West,8,336.72,0.21,Wallet,7,1.2,2128.07
11142,11/14/2022,1900,Beauty,Central,7,524.08,0.03,Wallet,11,3.7,3558.5
11143,09/20/2022,1769,Beauty,East,1,307.2,0.11,Wallet,12,1.6,273.41
11144,03/29/2023,1843,Home,East,4,479.62,0.12,COD,11,4.3,1688.26
11145,01/07/2022,1274,Toys,Central,1,328.83,0.13,COD,11,2.6,286.08
11146,02/12/2022,1881,Beauty,East,6,17.32,0.2,Wallet,10,4.5,83.14
11147,01/27/2022,1833,Clothing,Central,4,283.51,0.03,COD,12,2.3,1100.02
11148,04/06/2022,1347,Home,North,2,181.24,0.28,Card,2,3.9,260.99
11149,10/05/2022,1005,Home,North,8,53.94,0.25,Wallet,12,2.1,323.64
11150,07/12/2022,1138,Home,East,10,315.77,0.28,Card,1,1.9,2273.54
11151,02/12/2022,1674,Home,Central,2,96.54,0.01,COD,3,2.9,191.15
11152,11/20/2022,1628,Clothing,South,2,277.69,0.06,Card,6,4.1,522.06
11153,02/17/2023,1476,Health,South,6,515.83,0.3,Wallet,11,1.1,2166.49
11154,02/11/2022,1292,Health,North,5,301.6,0.23,COD,4,1.1,1161.16
11155,03/24/2022,1702,Toys,North,10,268.1,0.08,Card,6,1.8,2466.52
11156,03/02/2022,1018,Clothing,Central,2,577.38,0.2,COD,3,1.4,923.81
11157,07/25/2022,1343,Health,Central,1,156.54,0.29,COD,1,3.8,111.14
11158,07/31/2022,1703,Toys,West,1,449.24,0.13,Wallet,6,4.9,390.84
11159,02/26/2022,1589,Home,North,1,29.35,0.23,COD,10,2.0,22.6
11160,03/13/2023,1283,Electronics,West,3,295.71,0.15,Wallet,3,3.7,754.06
11161,07/24/2022,1219,Clothing,South,9,401.28,0.17,COD,12,2.7,2997.56
11162,07/10/2022,1307,Health,Central,8,284.15,0.28,Card,4,1.8,1636.7
11163,03/20/2023,1906,Health,Central,7,183.2,0.35,COD,8,2.5,833.56
11164,07/21/2022,1308,Toys,East,6,70.13,0.18,Card,10,4.9,345.04
11165,03/14/2022,1337,Electronics,South,3,164.9,0.06,Wallet,11,2.1,465.02
11166,11/03/2022,1312,Beauty,North,3,63.75,0.09,COD,7,2.6,174.04
11167,01/24/2022,1063,Toys,Central,5,254.63,0.33,Wallet,3,3.1,853.01
11168,04/24/2022,1088,Beauty,South,8,260.5,0.2,Wallet,7,4.4,1667.2
11169,05/29/2022,1451,Electronics,South,5,404.3,0.05,COD,11,2.5,1920.42
11170,03/31/2022,1313,Clothing,Central,5,303.86,0.28,Card,3,3.7,1093.9
11171,07/17/2022,1311,Clothing,East,8,19.47,0.16,COD,3,1.1,130.84
11172,05/13/2022,1174,Toys,West,5,501.14,0.2,COD,3,2.9,2004.56
11173,02/25/2022,1317,Electronics,North,5,595.27,0.2,Wallet,2,1.1,2381.08
11174,03/17/2022,1350,Toys,West,3,274.03,0.17,Wallet,9,2.2,682.33
11175,10/08/2022,1174,Electronics,East,3,554.75,0.35,Card,4,4.7,1081.76
11176,02/23/2022,1926,Electronics,East,1,82.04,0.26,Wallet,12,1.4,60.71
11177,02/10/2022,1424,Toys,North,3,115.69,0.27,Card,4,4.5,253.36
11178,06/05/2022,1877,Health,West,3,550.09,0.22,Wallet,9,3.9,1287.21
11179,01/22/2023,1960,Electronics,North,4,399.04,0.33,Card,8,2.8,1069.43
11180,06/25/2022,1100,Home,West,7,549.89,0.2,COD,3,3.6,3079.38
11181,02/17/2023,1992,Toys,North,9,357.3,0.11,Wallet,6,4.0,2861.97
11182,01/14/2023,1851,Toys,West,7,143.34,0.3,COD,4,4.4,702.37
11183,06/25/2022,1023,Beauty,Central,10,307.82,0.11,Wallet,2,4.0,2739.6
11184,07/04/2022,2000,Electronics,East,3,287.26,0.31,COD,3,2.8,594.63
11185,02/10/2023,1880,Health,South,5,591.18,0.04,COD,11,2.9,2837.66
11186,04/03/2022,1560,Beauty,East,10,19.74,0.09,COD,6,2.7,179.63
11187,04/11/2022,1810,Home,North,10,196.48,0.16,COD,9,1.1,1650.43
11188,09/21/2022,1613,Clothing,Central,4,385.52,0.14,Wallet,10,2.7,1326.19
11189,03/17/2022,1056,Toys,West,9,252.81,0.14,Wallet,4,2.3,1956.75
11190,03/08/2023,1645,Home,West,5,479.47,0.06,COD,2,2.8,2253.51
11191,12/31/2022,1306,Beauty,North,7,587.03,0.11,Card,4,2.9,3657.2
11192,06/16/2022,1392,Clothing,East,2,176.59,0.14,COD,11,2.5,303.73
11193,01/30/2023,1502,Toys,North,8,442.69,0.2,Wallet,11,1.3,2833.22
11194,08/17/2022,1515,Electronics,Central,4,351.05,0.3,Wallet,9,4.1,982.94
11195,04/29/2023,1198,Home,West,4,548.8,0.07,Card,5,2.1,2041.54
11196,11/18/2022,1577,Toys,Central,4,106.91,0.16,COD,12,2.4,359.22
11197,02/19/2022,1925,Beauty,South,2,422.69,0.18,COD,8,3.2,693.21
11198,02/22/2022,1068,Health,Central,8,164.55,0.28,COD,10,1.3,947.81
11199,06/08/2022,1301,Beauty,North,2,586.41,0.14,Card,4,1.9,1008.63
11200,11/24/2022,1867,Toys,North,1,483.83,0.18,Wallet,4,4.8,396.74
11201,02/09/2022,1206,Clothing,West,2,254.8,0.21,COD,1,1.8,402.58
11202,10/22/2022,1268,Toys,East,10,97.39,0.07,Card,10,3.6,905.73
11203,03/19/2023,1328,Toys,North,6,249.99,0.3,COD,1,1.9,1049.96
11204,02/06/2022,1653,Home,North,4,540.98,0.11,COD,6,3.7,1925.89
11205,07/01/2022,1093,Electronics,Central,10,246.63,0.35,COD,5,3.0,1603.1
11206,11/26/2022,1071,Toys,South,5,480.58,0.15,COD,3,3.0,2042.46
11207,10/14/2022,1055,Home,East,9,329.9,0.27,COD,10,4.8,2167.44
11208,03/05/2022,1452,Beauty,South,9,231.0,0.29,Wallet,11,2.3,1476.09
11209,03/02/2022,1688,Electronics,Central,4,531.02,0.16,Card,10,4.0,1784.23
11210,01/26/2022,1335,Toys,South,1,368.0,0.19,Card,9,2.8,298.08
11211,10/18/2022,1863,Health,West,4,472.81,0.16,Card,1,3.7,1588.64
11212,01/23/2022,1538,Health,North,9,248.89,0.18,Wallet,12,3.1,1836.81
11213,10/05/2022,1805,Clothing,East,9,354.6,0.13,COD,5,3.5,2776.52
11214,03/09/2022,1446,Clothing,North,4,590.55,0.33,Wallet,9,1.2,1582.67
11215,01/29/2023,1155,Toys,West,1,447.81,0.08,Card,1,1.2,411.99
11216,02/12/2023,1719,Electronics,West,3,505.3,0.25,COD,5,3.3,1136.93
11217,04/07/2022,1498,Beauty,Central,9,499.74,0.12,COD,8,4.0,3957.94
11218,04/20/2022,1927,Toys,West,6,372.18,0.24,COD,6,3.3,1697.14
11219,06/22/2022,1363,Clothing,North,2,217.57,0.27,Wallet,9,2.2,317.65
11220,09/01/2022,1106,Clothing,South,6,506.93,0.26,Wallet,12,1.3,2250.77
11221,02/14/2022,1572,Home,North,7,511.87,0.32,Card,7,4.9,2436.5
11222,08/02/2022,1850,Electronics,South,2,550.13,0.25,Card,6,3.9,825.19
11223,04/11/2023,1462,Health,North,8,437.99,0.03,Wallet,5,2.3,3398.8
11224,01/18/2022,1556,Electronics,West,1,362.46,0.02,COD,12,4.7,355.21
11225,11/13/2022,1472,Health,West,2,563.53,0.14,Wallet,7,2.9,969.27
11226,05/27/2022,1626,Beauty,Central,9,523.55,0.32,Wallet,6,2.9,3204.13
11227,02/25/2022,1298,Clothing,Central,8,564.46,0.18,Card,8,1.9,3702.86
11228,07/07/2022,1802,Health,West,6,513.83,0.19,Wallet,2,4.2,2497.21
11229,09/08/2022,1562,Electronics,Central,9,299.55,0.04,COD,10,4.3,2588.11
11230,02/06/2023,1724,Electronics,South,4,578.9,0.28,Wallet,11,1.9,1667.23
11231,03/16/2023,1945,Beauty,Central,2,591.1,0.18,COD,8,4.6,969.4
11232,08/02/2022,1586,Health,West,7,23.26,0.27,COD,12,4.3,118.86
11233,10/03/2022,1431,Beauty,East,8,394.46,0.16,COD,8,1.1,2650.77
11234,05/13/2023,1402,Clothing,South,10,426.02,0.25,Wallet,3,1.6,3195.15
11235,12/01/2022,1998,Toys,Central,8,314.46,0.2,COD,12,3.0,2012.54
11236,04/28/2023,1665,Clothing,North,8,487.16,0.32,Wallet,3,1.1,2650.15
11237,02/21/2023,1689,Toys,West,3,467.9,0.2,COD,3,1.3,1122.96
11238,01/29/2023,1716,Clothing,West,5,513.52,0.22,Card,4,1.7,2002.73
11239,11/30/2022,1698,Health,North,10,557.72,0.16,Wallet,2,3.8,4684.85
11240,04/20/2023,1052,Clothing,West,3,579.2,0.23,COD,9,3.6,1337.95
11241,06/14/2022,1048,Home,West,9,403.45,0.23,Card,7,3.2,2795.91
11242,07/23/2022,1848,Toys,North,6,132.02,0.24,COD,7,4.3,602.01
11243,04/28/2023,1733,Beauty,East,6,325.13,0.06,Card,10,1.1,1833.73
11244,08/30/2022,1651,Electronics,East,3,226.79,0.09,COD,6,2.8,619.14
11245,03/15/2023,1881,Beauty,West,7,169.15,0.34,Wallet,9,3.4,781.47
11246,10/04/2022,1629,Toys,South,10,566.62,0.05,Card,7,4.3,5382.89
11247,03/12/2022,1490,Clothing,North,6,132.73,0.15,Wallet,2,1.6,676.92
11248,10/07/2022,1915,Electronics,North,1,363.32,0.02,Card,7,4.5,356.05
11249,04/06/2022,1131,Home,North,4,76.84,0.15,COD,3,4.7,261.26
11250,07/28/2022,1545,Electronics,North,6,167.72,0.06,Wallet,2,4.5,945.94
11251,09/18/2022,1001,Health,East,7,35.41,0.09,Wallet,4,1.2,225.56
11252,02/15/2022,1275,Beauty,East,8,94.6,0.18,COD,7,2.1,620.58
11253,06/20/2022,1980,Beauty,Central,7,465.6,0.04,COD,2,1.2,3128.83
11254,10/27/2022,1488,Beauty,East,6,14.33,0.26,COD,4,3.8,63.63
11255,04/07/2023,1109,Home,East,2,182.68,0.14,Card,6,2.4,314.21
11256,03/28/2023,1753,Electronics,South,1,138.94,0.2,Wallet,2,4.3,111.15
11257,05/11/2023,1130,Health,Central,1,31.11,0.11,Wallet,7,2.2,27.69
11258,12/15/2022,1128,Home,South,7,249.16,0.23,Wallet,1,2.5,1342.97
11259,03/21/2022,1556,Electronics,East,6,584.62,0.21,Wallet,7,4.5,2771.1
11260,11/14/2022,1321,Clothing,Central,10,599.16,0.24,Wallet,7,3.5,4553.62
11261,04/14/2023,1207,Electronics,East,7,219.95,0.33,Card,12,2.3,1031.57
11262,09/24/2022,1394,Health,East,2,247.88,0.15,Wallet,1,4.3,421.4
11263,05/15/2023,1005,Beauty,East,9,54.78,0.29,COD,3,1.9,350.04
11264,05/03/2022,1353,Home,South,2,72.21,0.2,Card,5,3.9,115.54
11265,02/03/2022,1295,Home,West,2,189.83,0.2,COD,4,1.6,303.73
11266,03/07/2023,1750,Beauty,East,2,189.69,0.31,Card,4,1.3,261.77
11267,05/05/2022,1827,Toys,West,1,58.34,0.24,Wallet,8,3.7,44.34
11268,06/14/2022,1273,Beauty,North,9,190.4,0.09,COD,2,2.1,1559.38
11269,04/04/2022,1051,Toys,Central,5,564.85,0.27,Wallet,6,4.4,2061.7
11270,10/31/2022,1971,Electronics,Central,5,187.66,0.1,Card,7,2.5,844.47
11271,12/16/2022,1202,Home,South,4,401.89,0.19,COD,1,2.0,1302.12
11272,01/31/2022,1720,Beauty,North,1,128.57,0.1,Card,7,2.6,115.71
11273,03/01/2023,1469,Health,Central,8,60.92,0.04,COD,5,2.4,467.87
11274,02/26/2023,1573,Beauty,East,1,323.48,0.28,COD,4,4.1,232.91
11275,07/19/2022,1513,Home,Central,2,543.69,0.21,COD,9,1.9,859.03
11276,04/12/2022,1733,Beauty,North,9,195.25,0.01,Card,1,3.5,1739.68
11277,04/11/2022,1916,Toys,North,7,594.0,0.05,Wallet,8,1.8,3950.1
11278,02/07/2023,1854,Electronics,South,2,447.72,0.21,Card,6,1.2,707.4
11279,04/15/2022,1784,Clothing,North,3,209.66,0.17,Wallet,10,3.2,522.05
11280,02/21/2022,1863,Electronics,East,6,25.73,0.28,COD,1,3.3,111.15
11281,11/12/2022,1609,Beauty,Central,5,352.2,0.29,COD,12,2.2,1250.31
11282,05/12/2022,1331,Clothing,East,8,488.07,0.01,COD,4,3.7,3865.51
11283,06/22/2022,1377,Beauty,North,1,36.58,0.24,COD,2,1.4,27.8
11284,09/09/2022,1428,Health,South,8,65.52,0.22,Wallet,7,1.8,408.84
11285,05/01/2023,1050,Clothing,East,4,19.82,0.32,Wallet,5,3.6,53.91
11286,12/22/2022,1387,Home,East,7,128.19,0.25,Card,11,1.6,673.0
11287,08/20/2022,1919,Clothing,East,3,281.97,0.27,Wallet,10,3.0,617.51
11288,04/10/2023,1730,Beauty,South,4,225.87,0.09,Wallet,6,4.9,822.17
11289,05/31/2022,1154,Beauty,North,10,550.22,0.01,COD,2,4.1,5447.18
11290,02/24/2022,1421,Home,Central,7,371.59,0.09,Card,10,2.7,2367.03
11291,06/29/2022,1104,Home,East,5,339.59,0.12,Card,1,2.2,1494.2
11292,07/02/2022,1845,Toys,North,9,152.12,0.26,COD,8,3.5,1013.12
11293,03/11/2022,1354,Home,East,1,433.85,0.18,COD,3,2.6,355.76
11294,08/24/2022,1777,Clothing,East,9,435.84,0.19,Card,1,3.1,3177.27
11295,02/04/2023,1780,Electronics,East,2,123.64,0.19,COD,4,3.3,200.3
11296,11/06/2022,1397,Health,South,2,239.21,0.21,COD,2,4.0,377.95
11297,05/06/2023,1793,Beauty,North,6,540.61,0.24,COD,4,2.7,2465.18
11298,05/17/2022,1190,Toys,North,5,244.45,0.02,Card,5,4.9,1197.81
11299,03/05/2023,1313,Toys,North,6,243.89,0.02,Wallet,9,1.9,1434.07
11300,02/13/2022,1412,Home,West,6,351.37,0.14,Wallet,3,3.0,1813.07
11301,10/17/2022,1325,Electronics,East,3,356.75,0.08,Card,7,3.5,984.63
11302,01/26/2022,1547,Home,South,6,471.7,0.23,Card,7,2.3,2179.25
11303,04/15/2022,1204,Health,Central,5,75.8,0.12,Card,11,4.7,333.52
11304,02/02/2022,1034,Toys,North,3,455.79,0.33,COD,8,2.4,916.14
11305,03/18/2023,1779,Health,Central,5,51.65,0.05,Card,7,4.5,245.34
11306,03/11/2023,1794,Toys,West,1,127.69,0.31,Wallet,6,4.2,88.11
11307,05/26/2022,1079,Electronics,West,2,183.52,0.09,Card,12,3.0,334.01
11308,01/31/2023,1100,Electronics,Central,3,597.41,0.17,COD,3,1.6,1487.55
11309,03/10/2023,1705,Electronics,North,2,295.89,0.11,Wallet,11,4.6,526.68
11310,12/30/2022,1843,Electronics,South,1,493.69,0.27,COD,3,3.9,360.39
11311,09/17/2022,1920,Clothing,North,4,144.2,0.21,Wallet,10,1.9,455.67
11312,05/09/2022,1539,Health,South,9,417.07,0.1,Card,10,1.2,3378.27
11313,03/02/2023,1809,Toys,Central,7,460.47,0.16,Card,3,1.7,2707.56
11314,03/17/2023,1656,Beauty,Central,7,483.88,0.29,Wallet,11,4.1,2404.88
11315,11/15/2022,1701,Home,Central,7,16.75,0.04,Card,5,1.3,112.56
11316,01/02/2022,1542,Health,South,3,68.29,0.08,Wallet,2,4.2,188.48
11317,11/01/2022,1913,Health,Central,1,333.31,0.05,Card,8,4.7,316.64
11318,01/25/2023,1847,Beauty,West,1,553.75,0.05,Card,3,3.5,526.06
11319,03/01/2023,1761,Electronics,East,8,97.47,0.04,Wallet,1,3.5,748.57
11320,05/19/2022,1779,Home,East,5,187.28,0.13,COD,11,1.9,814.67
11321,04/30/2023,1836,Health,East,8,367.66,0.29,Wallet,10,2.9,2088.31
11322,02/22/2022,1564,Toys,Central,6,84.02,0.18,COD,9,3.0,413.38
11323,10/28/2022,1446,Clothing,Central,2,202.14,0.27,Card,7,1.8,295.12
11324,09/17/2022,1432,Clothing,West,4,591.9,0.27,COD,8,1.4,1728.35
11325,07/23/2022,1184,Clothing,West,10,413.43,0.21,Wallet,10,4.2,3266.1
11326,03/23/2023,1027,Clothing,West,10,143.16,0.06,Wallet,10,4.4,1345.7
11327,05/05/2023,1641,Toys,West,2,343.12,0.27,Card,12,4.0,500.96
11328,04/26/2022,1824,Toys,South,5,477.4,0.13,Wallet,1,1.8,2076.69
11329,05/26/2022,1459,Home,West,3,276.79,0.04,Card,1,4.4,797.16
11330,04/23/2022,1340,Electronics,South,3,296.19,0.06,COD,7,2.6,835.26
11331,11/26/2022,1034,Clothing,Central,10,498.45,0.17,Card,7,1.1,4137.14
11332,08/27/2022,1946,Health,West,3,42.23,0.2,Card,1,2.8,101.35
11333,05/28/2022,1143,Health,North,5,248.2,0.22,Card,8,1.6,967.98
11334,02/28/2023,1432,Health,North,7,10.67,0.13,Card,2,1.8,64.98
11335,03/23/2022,1566,Home,Central,2,289.58,0.27,COD,10,4.4,422.79
11336,03/07/2022,1278,Electronics,West,4,89.21,0.22,COD,4,1.7,278.34
11337,02/24/2022,1770,Home,North,9,544.96,0.07,COD,1,4.9,4561.32
11338,02/17/2022,1008,Electronics,East,4,31.45,0.1,Wallet,5,1.4,113.22
11339,04/07/2023,1000,Clothing,Central,2,192.15,0.29,Wallet,12,1.1,272.85
11340,12/13/2022,1929,Beauty,South,9,90.67,0.26,Wallet,10,2.4,603.86
11341,03/11/2022,1716,Home,South,1,599.09,0.22,COD,5,3.2,467.29
11342,09/07/2022,1250,Toys,East,7,573.79,0.15,Card,2,3.6,3414.05
11343,06/09/2022,1290,Electronics,Central,6,369.42,0.21,Wallet,5,1.2,1751.05
11344,04/06/2023,1663,Toys,North,8,334.52,0.16,COD,9,1.6,2247.97
11345,05/15/2023,1870,Beauty,East,8,28.17,0.04,Card,2,4.0,216.35
11346,11/09/2022,1763,Health,North,9,517.1,0.2,COD,1,1.0,3723.12
11347,02/26/2023,1318,Toys,North,2,61.57,0.1,Wallet,1,4.1,110.83
11348,04/22/2023,1994,Toys,Central,1,285.4,0.21,Card,4,3.7,225.47
11349,12/14/2022,1145,Toys,South,6,224.06,0.04,COD,1,3.7,1290.59
11350,07/14/2022,1342,Clothing,South,5,125.79,0.09,Wallet,11,1.0,572.34
11351,10/19/2022,1565,Home,East,7,280.6,0.08,Wallet,1,2.8,1807.06
11352,06/03/2022,1302,Toys,West,6,504.24,0.34,Card,5,2.6,1996.79
11353,03/30/2023,1992,Clothing,North,6,502.11,0.34,Wallet,12,2.7,1988.36
11354,07/27/2022,2000,Beauty,North,1,446.13,0.25,COD,5,2.8,334.6
11355,01/20/2022,1417,Clothing,Central,1,111.98,0.12,COD,7,4.8,98.54
11356,06/11/2022,1435,Toys,West,2,348.36,0.16,Wallet,5,1.7,585.24
11357,03/30/2023,1593,Health,West,4,381.0,0.18,Card,3,1.8,1249.68
11358,05/09/2023,1328,Beauty,West,1,102.9,0.08,COD,4,2.3,94.67
11359,08/04/2022,1744,Home,South,1,218.01,0.02,COD,10,2.7,213.65
11360,10/03/2022,1719,Home,West,10,485.29,0.33,COD,11,3.9,3251.44
11361,10/07/2022,1621,Clothing,North,4,467.97,0.34,Card,10,1.6,1235.44
11362,07/04/2022,1798,Electronics,South,9,260.79,0.13,COD,6,4.6,2041.99
11363,07/29/2022,1241,Health,Central,9,573.05,0.32,Wallet,11,4.8,3507.07
11364,01/28/2022,1743,Electronics,West,6,349.45,0.18,COD,7,4.4,1719.29
11365,08/18/2022,1773,Electronics,South,3,375.46,0.16,Card,11,1.5,946.16
11366,04/30/2022,1257,Beauty,North,5,111.05,0.31,Wallet,10,3.2,383.12
11367,02/22/2022,1040,Home,North,2,563.53,0.08,Wallet,7,3.0,1036.9
11368,02/07/2022,1461,Electronics,Central,4,499.67,0.18,Card,1,1.4,1638.92
11369,03/07/2022,1254,Clothing,West,1,12.57,0.28,Wallet,10,2.2,9.05
11370,07/19/2022,1375,Toys,Central,10,310.95,0.27,Wallet,8,1.9,2269.93
11371,02/14/2022,1750,Health,South,6,408.82,0.17,Card,7,3.5,2035.92
11372,11/16/2022,1535,Health,Central,8,107.81,0.34,COD,6,1.6,569.24
11373,08/07/2022,1296,Beauty,East,10,518.46,0.24,COD,11,3.2,3940.3
11374,08/10/2022,1691,Beauty,South,4,463.78,0.25,COD,11,1.7,1391.34
11375,08/21/2022,1749,Electronics,West,10,69.36,0.27,Card,11,4.6,506.33
11376,04/01/2022,1175,Beauty,North,1,318.47,0.13,COD,9,3.5,277.07
11377,03/25/2022,1247,Health,Central,8,172.88,0.06,COD,3,3.8,1300.06
11378,04/24/2022,1467,Beauty,North,1,108.93,0.14,COD,11,1.9,93.68
11379,04/02/2023,1404,Home,East,7,232.05,0.21,COD,5,1.8,1283.24
11380,03/05/2022,1864,Beauty,West,2,537.82,0.32,Wallet,1,2.7,731.44
11381,12/13/2022,1575,Home,East,6,564.86,0.13,Card,2,3.2,2948.57
11382,08/24/2022,1445,Beauty,East,1,436.84,0.17,Wallet,12,2.7,362.58
11383,09/01/2022,1192,Home,West,2,591.44,0.15,Card,7,1.2,1005.45
11384,05/16/2022,1025,Health,South,3,404.02,0.09,Wallet,11,2.3,1102.97
11385,02/12/2023,1523,Clothing,Central,7,581.11,0.26,COD,6,1.6,3010.15
11386,07/20/2022,1893,Toys,West,6,501.49,0.28,Card,3,4.8,2166.44
11387,03/31/2023,1610,Home,West,6,99.28,0.32,Card,12,4.5,405.06
11388,05/23/2022,1251,Health,West,10,554.83,0.19,Wallet,12,4.2,4494.12
11389,01/30/2023,1681,Beauty,East,3,86.76,0.11,Wallet,2,2.9,231.65
11390,09/26/2022,1928,Beauty,North,9,305.16,0.11,COD,11,3.9,2444.33
11391,12/18/2022,1895,Toys,East,1,565.13,0.3,Card,5,3.4,395.59
11392,04/27/2022,1093,Health,Central,9,51.98,0.17,Card,1,4.1,388.29
11393,12/05/2022,1322,Health,North,8,308.73,0.11,Card,1,4.8,2198.16
11394,03/10/2022,1369,Electronics,East,6,117.64,0.34,COD,1,3.4,465.85
11395,02/02/2023,1952,Clothing,Central,1,442.03,0.13,Card,11,4.5,384.57
11396,12/19/2022,1705,Electronics,East,3,509.4,0.13,Wallet,3,1.1,1329.53
11397,11/14/2022,1398,Home,East,9,111.78,0.01,Wallet,11,1.8,995.96
11398,03/06/2023,1213,Beauty,West,2,218.61,0.24,Wallet,7,3.3,332.29
11399,09/04/2022,1737,Health,North,6,368.94,0.3,Card,10,1.5,1549.55
11400,09/20/2022,1588,Clothing,West,7,523.15,0.3,COD,10,3.3,2563.43
11401,02/20/2023,1982,Toys,Central,6,500.4,0.32,Card,7,2.4,2041.63
11402,06/09/2022,1130,Beauty,West,4,67.48,0.22,Wallet,12,3.2,210.54
11403,08/23/2022,1770,Home,West,1,205.51,0.02,Wallet,7,2.1,201.4
11404,04/11/2022,1394,Beauty,East,10,128.39,0.29,Wallet,4,4.5,911.57
11405,04/29/2023,1528,Health,West,9,549.76,0.08,COD,7,2.0,4552.01
11406,06/04/2022,1023,Clothing,East,8,166.81,0.09,COD,10,3.9,1214.38
11407,05/29/2022,1949,Electronics,South,4,503.13,0.34,Card,6,2.3,1328.26
11408,02/09/2022,1700,Beauty,North,7,74.07,0.12,Card,11,3.5,456.27
11409,03/31/2023,1678,Health,East,9,539.05,0.17,COD,12,1.8,4026.7
11410,01/16/2022,1073,Clothing,North,5,112.4,0.29,COD,3,3.8,399.02
11411,10/24/2022,1295,Toys,West,3,213.4,0.07,Card,1,4.7,595.39
11412,06/11/2022,1442,Beauty,North,9,564.14,0.09,Wallet,7,1.1,4620.31
11413,07/01/2022,1822,Beauty,South,2,24.63,0.26,Card,7,2.4,36.45
11414,12/18/2022,1553,Toys,East,10,311.47,0.34,Wallet,3,1.4,2055.7
11415,01/01/2023,1498,Beauty,Central,10,410.89,0.29,Card,8,3.9,2917.32
11416,06/04/2022,1442,Electronics,West,8,507.81,0.12,Wallet,12,3.4,3574.98
11417,08/20/2022,1548,Toys,Central,10,213.42,0.03,COD,12,1.8,2070.17
11418,06/14/2022,1156,Electronics,West,10,569.81,0.21,COD,5,1.8,4501.5
11419,10/13/2022,1061,Home,East,3,541.03,0.24,COD,8,2.5,1233.55
11420,01/15/2023,1139,Clothing,West,1,118.8,0.34,COD,12,4.6,78.41
11421,08/09/2022,1456,Health,South,8,163.47,0.31,COD,9,2.0,902.35
11422,12/31/2022,1336,Beauty,East,9,585.36,0.11,Wallet,10,4.3,4688.73
11423,12/10/2022,1102,Beauty,West,1,240.16,0.25,Wallet,1,3.6,180.12
11424,06/26/2022,1936,Electronics,East,4,141.14,0.15,COD,2,1.6,479.88
11425,03/30/2022,1159,Clothing,Central,6,539.76,0.07,Card,6,4.9,3011.86
11426,04/11/2023,1565,Beauty,North,5,419.86,0.02,Wallet,4,3.0,2057.31
11427,02/19/2023,1311,Toys,East,2,176.45,0.03,Wallet,5,1.8,342.31
11428,02/07/2022,1312,Electronics,Central,4,525.53,0.1,Wallet,12,3.0,1891.91
11429,11/20/2022,1153,Toys,North,6,549.39,0.17,COD,7,1.2,2735.96
11430,09/01/2022,1970,Health,Central,5,476.72,0.35,Wallet,8,3.6,1549.34
11431,08/06/2022,1577,Beauty,Central,4,35.36,0.21,Card,8,3.7,111.74
11432,03/06/2022,1394,Electronics,Central,7,331.8,0.3,COD,2,3.5,1625.82
11433,07/01/2022,1463,Toys,East,4,263.13,0.2,Wallet,7,2.5,842.02
11434,09/23/2022,1825,Health,West,8,155.64,0.03,Wallet,12,2.1,1207.77
11435,01/13/2022,1821,Electronics,North,4,21.99,0.13,Card,11,2.6,76.53
11436,08/14/2022,1081,Clothing,South,6,260.54,0.04,Wallet,7,1.3,1500.71
11437,01/16/2022,1335,Home,West,9,399.87,0.27,Wallet,8,3.8,2627.15
11438,01/14/2023,1542,Beauty,North,8,100.67,0.02,Card,11,1.2,789.25
11439,08/12/2022,1075,Toys,South,3,427.57,0.27,Card,5,2.1,936.38
11440,05/04/2022,1957,Health,North,5,38.24,0.1,Wallet,9,2.0,172.08
11441,05/25/2022,1871,Toys,East,10,278.21,0.21,Wallet,7,3.8,2197.86
11442,07/31/2022,1950,Toys,East,4,562.94,0.17,Card,1,4.2,1868.96
11443,03/23/2022,1688,Toys,West,4,387.29,0.1,Wallet,12,2.5,1394.24
11444,09/01/2022,1185,Electronics,West,10,181.15,0.26,COD,11,1.9,1340.51
11445,02/11/2022,1905,Toys,Central,4,66.45,0.28,Card,6,1.3,191.38
11446,03/30/2022,1520,Toys,East,5,477.7,0.08,Wallet,4,4.5,2197.42
11447,02/27/2022,1891,Home,West,3,270.73,0.34,COD,4,4.8,536.05
11448,04/15/2023,1015,Electronics,South,6,536.74,0.22,Card,11,3.7,2511.94
11449,11/10/2022,1551,Health,South,8,591.1,0.2,Wallet,11,3.7,3783.04
11450,01/16/2023,1471,Toys,North,9,402.91,0.1,Wallet,6,2.8,3263.57
11451,02/21/2023,1831,Home,East,10,15.56,0.11,COD,11,4.6,138.48
11452,07/07/2022,1962,Electronics,Central,4,37.44,0.04,COD,2,4.0,143.77
11453,06/02/2022,1502,Toys,Central,9,80.62,0.25,Wallet,12,4.8,544.19
11454,12/05/2022,1563,Home,Central,9,354.4,0.13,COD,10,1.0,2774.95
11455,09/07/2022,1409,Clothing,South,1,88.25,0.3,Card,6,1.6,61.77
11456,01/15/2022,1962,Home,West,1,359.91,0.19,Wallet,8,3.8,291.53
11457,06/09/2022,1595,Beauty,West,2,470.22,0.3,Wallet,9,1.1,658.31
11458,10/12/2022,1433,Home,South,8,234.64,0.04,Card,3,3.7,1802.04
11459,12/13/2022,1056,Toys,West,2,432.63,0.04,Card,12,1.5,830.65
11460,04/17/2023,1687,Toys,Central,10,126.32,0.35,Card,8,4.9,821.08
11461,04/08/2023,1137,Toys,Central,6,331.46,0.2,Wallet,12,3.3,1591.01
11462,02/07/2023,1713,Health,North,1,45.99,0.15,Card,3,3.2,39.09
11463,04/03/2023,1877,Clothing,West,6,425.43,0.27,Card,6,1.7,1863.38
11464,01/22/2022,1725,Electronics,North,10,372.29,0.03,Wallet,10,2.0,3611.21
11465,03/22/2023,1828,Home,West,2,26.54,0.27,COD,11,3.0,38.75
11466,06/30/2022,1730,Clothing,East,7,222.4,0.1,COD,6,1.3,1401.12
11467,04/03/2023,1146,Health,West,4,336.31,0.03,Card,11,1.3,1304.88
11468,02/03/2022,1113,Beauty,South,4,44.91,0.12,Wallet,2,4.3,158.08
11469,02/17/2023,1454,Clothing,Central,8,232.34,0.32,Card,11,3.5,1263.93
11470,05/13/2023,1061,Clothing,North,3,557.62,0.07,Card,5,3.8,1555.76
11471,04/13/2023,1015,Beauty,South,5,575.03,0.3,Card,5,2.7,2012.6
11472,10/22/2022,1804,Health,East,2,325.51,0.09,COD,11,2.9,592.43
11473,02/08/2022,1915,Health,Central,3,79.19,0.22,Wallet,3,1.9,185.3
11474,01/29/2022,1172,Toys,East,2,595.33,0.2,COD,6,3.1,952.53
11475,02/23/2023,1662,Clothing,Central,1,381.81,0.13,Card,4,2.6,332.17
11476,06/23/2022,1552,Beauty,North,10,213.1,0.14,Wallet,10,3.2,1832.66
11477,02/09/2023,1810,Health,South,8,249.31,0.17,Wallet,12,3.9,1655.42
11478,11/14/2022,1857,Clothing,Central,6,229.96,0.21,Wallet,3,1.3,1090.01
11479,01/23/2023,1898,Health,Central,7,159.72,0.05,Wallet,1,2.6,1062.14
11480,04/22/2022,1134,Home,East,7,181.37,0.09,Card,12,3.9,1155.33
11481,05/13/2022,1141,Electronics,West,10,34.25,0.19,Card,5,3.6,277.43
11482,03/08/2022,1786,Clothing,South,3,344.52,0.29,Card,11,1.8,733.83
11483,03/04/2022,1475,Beauty,North,2,152.93,0.31,Wallet,11,3.6,211.04
11484,01/27/2022,1127,Toys,South,4,576.51,0.24,Wallet,2,2.5,1752.59
11485,09/02/2022,1054,Clothing,South,8,353.12,0.28,COD,11,2.1,2033.97
11486,06/07/2022,1988,Home,North,7,136.59,0.18,Wallet,7,2.8,784.03
11487,06/02/2022,1000,Home,West,8,183.68,0.14,COD,4,3.7,1263.72
11488,02/19/2022,1196,Clothing,South,4,465.37,0.04,Card,6,1.4,1787.02
11489,03/26/2022,1994,Toys,South,7,346.37,0.27,Card,3,4.3,1769.95
11490,03/11/2022,1407,Beauty,East,6,396.44,0.06,COD,3,3.4,2235.92
11491,09/27/2022,1748,Health,East,2,597.85,0.03,Wallet,2,4.4,1159.83
11492,04/20/2023,1612,Beauty,South,3,271.14,0.33,Card,5,3.5,544.99
11493,03/15/2022,1880,Toys,West,10,173.62,0.26,Card,10,1.4,1284.79
11494,03/24/2022,1421,Beauty,South,9,314.77,0.28,Wallet,12,1.9,2039.71
11495,02/03/2023,1343,Health,South,9,275.09,0.28,Wallet,8,5.0,1782.58
11496,06/17/2022,1926,Clothing,South,6,532.38,0.23,Card,3,3.8,2459.6
11497,02/06/2022,1436,Electronics,Central,8,230.8,0.34,Card,4,4.8,1218.62
11498,07/02/2022,1518,Health,East,6,100.87,0.22,Card,9,2.2,472.07
11499,12/29/2022,1609,Electronics,Central,7,509.81,0.24,Wallet,11,1.3,2712.19
11500,03/25/2022,2000,Electronics,North,2,356.38,0.27,COD,3,2.3,520.31
11501,09/02/2022,1199,Beauty,West,10,147.6,0.06,COD,7,1.8,1387.44
11502,11/24/2022,1889,Electronics,East,4,388.77,0.23,COD,10,1.7,1197.41
11503,12/21/2022,1337,Health,East,1,104.61,0.12,Card,3,2.5,92.06
11504,01/06/2023,1979,Toys,North,1,314.68,0.14,Wallet,7,1.5,270.62
11505,09/21/2022,1868,Toys,East,2,176.07,0.3,Wallet,12,4.9,246.5
11506,03/02/2022,1464,Clothing,North,3,387.58,0.02,Wallet,11,1.2,1139.49
11507,05/03/2023,1953,Home,West,7,330.53,0.02,COD,12,2.7,2267.44
11508,07/16/2022,1219,Health,North,9,337.9,0.04,Card,10,3.8,2919.46
11509,03/19/2022,1943,Electronics,East,1,526.04,0.08,Wallet,6,1.4,483.96
11510,02/16/2023,1180,Beauty,West,2,60.15,0.19,COD,6,1.6,97.44
11511,08/23/2022,1272,Clothing,East,4,91.34,0.21,Wallet,4,1.1,288.63
11512,11/18/2022,1814,Clothing,North,8,594.71,0.21,Wallet,1,4.6,3758.57
11513,12/19/2022,1975,Clothing,North,8,175.97,0.28,Wallet,10,4.0,1013.59
11514,12/31/2022,1202,Home,Central,8,161.69,0.05,COD,3,4.4,1228.84
11515,03/09/2022,1928,Clothing,South,4,287.77,0.02,Card,8,3.5,1128.06
11516,04/17/2023,1730,Beauty,East,8,241.13,0.09,COD,12,2.5,1755.43
11517,03/10/2022,1319,Home,West,3,575.63,0.04,COD,3,4.7,1657.81
11518,05/04/2022,1559,Clothing,West,5,340.21,0.11,Wallet,3,1.5,1513.93
11519,04/03/2022,1207,Beauty,East,4,512.07,0.32,Wallet,11,2.5,1392.83
11520,05/17/2022,1368,Electronics,South,6,448.91,0.31,Wallet,3,3.3,1858.49
11521,08/23/2022,1450,Toys,West,7,138.64,0.08,Wallet,6,2.1,892.84
11522,10/18/2022,1457,Health,North,1,47.88,0.28,Wallet,9,4.0,34.47
11523,02/09/2023,1911,Health,South,4,174.99,0.09,Card,11,4.1,636.96
11524,08/01/2022,1935,Home,East,7,455.96,0.29,COD,8,2.9,2266.12
11525,02/22/2023,1785,Beauty,Central,7,497.63,0.09,COD,7,3.2,3169.9
11526,09/26/2022,1452,Home,East,2,62.15,0.06,Card,6,4.4,116.84
11527,12/21/2022,1721,Electronics,Central,7,253.67,0.26,Wallet,5,2.7,1314.01
11528,04/25/2023,1469,Clothing,South,4,78.24,0.2,Card,8,2.2,250.37
11529,02/16/2023,1370,Health,North,4,548.79,0.13,COD,2,2.8,1909.79
11530,12/10/2022,1813,Home,North,8,155.73,0.18,Wallet,2,3.4,1021.59
11531,08/10/2022,1578,Toys,East,4,396.47,0.19,Wallet,1,3.0,1284.56
11532,06/17/2022,1265,Home,East,9,433.52,0.08,COD,8,2.9,3589.55
11533,06/09/2022,1755,Beauty,Central,6,145.95,0.35,Wallet,5,3.7,569.2
11534,01/15/2023,1173,Health,West,1,428.66,0.08,COD,10,2.0,394.37
11535,09/11/2022,1784,Toys,North,10,161.62,0.29,Wallet,10,4.5,1147.5
11536,07/31/2022,1658,Electronics,North,8,407.64,0.31,COD,11,1.2,2250.17
11537,08/16/2022,1329,Health,North,7,24.36,0.27,COD,7,3.9,124.48
11538,05/10/2022,1763,Health,South,8,540.64,0.3,Wallet,6,3.1,3027.58
11539,01/08/2022,1270,Toys,Central,5,93.87,0.31,Card,12,1.2,323.85
11540,10/06/2022,1182,Home,West,7,293.42,0.31,Wallet,1,1.7,1417.22
11541,02/28/2023,1869,Home,North,8,251.62,0.32,Wallet,5,3.9,1368.81
11542,02/01/2023,1534,Health,West,3,151.78,0.16,Wallet,10,4.3,382.49
11543,03/06/2022,1495,Clothing,West,5,103.71,0.17,Card,4,2.1,430.4
11544,01/12/2022,1347,Beauty,Central,8,489.18,0.34,Wallet,11,3.5,2582.87
11545,10/14/2022,1119,Health,Central,7,568.48,0.22,Card,4,4.9,3103.9
11546,10/06/2022,1973,Beauty,North,3,592.86,0.11,Card,3,2.5,1582.94
11547,02/27/2023,1355,Health,East,5,21.7,0.19,Wallet,8,1.1,87.89
11548,03/10/2022,1880,Toys,South,5,23.72,0.18,Wallet,11,4.8,97.25
11549,03/21/2023,1284,Toys,West,1,156.9,0.19,Wallet,12,4.4,127.09
11550,09/11/2022,1869,Home,North,9,402.63,0.18,Wallet,2,3.9,2971.41
11551,01/07/2022,1334,Toys,West,3,142.76,0.02,Wallet,5,1.5,419.71
11552,06/13/2022,1181,Beauty,North,4,138.05,0.33,Wallet,9,3.0,369.97
11553,12/23/2022,1807,Beauty,West,10,257.02,0.24,Card,12,3.0,1953.35
11554,09/28/2022,1117,Electronics,South,7,119.19,0.08,COD,12,3.0,767.58
11555,02/16/2022,1215,Home,North,5,300.4,0.25,COD,3,2.6,1126.5
11556,07/29/2022,1059,Clothing,Central,2,342.88,0.25,Card,5,2.6,514.32
11557,04/20/2023,1715,Toys,Central,7,275.24,0.31,Wallet,10,2.4,1329.41
11558,09/15/2022,1098,Beauty,North,6,221.17,0.17,Card,10,4.3,1101.43
11559,03/14/2023,1608,Home,South,8,244.37,0.33,Wallet,9,4.6,1309.82
11560,05/12/2023,1092,Electronics,Central,7,159.4,0.15,COD,6,3.4,948.43
11561,01/23/2023,1274,Home,South,5,544.24,0.26,COD,1,3.5,2013.69
11562,12/01/2022,1171,Health,Central,10,356.31,0.19,Card,1,4.6,2886.11
11563,11/07/2022,1134,Clothing,North,10,115.0,0.02,COD,8,3.3,1127.0
11564,10/19/2022,1507,Electronics,North,9,417.49,0.06,Wallet,9,2.8,3531.97
11565,06/26/2022,1983,Toys,Central,8,205.3,0.13,COD,5,3.7,1428.89
11566,05/26/2022,1905,Clothing,Central,3,382.8,0.19,Wallet,4,3.2,930.2
11567,05/31/2022,1106,Health,South,10,424.04,0.22,Card,9,3.9,3307.51
11568,07/29/2022,1088,Toys,Central,8,45.86,0.34,Wallet,3,4.6,242.14
11569,12/14/2022,1100,Health,South,9,447.19,0.1,Card,10,2.6,3622.24
11570,02/24/2022,1856,Beauty,North,6,287.92,0.33,Wallet,4,4.7,1157.44
11571,09/24/2022,1965,Electronics,East,3,287.9,0.05,COD,3,2.4,820.51
11572,11/07/2022,1197,Clothing,North,7,345.13,0.19,COD,6,4.9,1956.89
11573,12/15/2022,1108,Beauty,North,10,232.73,0.27,Wallet,12,4.4,1698.93
11574,02/05/2023,1777,Home,West,1,265.31,0.29,Card,6,1.8,188.37
11575,12/24/2022,1643,Electronics,East,2,274.95,0.17,Card,12,1.3,456.42
11576,07/13/2022,1425,Health,Central,2,551.16,0.08,Wallet,1,1.7,1014.13
11577,09/15/2022,1395,Toys,West,7,373.76,0.25,Wallet,1,3.9,1962.24
11578,10/10/2022,1920,Health,Central,1,419.69,0.3,Card,6,2.5,293.78
11579,12/10/2022,1787,Beauty,East,2,225.4,0.12,COD,8,2.0,396.7
11580,04/03/2022,1896,Clothing,North,1,127.92,0.04,Card,4,2.3,122.8
11581,05/27/2022,1734,Home,East,2,125.36,0.28,Card,10,3.8,180.52
11582,07/30/2022,1121,Toys,Central,1,552.4,0.24,COD,9,2.1,419.82
11583,01/16/2022,1787,Electronics,South,9,306.92,0.29,Wallet,1,3.1,1961.22
11584,09/28/2022,1199,Home,North,6,199.97,0.04,Card,11,4.7,1151.83
11585,12/05/2022,1314,Health,South,4,520.52,0.32,COD,3,3.6,1415.81
11586,11/03/2022,1707,Home,Central,8,111.39,0.33,Card,11,1.7,597.05
11587,06/21/2022,1235,Home,North,4,547.96,0.33,Wallet,8,4.0,1468.53
11588,04/06/2022,1827,Electronics,North,4,438.76,0.34,Wallet,11,1.7,1158.33
11589,02/01/2023,1668,Home,West,3,203.14,0.35,Card,1,2.4,396.12
11590,09/10/2022,1169,Beauty,Central,4,269.14,0.24,COD,8,2.3,818.19
11591,05/08/2022,1395,Health,Central,2,349.26,0.08,Card,12,1.6,642.64
11592,08/03/2022,1727,Home,Central,8,427.06,0.3,Card,6,3.8,2391.54
11593,05/09/2023,1919,Beauty,West,7,536.77,0.21,Card,1,4.2,2968.34
11594,01/12/2022,1347,Clothing,Central,2,441.31,0.02,COD,5,2.6,864.97
11595,09/30/2022,1655,Home,East,8,351.08,0.33,Card,1,4.3,1881.79
11596,01/19/2023,1051,Toys,West,5,213.77,0.03,COD,6,4.6,1036.78
11597,09/12/2022,1389,Health,Central,4,198.49,0.16,COD,10,1.5,666.93
11598,08/31/2022,1402,Health,Central,6,504.22,0.34,COD,5,4.4,1996.71
11599,03/18/2022,1513,Beauty,West,5,592.65,0.17,Card,1,2.4,2459.5
11600,01/20/2023,1243,Home,Central,7,376.12,0.1,COD,6,1.8,2369.56
11601,04/07/2022,1550,Beauty,East,9,248.68,0.33,Wallet,5,4.3,1499.54
11602,02/01/2022,1132,Health,East,1,164.9,0.07,COD,2,3.0,153.36
11603,01/25/2023,1443,Toys,North,5,570.4,0.33,COD,8,3.3,1910.84
11604,04/21/2022,1571,Home,South,6,577.27,0.31,Wallet,11,3.9,2389.9
11605,12/05/2022,1533,Clothing,North,3,108.68,0.21,Card,8,1.2,257.57
11606,02/19/2023,1769,Toys,West,1,594.57,0.21,Wallet,5,3.8,469.71
11607,09/01/2022,1701,Beauty,East,7,575.31,0.04,COD,1,3.2,3866.08
11608,03/17/2023,1797,Electronics,Central,5,574.24,0.04,Card,1,1.2,2756.35
11609,01/20/2022,1169,Clothing,Central,4,334.62,0.13,COD,5,1.0,1164.48
11610,10/07/2022,1188,Beauty,South,6,230.83,0.34,Card,6,2.8,914.09
11611,07/25/2022,1121,Clothing,North,9,60.92,0.23,Wallet,10,3.1,422.18
11612,05/04/2023,1418,Home,East,4,131.12,0.2,Wallet,3,1.1,419.58
11613,01/25/2022,1544,Health,West,2,586.88,0.23,COD,6,1.6,903.8
11614,03/06/2023,1644,Home,Central,2,497.32,0.33,COD,7,4.7,666.41
11615,07/16/2022,1734,Clothing,South,5,487.81,0.34,Wallet,6,1.4,1609.77
11616,11/19/2022,1623,Beauty,Central,2,541.34,0.02,Wallet,3,1.8,1061.03
11617,03/22/2023,1497,Electronics,West,8,281.16,0.29,Card,11,2.9,1596.99
11618,03/21/2022,1978,Electronics,West,10,489.84,0.31,Wallet,10,3.5,3379.9
11619,12/20/2022,1157,Electronics,West,2,168.5,0.21,COD,8,2.8,266.23
11620,10/13/2022,1460,Health,East,7,136.74,0.09,Card,12,4.5,871.03
11621,07/20/2022,1731,Beauty,East,5,522.72,0.3,COD,11,2.8,1829.52
11622,01/21/2023,1695,Toys,Central,2,594.35,0.31,COD,11,4.3,820.2
11623,10/08/2022,1570,Clothing,West,7,241.06,0.07,COD,9,1.2,1569.3
11624,04/24/2023,1491,Electronics,East,2,567.29,0.2,Card,10,4.1,907.66
11625,09/15/2022,1635,Home,Central,2,108.88,0.22,COD,11,2.7,169.85
11626,04/26/2022,1995,Electronics,West,8,574.12,0.06,Card,11,1.3,4317.38
11627,03/18/2022,1200,Electronics,South,3,224.4,0.32,COD,3,1.4,457.78
11628,04/28/2022,1199,Health,West,7,57.45,0.19,COD,6,4.1,325.74
11629,11/02/2022,1587,Toys,North,4,214.4,0.35,Wallet,5,2.4,557.44
11630,08/10/2022,1992,Toys,East,10,451.78,0.17,Wallet,1,1.5,3749.77
11631,03/20/2023,1793,Clothing,East,8,478.8,0.19,Wallet,5,2.1,3102.62
11632,04/09/2023,1994,Beauty,East,5,385.2,0.05,Card,5,3.6,1829.7
11633,01/06/2023,1697,Beauty,Central,3,585.98,0.27,Wallet,8,2.1,1283.3
11634,02/25/2023,1657,Clothing,West,6,208.18,0.27,COD,12,4.6,911.83
11635,09/27/2022,1175,Home,South,2,201.52,0.18,Wallet,1,2.7,330.49
11636,01/10/2023,1658,Toys,East,8,335.28,0.05,Card,6,3.3,2548.13
11637,06/04/2022,1902,Electronics,North,5,566.99,0.06,Card,6,2.2,2664.85
11638,02/25/2023,1981,Toys,Central,4,291.76,0.12,Card,3,3.7,1027.0
11639,11/27/2022,1764,Electronics,East,8,29.38,0.08,Card,4,3.7,216.24
11640,12/09/2022,1200,Clothing,North,9,444.09,0.3,COD,8,2.6,2797.77
11641,02/11/2022,1938,Home,West,4,334.27,0.23,Card,9,3.6,1029.55
11642,07/30/2022,1052,Health,East,2,159.72,0.03,COD,11,4.3,309.86
11643,02/28/2023,1455,Toys,South,8,433.51,0.11,Wallet,2,1.9,3086.59
11644,11/02/2022,1305,Beauty,East,6,541.21,0.31,Wallet,6,3.1,2240.61
11645,01/22/2023,1014,Home,North,8,313.51,0.3,Card,5,1.8,1755.66
11646,01/11/2023,1205,Clothing,East,1,440.89,0.13,COD,6,2.9,383.57
11647,03/15/2022,1830,Home,North,7,466.4,0.22,COD,1,1.1,2546.54
11648,09/19/2022,1974,Clothing,East,4,70.51,0.23,Card,7,1.4,217.17
11649,08/06/2022,1620,Electronics,West,6,292.5,0.28,COD,5,1.4,1263.6
11650,11/25/2022,1230,Beauty,Central,5,364.85,0.23,COD,3,1.5,1404.67
11651,10/10/2022,1578,Beauty,West,10,421.52,0.3,COD,11,4.5,2950.64
11652,12/23/2022,1761,Electronics,South,8,140.78,0.05,COD,7,3.0,1069.93
11653,03/21/2022,1619,Electronics,West,7,567.24,0.12,Card,5,2.2,3494.2
11654,10/11/2022,1383,Home,South,1,170.5,0.12,Card,2,1.4,150.04
11655,05/26/2022,1102,Electronics,Central,2,46.69,0.03,Card,6,1.7,90.58
11656,05/01/2022,1419,Beauty,South,5,342.48,0.09,Card,8,1.6,1558.28
11657,08/31/2022,1998,Clothing,North,10,114.74,0.27,Card,12,4.6,837.6
11658,05/10/2023,1436,Health,South,9,561.85,0.29,Card,7,1.9,3590.22
11659,09/01/2022,1918,Toys,West,10,281.82,0.09,COD,7,1.8,2564.56
11660,02/09/2023,1457,Electronics,Central,3,179.44,0.25,Card,4,4.1,403.74
11661,04/30/2022,1108,Health,South,3,98.96,0.07,Wallet,4,1.6,276.1
11662,11/07/2022,1820,Electronics,East,2,134.25,0.01,Wallet,1,3.2,265.81
11663,01/01/2022,1702,Clothing,South,3,360.99,0.02,Card,7,2.4,1061.31
11664,01/12/2022,1333,Toys,Central,5,346.62,0.2,COD,10,1.7,1386.48
11665,02/03/2022,1997,Home,Central,6,179.32,0.12,COD,11,4.8,946.81
11666,10/26/2022,1405,Clothing,West,4,76.23,0.22,Wallet,9,3.8,237.84
11667,12/29/2022,1229,Toys,South,10,575.29,0.14,Wallet,4,1.3,4947.49
11668,09/20/2022,1662,Clothing,North,8,11.24,0.04,Card,3,3.5,86.32
11669,12/24/2022,1547,Health,East,5,413.44,0.21,Wallet,12,2.7,1633.09
11670,02/27/2023,1976,Home,South,7,40.94,0.11,COD,1,3.0,255.06
11671,02/07/2023,1885,Toys,North,10,280.49,0.17,COD,10,4.3,2328.07
11672,04/02/2023,1385,Toys,West,5,328.86,0.19,COD,1,1.4,1331.88
11673,03/28/2022,1403,Clothing,East,8,186.08,0.16,Wallet,6,4.9,1250.46
11674,06/08/2022,1321,Electronics,Central,3,195.52,0.06,Card,11,3.1,551.37
11675,11/01/2022,1074,Home,North,8,263.38,0.3,Card,12,3.1,1474.93
11676,01/07/2023,1063,Clothing,Central,9,165.07,0.34,Card,6,2.3,980.52
11677,05/15/2023,1770,Beauty,North,9,492.37,0.23,COD,11,1.3,3412.12
11678,07/18/2022,1494,Health,South,10,584.49,0.11,Card,3,2.2,5201.96
11679,03/01/2022,1971,Home,East,3,401.98,0.13,Wallet,1,2.1,1049.17
11680,08/02/2022,1817,Beauty,Central,6,477.54,0.18,Wallet,8,3.8,2349.5
11681,10/09/2022,1378,Electronics,West,6,580.86,0.2,COD,8,3.5,2788.13
11682,07/31/2022,1287,Home,Central,2,141.09,0.17,Wallet,8,3.0,234.21
11683,02/15/2022,1078,Home,South,7,151.33,0.31,Wallet,7,1.6,730.92
11684,03/15/2022,1287,Health,South,9,418.48,0.33,Wallet,10,1.5,2523.43
11685,03/23/2022,1890,Toys,West,8,543.02,0.02,Wallet,7,3.1,4257.28
11686,07/07/2022,1005,Electronics,Central,10,117.13,0.02,COD,6,2.1,1147.87
11687,07/11/2022,1987,Health,West,2,461.79,0.32,Card,1,3.4,628.03
11688,03/11/2022,1926,Toys,North,9,480.99,0.15,Card,4,1.1,3679.57
11689,03/28/2022,1119,Toys,Central,6,38.19,0.08,Card,3,3.8,210.81
11690,08/19/2022,1145,Clothing,East,5,539.65,0.21,Card,12,1.4,2131.62
11691,07/03/2022,1079,Clothing,North,6,562.22,0.14,COD,5,4.4,2901.06
11692,01/15/2023,1302,Beauty,North,3,232.33,0.31,Wallet,10,1.5,480.92
11693,10/22/2022,1945,Electronics,South,6,485.26,0.2,COD,9,3.1,2329.25
11694,11/09/2022,1121,Beauty,South,10,579.2,0.18,COD,1,1.8,4749.44
11695,01/15/2023,1960,Beauty,East,1,529.81,0.13,COD,4,4.8,460.93
11696,07/15/2022,1346,Beauty,West,4,576.77,0.17,Wallet,5,1.7,1914.88
11697,03/16/2022,1738,Clothing,East,9,374.6,0.29,COD,7,2.5,2393.69
11698,05/06/2022,1791,Home,South,5,113.9,0.02,Wallet,2,4.4,558.11
11699,12/21/2022,1447,Home,South,2,568.3,0.33,COD,5,4.2,761.52
11700,11/05/2022,1103,Beauty,South,2,475.11,0.18,Wallet,3,1.9,779.18
11701,10/16/2022,1064,Electronics,East,9,391.5,0.09,Wallet,1,3.0,3206.39
11702,11/13/2022,1293,Beauty,West,3,374.94,0.13,COD,4,1.5,978.59
11703,09/21/2022,1831,Toys,East,7,579.49,0.19,Wallet,11,2.5,3285.71
11704,10/22/2022,1521,Toys,South,7,281.35,0.33,Card,8,3.4,1319.53
11705,04/27/2023,1707,Beauty,Central,4,399.77,0.12,COD,6,3.2,1407.19
11706,10/17/2022,1283,Beauty,West,5,451.97,0.2,Wallet,11,2.8,1807.88
11707,04/26/2022,1746,Toys,Central,6,133.46,0.07,Card,12,2.2,744.71
11708,07/03/2022,1441,Health,South,6,343.54,0.06,Wallet,12,1.4,1937.57
11709,04/04/2023,1447,Home,Central,5,450.79,0.21,COD,9,2.1,1780.62
11710,09/29/2022,1305,Home,Central,8,289.02,0.2,Wallet,3,2.9,1849.73
11711,04/17/2023,1340,Beauty,South,10,556.8,0.29,Wallet,10,3.6,3953.28
11712,05/20/2022,1908,Toys,Central,6,267.27,0.09,Wallet,3,3.3,1459.29
11713,04/08/2023,1331,Clothing,West,6,515.65,0.25,COD,9,4.1,2320.42
11714,09/19/2022,1967,Clothing,South,3,103.58,0.32,Card,4,1.8,211.3
11715,02/23/2022,1311,Clothing,North,10,551.95,0.15,Wallet,10,3.2,4691.57
11716,09/27/2022,1942,Toys,East,4,158.77,0.2,Card,5,3.6,508.06
11717,03/12/2023,1682,Electronics,West,7,525.29,0.04,COD,1,3.4,3529.95
11718,11/22/2022,1268,Home,South,7,265.46,0.05,Card,2,2.5,1765.31
11719,04/29/2023,1695,Electronics,South,6,283.49,0.1,COD,8,3.8,1530.85
11720,02/06/2023,1173,Toys,Central,7,38.73,0.01,Wallet,6,2.6,268.4
11721,11/15/2022,1415,Beauty,East,5,529.42,0.11,COD,3,3.0,2355.92
11722,03/30/2022,1630,Beauty,East,10,583.91,0.1,Wallet,8,4.7,5255.19
11723,11/22/2022,1706,Beauty,Central,4,21.74,0.34,COD,8,2.1,57.39
11724,07/14/2022,1291,Clothing,East,8,504.91,0.16,COD,8,2.7,3393.0
11725,03/21/2022,1242,Health,North,9,333.04,0.24,COD,6,4.4,2277.99
11726,09/18/2022,1318,Clothing,East,2,207.8,0.09,Wallet,11,3.8,378.2
11727,01/24/2022,1848,Beauty,Central,8,596.45,0.25,Wallet,7,4.5,3578.7
11728,11/30/2022,1431,Electronics,North,2,553.72,0.34,COD,3,4.6,730.91
11729,03/05/2022,1711,Electronics,West,2,322.37,0.08,Wallet,6,3.7,593.16
11730,08/08/2022,1261,Toys,Central,8,348.36,0.16,Wallet,9,2.5,2340.98
11731,07/13/2022,1595,Home,Central,8,19.02,0.11,Wallet,2,2.8,135.42
11732,01/08/2022,1188,Electronics,West,3,397.51,0.28,Card,4,2.2,858.62
11733,01/13/2023,1375,Home,East,10,80.95,0.11,Wallet,12,1.5,720.46
11734,04/08/2023,1616,Toys,South,5,494.41,0.19,COD,2,1.0,2002.36
11735,10/11/2022,1986,Electronics,East,2,576.22,0.26,Card,11,1.5,852.81
11736,01/12/2023,1189,Electronics,South,1,387.4,0.23,Card,6,2.0,298.3
11737,11/08/2022,1363,Toys,West,7,396.26,0.29,Card,6,2.6,1969.41
11738,06/01/2022,1318,Health,East,2,545.43,0.14,Card,1,3.1,938.14
11739,10/03/2022,1922,Toys,West,4,210.69,0.29,Wallet,3,2.1,598.36
11740,01/21/2023,1153,Beauty,East,6,106.45,0.23,Wallet,12,1.9,491.8
11741,08/26/2022,1518,Electronics,Central,4,10.21,0.05,COD,6,4.3,38.8
11742,04/18/2022,1806,Health,Central,1,299.39,0.25,COD,6,3.6,224.54
11743,04/08/2023,1072,Home,East,6,147.62,0.19,Wallet,8,3.7,717.43
11744,02/11/2022,1289,Health,West,9,552.6,0.27,Wallet,2,3.5,3630.58
11745,01/22/2022,1272,Health,South,1,98.41,0.31,Card,5,2.8,67.9
11746,09/12/2022,1595,Health,West,4,150.8,0.04,Wallet,5,3.7,579.07
11747,11/10/2022,1727,Beauty,North,1,543.59,0.15,Card,6,4.1,462.05
11748,04/25/2022,1043,Electronics,South,7,291.27,0.13,Wallet,5,3.6,1773.83
11749,01/18/2022,1457,Home,South,3,410.44,0.17,COD,9,2.9,1022.0
11750,12/22/2022,1214,Clothing,West,2,208.01,0.07,Card,2,1.0,386.9
11751,04/20/2022,1689,Toys,West,10,361.26,0.29,Card,5,4.6,2564.95
11752,10/17/2022,1622,Clothing,West,6,281.42,0.2,Card,5,2.1,1350.82
11753,01/01/2022,1557,Health,North,10,580.2,0.12,Card,8,1.4,5105.76
11754,01/06/2023,1651,Clothing,Central,4,404.6,0.19,Card,7,2.1,1310.9
11755,12/11/2022,1112,Beauty,North,7,488.2,0.34,COD,9,3.5,2255.48
11756,03/20/2022,1449,Toys,Central,6,271.21,0.21,Wallet,12,1.9,1285.54
11757,07/17/2022,1129,Health,North,1,576.75,0.15,Card,6,2.6,490.24
11758,03/23/2023,1554,Toys,West,10,307.92,0.31,COD,4,4.0,2124.65
11759,03/31/2022,1839,Clothing,South,6,280.09,0.09,Wallet,5,4.5,1529.29
11760,08/25/2022,1263,Beauty,North,3,530.58,0.2,Card,7,2.2,1273.39
11761,05/09/2022,1709,Electronics,East,3,372.63,0.02,Wallet,5,1.1,1095.53
11762,04/27/2023,1558,Clothing,South,7,493.9,0.28,COD,12,3.3,2489.26
11763,11/14/2022,1359,Beauty,West,1,369.6,0.08,COD,5,3.1,340.03
11764,12/21/2022,1230,Electronics,South,3,206.66,0.21,Card,3,2.6,489.78
11765,03/15/2023,1457,Beauty,West,8,212.19,0.16,Wallet,11,3.8,1425.92
11766,03/28/2023,1052,Beauty,Central,1,293.37,0.16,Card,9,3.9,246.43
11767,04/03/2023,1215,Beauty,East,9,441.74,0.31,Wallet,3,3.6,2743.21
11768,02/13/2023,1805,Home,West,4,493.23,0.3,Wallet,9,2.4,1381.04
11769,12/08/2022,1169,Clothing,North,8,595.72,0.04,Wallet,3,3.2,4575.13
11770,09/27/2022,1084,Health,South,9,526.34,0.12,Wallet,10,2.9,4168.61
11771,12/25/2022,1913,Beauty,Central,3,215.15,0.2,Wallet,10,1.1,516.36
11772,03/13/2022,1952,Health,Central,9,300.98,0.22,COD,8,5.0,2112.88
11773,04/14/2023,1881,Beauty,Central,9,478.48,0.1,Wallet,2,1.2,3875.69
11774,04/23/2022,1199,Home,Central,3,494.63,0.16,COD,9,3.1,1246.47
11775,01/24/2022,1490,Toys,South,4,229.41,0.23,COD,11,1.5,706.58
11776,05/07/2022,1435,Beauty,East,5,52.71,0.15,Card,2,1.7,224.02
11777,11/09/2022,1132,Home,Central,2,445.4,0.1,Wallet,4,2.1,801.72
11778,04/07/2023,1040,Electronics,North,8,467.75,0.27,Wallet,6,1.0,2731.66
11779,03/31/2023,1232,Clothing,East,5,511.33,0.31,Wallet,1,2.3,1764.09
11780,01/05/2022,1547,Home,West,9,373.82,0.11,Card,3,4.3,2994.3
11781,11/12/2022,1528,Toys,North,1,478.66,0.3,Wallet,11,4.0,335.06
11782,08/14/2022,1399,Health,East,6,551.93,0.23,Card,7,1.3,2549.92
11783,09/02/2022,1887,Health,West,1,361.27,0.02,Card,10,1.3,354.04
11784,11/18/2022,1930,Clothing,South,3,359.77,0.3,Wallet,12,2.1,755.52
11785,10/05/2022,1996,Clothing,North,2,408.39,0.17,Wallet,11,4.1,677.93
11786,02/13/2023,1029,Clothing,Central,1,64.88,0.18,Card,5,1.6,53.2
11787,03/11/2023,1129,Home,East,10,155.82,0.27,COD,8,1.3,1137.49
11788,04/17/2022,1588,Health,North,8,229.73,0.25,COD,1,2.7,1378.38
11789,03/08/2022,1412,Toys,East,7,175.73,0.17,Card,6,3.3,1020.99
11790,12/29/2022,1095,Electronics,North,3,422.35,0.27,Card,10,1.7,924.95
11791,07/17/2022,1564,Beauty,West,6,346.39,0.15,COD,3,4.7,1766.59
11792,10/16/2022,1784,Clothing,North,5,433.61,0.02,COD,1,2.5,2124.69
11793,04/27/2022,1539,Electronics,Central,6,555.36,0.04,COD,12,2.9,3198.87
11794,01/01/2022,1205,Beauty,South,1,191.75,0.17,COD,5,3.1,159.15
11795,07/24/2022,1147,Beauty,South,2,590.33,0.07,COD,5,4.6,1098.01
11796,01/06/2023,1320,Health,West,9,464.26,0.3,COD,3,1.6,2924.84
11797,02/16/2023,1366,Home,Central,4,327.25,0.25,COD,4,2.5,981.75
11798,01/11/2022,1832,Electronics,South,1,355.08,0.04,Card,9,2.0,340.88
11799,02/19/2023,1481,Home,South,6,232.5,0.18,Card,2,4.1,1143.9
11800,01/29/2022,1587,Home,West,5,105.15,0.31,COD,7,3.7,362.77
11801,04/28/2023,1520,Toys,South,4,403.42,0.32,COD,4,3.6,1097.3
11802,03/23/2022,1683,Electronics,Central,7,508.37,0.08,Card,11,4.1,3273.9
11803,05/26/2022,1648,Electronics,East,5,223.64,0.03,COD,11,3.5,1084.65
11804,06/19/2022,1387,Clothing,South,5,486.69,0.14,Card,10,2.8,2092.77
11805,04/04/2023,1384,Clothing,East,2,568.87,0.13,COD,5,3.3,989.83
11806,03/15/2023,1778,Beauty,Central,4,535.22,0.25,COD,9,1.8,1605.66
11807,03/20/2022,1137,Electronics,South,1,53.11,0.27,Wallet,12,4.1,38.77
11808,04/19/2023,1562,Home,North,9,451.93,0.08,COD,3,4.5,3741.98
11809,03/31/2023,1326,Clothing,North,6,216.5,0.1,Card,4,4.4,1169.1
11810,01/25/2023,1979,Clothing,North,9,10.85,0.08,Card,10,2.6,89.84
11811,09/10/2022,1570,Health,Central,4,439.06,0.07,Wallet,9,3.4,1633.3
11812,04/06/2022,1141,Beauty,Central,7,231.87,0.17,COD,9,2.6,1347.16
11813,01/04/2023,1416,Clothing,Central,10,345.97,0.23,COD,6,3.1,2663.97
11814,12/05/2022,1477,Clothing,Central,1,91.87,0.11,COD,5,4.1,81.76
11815,04/16/2023,1101,Health,East,7,434.43,0.35,COD,9,2.7,1976.66
11816,03/10/2023,1745,Beauty,South,9,438.23,0.02,Card,3,2.9,3865.19
11817,02/26/2022,1754,Electronics,Central,9,63.45,0.31,Card,7,4.5,394.02
11818,03/12/2023,1867,Clothing,South,1,85.5,0.27,Wallet,4,3.7,62.41
11819,12/06/2022,1539,Beauty,West,3,320.61,0.11,Wallet,3,2.8,856.03
11820,11/07/2022,1307,Home,North,10,122.16,0.31,Card,10,2.3,842.9
11821,01/08/2023,1060,Home,Central,5,523.46,0.08,Card,1,2.3,2407.92
11822,03/24/2023,1148,Beauty,East,6,540.99,0.18,Wallet,9,2.4,2661.67
11823,05/29/2022,1181,Beauty,North,9,156.75,0.16,COD,10,2.0,1185.03
11824,06/26/2022,1820,Electronics,South,3,598.04,0.05,Card,7,1.2,1704.41
11825,06/20/2022,1176,Electronics,South,2,345.08,0.34,Card,5,2.2,455.51
11826,02/15/2023,1879,Beauty,North,4,197.35,0.29,COD,8,2.8,560.47
11827,02/19/2023,1735,Home,Central,8,197.42,0.13,Wallet,1,2.6,1374.04
11828,11/11/2022,1167,Electronics,Central,8,142.1,0.07,Wallet,7,3.4,1057.22
11829,01/10/2023,1123,Health,East,8,244.15,0.07,Card,9,2.5,1816.48
11830,04/06/2022,1786,Home,North,6,199.89,0.13,Card,5,1.4,1043.43
11831,03/05/2023,1524,Beauty,South,7,241.68,0.05,Wallet,11,3.4,1607.17
11832,07/04/2022,1678,Health,East,6,275.8,0.3,Card,4,1.8,1158.36
11833,03/20/2022,1476,Beauty,East,1,417.6,0.15,Card,4,3.7,354.96
11834,04/24/2023,1858,Home,East,2,364.01,0.06,COD,8,2.7,684.34
11835,02/02/2023,1675,Electronics,West,1,513.52,0.28,COD,1,2.6,369.73
11836,05/10/2023,1346,Health,Central,4,98.26,0.22,COD,5,3.8,306.57
11837,10/06/2022,1033,Toys,East,10,271.85,0.05,Card,3,3.2,2582.57
11838,08/22/2022,1129,Toys,South,6,283.44,0.08,Card,6,3.3,1564.59
11839,04/23/2023,1200,Electronics,East,9,74.41,0.28,COD,1,4.3,482.18
11840,11/28/2022,1090,Beauty,North,2,25.72,0.02,COD,1,3.2,50.41
11841,05/14/2023,1778,Home,South,4,582.46,0.31,COD,3,5.0,1607.59
11842,08/23/2022,1696,Home,West,7,310.32,0.31,COD,7,2.9,1498.85
11843,06/01/2022,1937,Health,East,8,332.3,0.17,COD,8,4.8,2206.47
11844,07/06/2022,1222,Health,North,1,95.07,0.19,Wallet,12,3.4,77.01
11845,11/05/2022,1387,Clothing,West,3,560.69,0.18,Wallet,11,4.1,1379.3
11846,05/06/2023,1901,Home,Central,2,499.17,0.14,Card,11,2.9,858.57
11847,08/01/2022,1597,Beauty,Central,9,76.32,0.28,Wallet,5,4.4,494.55
11848,06/02/2022,1219,Home,East,8,103.7,0.11,COD,8,4.9,738.34
11849,11/04/2022,1287,Electronics,West,8,469.49,0.34,Card,9,4.0,2478.91
11850,03/29/2023,1277,Health,North,6,588.22,0.1,Wallet,4,3.1,3176.39
11851,11/13/2022,1741,Health,East,1,510.09,0.29,COD,7,3.7,362.16
11852,10/20/2022,1978,Toys,West,9,35.29,0.03,COD,1,3.9,308.08
11853,04/24/2023,1050,Home,North,4,66.83,0.15,Wallet,11,2.9,227.22
11854,05/09/2022,1817,Beauty,East,8,491.2,0.14,Wallet,10,4.5,3379.46
11855,04/04/2023,1094,Electronics,North,9,73.22,0.21,COD,10,1.4,520.59
11856,04/04/2023,1739,Home,Central,3,429.1,0.18,Wallet,5,2.4,1055.59
11857,04/03/2022,1704,Electronics,West,5,569.54,0.31,Card,6,3.4,1964.91
11858,05/04/2022,1632,Home,North,9,185.5,0.32,Wallet,9,2.1,1135.26
11859,11/28/2022,1081,Electronics,North,8,584.37,0.31,COD,2,4.8,3225.72
11860,03/23/2023,1161,Toys,West,7,60.39,0.08,Wallet,8,4.2,388.91
11861,03/04/2022,1823,Electronics,South,1,563.89,0.22,COD,4,4.8,439.83
11862,05/31/2022,1922,Toys,West,2,87.9,0.11,COD,7,2.3,156.46
11863,04/13/2023,1312,Toys,West,9,455.18,0.32,Card,5,4.0,2785.7
11864,02/20/2022,1497,Toys,West,7,342.61,0.09,Card,2,3.9,2182.43
11865,01/26/2022,1748,Clothing,North,8,243.44,0.13,COD,9,1.5,1694.34
11866,03/12/2023,1925,Beauty,Central,1,76.96,0.27,Card,10,3.6,56.18
11867,09/26/2022,1925,Health,North,8,186.19,0.08,COD,10,1.0,1370.36
11868,04/10/2023,1581,Health,South,4,516.42,0.33,Card,11,3.1,1384.01
11869,12/06/2022,1821,Clothing,North,2,264.92,0.02,COD,11,4.6,519.24
11870,04/29/2022,1216,Health,North,1,125.11,0.34,Card,11,1.6,82.57
11871,08/20/2022,1227,Electronics,Central,7,360.63,0.27,Card,3,2.1,1842.82
11872,07/12/2022,1547,Clothing,East,2,178.25,0.22,COD,8,2.4,278.07
11873,05/10/2023,1507,Electronics,East,9,28.24,0.06,Card,10,4.8,238.91
11874,05/09/2022,1594,Beauty,West,6,257.68,0.31,COD,6,3.1,1066.8
11875,03/12/2023,1990,Toys,East,4,445.75,0.27,Wallet,3,1.4,1301.59
11876,04/06/2023,1149,Home,South,2,452.92,0.34,Card,5,2.2,597.85
11877,05/14/2023,1544,Beauty,East,1,21.95,0.19,COD,10,1.7,17.78
11878,02/02/2022,1053,Clothing,Central,6,404.86,0.31,COD,7,1.1,1676.12
11879,06/22/2022,1745,Toys,West,1,422.17,0.18,Wallet,11,1.5,346.18
11880,09/07/2022,1882,Health,East,5,100.47,0.12,COD,3,4.5,442.07
11881,07/16/2022,1087,Home,Central,4,198.87,0.02,Wallet,5,3.2,779.57
11882,02/12/2022,1235,Health,North,1,407.52,0.33,COD,5,4.1,273.04
11883,05/25/2022,1506,Home,Central,5,163.42,0.05,Card,1,3.1,776.24
11884,10/06/2022,1459,Toys,West,9,94.82,0.07,Card,1,4.1,793.64
11885,11/23/2022,1195,Clothing,Central,9,149.75,0.06,Wallet,9,4.6,1266.88
11886,03/21/2022,1599,Electronics,North,2,469.74,0.11,COD,8,2.7,836.14
11887,04/02/2022,1637,Toys,North,10,280.43,0.03,COD,11,4.8,2720.17
11888,01/01/2022,1973,Electronics,East,4,146.94,0.01,Card,8,4.3,581.88
11889,08/21/2022,1270,Electronics,West,1,420.87,0.31,Wallet,6,1.3,290.4
11890,04/23/2022,1683,Health,Central,1,216.03,0.23,Wallet,8,4.2,166.34
11891,05/09/2022,1140,Home,Central,5,111.37,0.15,Wallet,1,4.0,473.32
11892,01/04/2023,1881,Clothing,East,4,588.33,0.29,COD,12,3.5,1670.86
11893,03/08/2023,1173,Toys,West,7,581.81,0.08,Wallet,1,4.4,3746.86
11894,04/13/2023,1875,Beauty,South,8,540.32,0.18,Wallet,2,2.0,3544.5
11895,07/31/2022,1744,Home,Central,2,321.0,0.23,COD,6,4.5,494.34
11896,08/22/2022,1538,Health,North,1,578.65,0.08,COD,12,4.3,532.36
11897,01/28/2023,1216,Electronics,West,1,79.8,0.08,COD,9,2.9,73.42
11898,12/20/2022,1024,Beauty,Central,5,183.63,0.09,Card,6,1.5,835.52
11899,08/01/2022,1576,Electronics,Central,10,174.34,0.08,Wallet,7,1.9,1603.93
11900,02/25/2022,1166,Home,North,2,563.78,0.1,COD,9,1.5,1014.8
11901,04/08/2022,1176,Beauty,Central,10,87.93,0.02,COD,3,3.5,861.71
11902,05/08/2023,1618,Home,North,1,460.33,0.05,Card,2,3.7,437.31
11903,03/26/2022,1080,Toys,West,4,247.76,0.06,COD,8,4.7,931.58
11904,03/06/2023,1314,Health,North,1,578.51,0.23,Wallet,3,1.1,445.45
11905,09/03/2022,1352,Health,East,7,115.29,0.06,Card,12,1.6,758.61
11906,11/26/2022,1059,Home,West,1,133.02,0.03,Wallet,3,3.9,129.03
11907,01/07/2023,1311,Electronics,East,3,53.9,0.32,COD,11,4.5,109.96
11908,11/08/2022,1807,Toys,West,6,415.4,0.25,Card,12,2.5,1869.3
11909,08/31/2022,1656,Toys,Central,3,434.88,0.11,Wallet,8,1.8,1161.13
11910,02/01/2023,1275,Home,East,4,380.93,0.23,Wallet,1,1.4,1173.26
11911,03/01/2022,1063,Electronics,West,4,336.17,0.3,COD,10,4.2,941.28
11912,08/17/2022,1815,Beauty,West,7,314.77,0.2,Wallet,8,3.7,1762.71
11913,11/23/2022,1691,Beauty,South,7,192.63,0.12,Card,1,4.0,1186.6
11914,05/03/2023,1154,Home,North,3,368.82,0.23,Wallet,2,4.3,851.97
11915,03/04/2022,1555,Home,North,3,549.04,0.02,Wallet,5,4.8,1614.18
11916,08/04/2022,1903,Health,Central,6,266.41,0.15,COD,3,5.0,1358.69
11917,03/29/2023,1301,Home,East,5,207.4,0.15,Wallet,7,2.0,881.45
11918,08/31/2022,1776,Health,West,9,382.7,0.04,COD,10,4.3,3306.53
11919,09/03/2022,1236,Electronics,North,10,448.95,0.11,COD,5,1.0,3995.66
11920,09/13/2022,1801,Toys,West,6,27.21,0.28,COD,8,4.5,117.55
11921,02/27/2023,1899,Clothing,Central,1,99.67,0.2,Wallet,2,4.6,79.74
11922,02/28/2023,1531,Clothing,West,5,593.42,0.28,Wallet,12,5.0,2136.31
11923,08/23/2022,1553,Electronics,South,10,468.65,0.17,COD,9,2.4,3889.79
11924,02/01/2022,1899,Home,East,4,440.03,0.06,Card,8,4.5,1654.51
11925,10/10/2022,1685,Beauty,South,8,86.73,0.21,Card,1,1.1,548.13
11926,02/18/2023,1732,Clothing,East,9,216.91,0.02,COD,1,4.7,1913.15
11927,03/26/2022,1448,Beauty,Central,2,423.9,0.35,Wallet,5,4.6,551.07
11928,06/06/2022,1320,Clothing,East,4,539.04,0.28,COD,7,4.8,1552.44
11929,11/05/2022,1133,Clothing,North,9,226.15,0.24,Card,2,4.6,1546.87
11930,03/28/2022,1681,Beauty,East,2,312.99,0.16,Wallet,11,1.9,525.82
11931,08/11/2022,1149,Beauty,West,3,257.45,0.09,COD,4,4.3,702.84
11932,12/12/2022,1275,Electronics,South,1,28.34,0.33,Wallet,7,3.9,18.99
11933,04/10/2022,1702,Home,East,1,302.99,0.09,Card,12,2.4,275.72
11934,04/05/2022,1421,Health,Central,4,81.89,0.14,Wallet,8,1.7,281.7
11935,01/01/2022,1057,Toys,West,4,287.32,0.33,COD,9,4.6,770.02
11936,08/20/2022,1512,Health,Central,1,94.05,0.32,Wallet,7,4.7,63.95
11937,09/22/2022,1347,Clothing,East,10,382.56,0.09,Card,5,3.4,3481.3
11938,02/16/2023,1745,Clothing,East,5,599.26,0.03,COD,8,4.3,2906.41
11939,12/10/2022,1426,Home,North,2,439.55,0.12,Card,5,2.0,773.61
11940,05/13/2023,1491,Home,East,1,251.75,0.06,Card,4,2.8,236.64
11941,11/27/2022,1130,Beauty,West,7,435.24,0.32,Card,11,3.1,2071.74
11942,03/23/2023,1678,Electronics,South,10,403.14,0.3,Wallet,11,3.2,2821.98
11943,02/12/2023,1208,Clothing,South,9,292.78,0.21,COD,1,3.8,2081.67
11944,03/03/2022,1424,Home,Central,6,338.86,0.32,Card,12,3.9,1382.55
11945,04/28/2022,1639,Clothing,Central,1,80.02,0.32,COD,12,2.5,54.41
11946,12/14/2022,1067,Electronics,Central,8,594.18,0.18,Card,3,4.9,3897.82
11947,11/11/2022,1330,Electronics,West,6,185.53,0.21,Card,5,3.3,879.41
11948,04/08/2023,1084,Electronics,West,1,284.37,0.15,COD,9,1.7,241.71
11949,11/14/2022,1578,Clothing,North,2,187.41,0.2,Card,11,2.5,299.86
11950,02/07/2022,1339,Health,Central,6,553.17,0.14,COD,6,3.8,2854.36
11951,05/11/2023,1066,Electronics,Central,5,596.58,0.06,Wallet,12,3.8,2803.93
11952,06/24/2022,1205,Beauty,North,6,34.76,0.08,Wallet,1,1.6,191.88
11953,01/18/2023,1975,Toys,South,2,546.9,0.04,COD,11,2.8,1050.05
11954,08/13/2022,1554,Clothing,Central,6,18.77,0.14,Wallet,9,4.8,96.85
11955,05/25/2022,1562,Toys,West,3,321.03,0.14,COD,5,2.2,828.26
11956,03/21/2023,1777,Toys,North,6,395.12,0.31,Card,7,3.7,1635.8
11957,05/15/2022,1326,Toys,Central,3,491.92,0.18,Wallet,1,3.7,1210.12
11958,09/14/2022,1696,Toys,Central,4,132.37,0.08,COD,8,2.4,487.12
11959,02/07/2022,1434,Home,Central,8,552.12,0.06,Card,3,1.7,4151.94
11960,03/31/2023,1694,Clothing,East,4,64.01,0.07,Card,9,4.8,238.12
11961,10/16/2022,1748,Health,South,8,342.24,0.35,Wallet,10,4.9,1779.65
11962,01/06/2023,1232,Clothing,South,9,326.18,0.32,Card,3,2.6,1996.22
11963,06/15/2022,1349,Beauty,West,2,516.01,0.21,Wallet,5,1.5,815.3
11964,03/08/2022,1517,Clothing,East,8,401.16,0.16,Wallet,12,1.8,2695.8
11965,07/24/2022,1939,Home,North,7,321.31,0.19,Card,3,4.7,1821.83
11966,08/23/2022,1426,Health,West,8,36.62,0.27,Wallet,12,3.6,213.86
11967,12/23/2022,1957,Toys,South,10,187.92,0.09,Wallet,8,2.2,1710.07
11968,01/12/2022,1882,Home,Central,3,30.27,0.18,Wallet,7,3.8,74.46
11969,05/16/2022,1994,Home,North,2,285.23,0.28,Card,9,2.3,410.73
11970,01/24/2022,1517,Electronics,West,5,84.1,0.19,Card,3,1.5,340.61
11971,10/04/2022,1442,Home,Central,5,574.21,0.03,Wallet,4,1.5,2784.92
11972,01/18/2023,1800,Beauty,North,8,101.2,0.29,COD,8,2.4,574.82
11973,06/23/2022,1702,Electronics,South,6,64.68,0.34,COD,8,1.1,256.13
11974,06/08/2022,1984,Electronics,North,9,202.93,0.2,Wallet,12,2.5,1461.1
11975,11/04/2022,1308,Home,South,1,87.76,0.16,COD,3,4.4,73.72
11976,02/28/2023,1605,Toys,South,1,255.26,0.15,Card,8,5.0,216.97
11977,01/31/2022,1192,Toys,West,9,391.67,0.04,COD,6,1.2,3384.03
11978,03/18/2022,1485,Health,South,9,434.85,0.3,Wallet,2,4.1,2739.55
11979,01/30/2023,1197,Clothing,West,4,258.0,0.01,Wallet,12,2.9,1021.68
11980,05/16/2022,1227,Electronics,South,7,79.75,0.3,Card,8,2.4,390.77
11981,07/14/2022,1973,Home,West,1,285.34,0.08,Card,12,3.6,262.51
11982,01/14/2022,1748,Health,West,6,566.44,0.28,COD,6,1.5,2447.02
11983,03/18/2023,1269,Electronics,Central,10,563.97,0.16,Wallet,10,1.0,4737.35
11984,11/27/2022,1867,Beauty,North,5,153.11,0.17,COD,12,4.6,635.41
11985,05/04/2022,1889,Health,South,10,242.97,0.29,Wallet,6,2.7,1725.09
11986,01/20/2022,1167,Home,West,1,322.29,0.17,Card,10,4.6,267.5
11987,03/08/2022,1588,Beauty,North,8,311.73,0.22,Card,7,2.5,1945.2
11988,04/17/2022,1805,Toys,East,1,118.61,0.11,Card,8,3.2,105.56
11989,05/03/2023,1990,Clothing,West,7,299.73,0.02,Wallet,2,2.4,2056.15
11990,09/16/2022,1597,Health,West,5,462.33,0.12,COD,8,4.5,2034.25
11991,04/01/2023,1566,Toys,East,1,406.7,0.22,COD,11,3.8,317.23
11992,10/15/2022,1286,Toys,South,1,180.37,0.31,Wallet,3,2.5,124.46
11993,10/13/2022,1745,Health,Central,4,185.94,0.04,COD,7,3.8,714.01
11994,02/20/2022,1686,Electronics,East,4,357.37,0.33,Wallet,9,4.7,957.75
11995,05/04/2023,1263,Toys,South,5,468.24,0.22,COD,6,3.5,1826.14
11996,09/07/2022,1569,Health,South,7,460.21,0.06,Wallet,7,3.9,3028.18
11997,04/26/2022,1082,Home,North,10,97.93,0.15,Card,11,4.5,832.41
11998,04/17/2023,1951,Electronics,West,3,373.58,0.14,COD,5,4.8,963.84
11999,11/25/2022,1053,Home,North,2,547.29,0.11,Card,7,2.2,974.18
12000,01/08/2022,1359,Clothing,Central,10,395.15,0.06,COD,5,3.9,3714.41
12001,11/13/2022,1463,Electronics,Central,2,10.51,0.05,Wallet,12,2.8,19.97
12002,01/09/2023,1617,Home,East,8,175.56,0.16,Card,5,1.6,1179.76
12003,01/19/2022,1549,Health,West,9,292.05,0.03,Card,12,1.6,2549.6
12004,03/17/2023,1179,Clothing,North,9,382.21,0.32,Wallet,1,4.4,2339.13
12005,01/24/2023,1174,Electronics,Central,7,214.78,0.05,COD,1,3.7,1428.29
12006,02/11/2022,1089,Beauty,West,7,556.13,0.05,COD,6,3.4,3698.26
12007,04/20/2023,1767,Toys,East,4,107.49,0.17,COD,8,3.5,356.87
12008,09/24/2022,1419,Home,East,4,239.88,0.15,COD,2,1.9,815.59
12009,02/17/2023,1656,Clothing,Central,5,407.66,0.27,Card,5,1.4,1487.96
12010,02/13/2023,1376,Beauty,North,10,107.34,0.22,Card,7,4.5,837.25
12011,03/13/2022,1035,Health,South,6,457.57,0.2,Card,11,3.5,2196.34
12012,11/07/2022,1212,Beauty,Central,9,170.12,0.04,Card,8,2.9,1469.84
12013,05/21/2022,1290,Toys,Central,4,272.67,0.27,Card,6,3.8,796.2
12014,07/03/2022,1367,Clothing,Central,9,526.31,0.14,Wallet,7,1.5,4073.64
12015,12/12/2022,1108,Electronics,West,6,190.05,0.21,Card,12,2.1,900.84
12016,01/14/2022,1616,Clothing,Central,4,30.42,0.27,Card,7,4.5,88.83
12017,06/28/2022,1419,Electronics,West,3,59.54,0.13,Card,2,1.7,155.4
12018,02/03/2022,1029,Beauty,North,10,270.72,0.01,COD,10,3.2,2680.13
12019,10/29/2022,1033,Electronics,South,1,424.28,0.08,Wallet,4,2.4,390.34
12020,04/27/2022,1248,Beauty,Central,1,162.2,0.28,Card,11,4.7,116.78
12021,04/17/2023,1696,Toys,South,3,373.77,0.03,COD,10,5.0,1087.67
12022,01/30/2022,1684,Health,West,10,493.89,0.21,Card,4,4.0,3901.73
12023,12/19/2022,1118,Beauty,South,10,89.73,0.16,COD,8,3.8,753.73
12024,01/09/2023,1271,Toys,Central,3,528.43,0.18,Card,11,2.3,1299.94
12025,12/06/2022,1499,Toys,Central,9,38.64,0.04,Card,10,4.7,333.85
12026,10/20/2022,1135,Home,West,3,572.4,0.26,Card,12,2.1,1270.73
12027,11/11/2022,1572,Toys,East,8,276.55,0.22,COD,9,1.2,1725.67
12028,11/15/2022,1803,Beauty,East,10,282.16,0.05,Wallet,9,1.5,2680.52
12029,11/01/2022,1568,Clothing,South,9,416.6,0.1,COD,6,3.4,3374.46
12030,04/23/2022,1158,Toys,Central,3,181.91,0.33,COD,10,4.7,365.64
12031,05/25/2022,1960,Beauty,West,4,243.96,0.15,Wallet,4,2.7,829.46
12032,10/01/2022,1165,Health,North,3,258.02,0.19,Card,1,4.7,626.99
12033,01/01/2022,1702,Beauty,North,10,365.87,0.26,Card,10,2.1,2707.44
12034,03/16/2023,1259,Electronics,West,7,507.76,0.11,Wallet,10,4.5,3163.34
12035,02/06/2023,1549,Home,North,2,137.4,0.1,Card,10,1.9,247.32
12036,01/21/2023,1948,Beauty,North,5,27.35,0.22,COD,3,2.6,106.67
12037,06/16/2022,1689,Health,South,2,364.45,0.3,Card,12,2.6,510.23
12038,01/30/2022,1103,Toys,Central,8,403.96,0.12,Card,4,2.4,2843.88
12039,06/15/2022,1521,Clothing,West,5,362.5,0.34,COD,9,4.1,1196.25
12040,01/08/2023,1657,Clothing,South,4,371.13,0.34,Card,1,2.3,979.78
12041,05/27/2022,1676,Beauty,South,3,128.61,0.02,COD,2,1.2,378.11
12042,10/06/2022,1171,Home,North,7,88.15,0.15,COD,1,1.8,524.49
12043,09/06/2022,1183,Electronics,Central,6,329.73,0.28,COD,3,4.5,1424.43
12044,05/27/2022,1303,Clothing,North,6,288.62,0.1,COD,6,2.7,1558.55
12045,07/17/2022,1040,Beauty,North,10,139.75,0.06,Wallet,11,1.2,1313.65
12046,06/14/2022,1103,Toys,East,7,260.2,0.28,Card,12,1.7,1311.41
12047,04/04/2022,1383,Toys,North,7,561.75,0.23,Card,5,2.2,3027.83
12048,08/03/2022,1479,Electronics,West,4,179.3,0.03,Card,3,3.4,695.68
12049,11/15/2022,1881,Clothing,South,4,576.25,0.15,COD,5,2.4,1959.25
12050,04/02/2023,1922,Home,North,2,443.9,0.32,Wallet,5,4.2,603.7
12051,02/09/2023,1699,Beauty,East,10,195.99,0.1,Wallet,4,3.3,1763.91
12052,04/30/2022,1646,Home,South,5,287.85,0.19,Wallet,10,3.1,1165.79
12053,11/21/2022,1661,Beauty,South,8,153.95,0.2,Wallet,12,1.2,985.28
12054,06/06/2022,1558,Health,East,6,498.3,0.27,Wallet,9,1.9,2182.55
12055,11/14/2022,1936,Beauty,East,2,460.39,0.3,Card,10,2.0,644.55
12056,06/01/2022,1888,Health,West,10,322.11,0.07,Card,10,1.3,2995.62
12057,10/31/2022,1365,Home,North,3,180.69,0.17,Card,8,3.4,449.92
12058,05/19/2022,1560,Health,East,9,232.52,0.31,Card,3,2.3,1443.95
12059,01/07/2023,1053,Toys,North,9,382.01,0.09,Wallet,6,4.9,3128.66
12060,04/19/2023,1831,Health,East,10,159.36,0.22,Card,6,2.9,1243.01
12061,02/25/2023,1096,Clothing,Central,9,541.5,0.05,Card,11,4.5,4629.82
12062,05/10/2023,1898,Health,South,2,84.23,0.02,Wallet,9,2.9,165.09
12063,08/07/2022,1505,Beauty,North,6,372.33,0.11,Wallet,5,1.7,1988.24
12064,10/13/2022,1712,Clothing,Central,4,553.52,0.27,COD,2,4.9,1616.28
12065,03/07/2023,1335,Beauty,East,6,303.06,0.12,Wallet,11,5.0,1600.16
12066,06/28/2022,1697,Home,North,2,109.42,0.01,Wallet,9,4.5,216.65
12067,02/10/2022,1606,Clothing,North,5,187.79,0.35,COD,8,4.0,610.32
12068,09/13/2022,1367,Electronics,South,8,528.54,0.24,Wallet,1,2.1,3213.52
12069,06/08/2022,1024,Beauty,East,2,491.5,0.09,COD,2,2.1,894.53
12070,01/07/2023,1484,Beauty,East,10,250.38,0.17,Card,8,2.9,2078.15
12071,04/22/2023,1512,Health,South,3,527.28,0.01,Card,10,4.3,1566.02
12072,12/02/2022,1354,Clothing,Central,6,327.53,0.13,Wallet,11,2.6,1709.71
12073,09/30/2022,1559,Beauty,Central,10,506.75,0.04,Card,10,3.4,4864.8
12074,02/01/2023,1695,Electronics,West,1,596.4,0.17,Card,11,3.3,495.01
12075,01/09/2023,1550,Beauty,Central,3,280.77,0.19,Wallet,2,1.6,682.27
12076,01/11/2023,1181,Home,East,9,208.36,0.33,COD,5,3.4,1256.41
12077,06/21/2022,1263,Toys,South,2,161.78,0.04,Wallet,8,2.0,310.62
12078,07/22/2022,1363,Beauty,East,4,86.53,0.09,Wallet,10,2.9,314.97
12079,09/10/2022,1612,Electronics,Central,6,490.05,0.31,Wallet,2,3.9,2028.81
12080,03/05/2022,1310,Beauty,East,1,12.5,0.14,Wallet,3,4.8,10.75
12081,02/18/2022,1892,Clothing,North,2,561.18,0.24,Card,10,1.4,852.99
12082,08/30/2022,1295,Clothing,West,4,276.27,0.27,COD,5,4.2,806.71
12083,01/24/2023,1238,Health,East,10,149.88,0.24,COD,10,1.8,1139.09
12084,01/14/2022,1606,Clothing,North,7,126.51,0.22,Card,6,3.4,690.74
12085,01/31/2023,1038,Electronics,North,4,234.63,0.13,Wallet,3,1.0,816.51
12086,04/08/2023,1560,Electronics,North,1,367.27,0.03,Card,6,1.8,356.25
12087,09/04/2022,1544,Clothing,West,9,474.78,0.16,Wallet,1,1.5,3589.34
12088,07/11/2022,1613,Toys,Central,8,426.82,0.24,COD,7,1.6,2595.07
12089,04/15/2022,1504,Health,East,3,149.87,0.32,Wallet,1,4.5,305.73
12090,03/19/2023,1045,Toys,South,7,300.92,0.3,COD,10,2.4,1474.51
12091,01/27/2022,1521,Clothing,East,1,139.1,0.06,Card,2,1.7,130.75
12092,06/17/2022,1260,Beauty,Central,4,405.31,0.3,Card,11,1.1,1134.87
12093,02/08/2022,1412,Electronics,West,4,120.05,0.3,Card,8,3.4,336.14
12094,04/26/2023,1451,Home,North,4,290.66,0.22,COD,1,2.9,906.86
12095,02/15/2022,1829,Electronics,Central,2,234.27,0.15,Card,4,4.5,398.26
12096,01/01/2023,1010,Electronics,South,10,123.24,0.26,COD,9,1.4,911.98
12097,01/04/2022,1769,Home,Central,2,250.15,0.18,Wallet,7,3.3,410.25
12098,02/14/2023,1859,Home,East,5,470.79,0.3,COD,12,2.8,1647.77
12099,04/14/2023,1597,Health,Central,1,406.82,0.08,Card,12,4.8,374.27
12100,04/10/2022,1909,Beauty,West,10,526.71,0.16,COD,9,4.9,4424.36
12101,02/09/2022,1076,Toys,North,2,215.29,0.03,COD,9,3.6,417.66
12102,03/16/2022,1151,Toys,North,10,56.44,0.24,Card,1,2.0,428.94
12103,08/12/2022,1427,Home,South,1,553.89,0.12,COD,1,3.1,487.42
12104,10/15/2022,1104,Beauty,East,8,277.72,0.14,COD,4,1.5,1910.71
12105,04/17/2022,1103,Home,Central,7,309.13,0.33,COD,5,4.2,1449.82
12106,04/01/2022,1057,Beauty,East,4,261.65,0.09,COD,9,2.4,952.41
12107,11/01/2022,1298,Home,North,6,507.85,0.27,Card,4,3.7,2224.38
12108,02/12/2023,1782,Electronics,Central,6,495.36,0.05,Wallet,9,2.4,2823.55
12109,08/27/2022,1290,Clothing,Central,1,103.09,0.29,Card,10,4.8,73.19
12110,04/10/2022,1226,Clothing,Central,10,53.13,0.13,COD,8,4.6,462.23
12111,10/24/2022,1919,Beauty,North,3,135.36,0.22,COD,10,1.7,316.74
12112,06/04/2022,1730,Clothing,North,5,580.94,0.07,COD,9,2.1,2701.37
12113,11/17/2022,1788,Toys,East,10,290.78,0.22,Card,5,3.0,2268.08
12114,01/23/2022,1691,Health,South,1,27.14,0.13,COD,1,4.1,23.61
12115,05/22/2022,1401,Health,South,7,540.37,0.16,COD,1,4.8,3177.38
12116,07/27/2022,1386,Electronics,Central,3,520.4,0.1,COD,5,1.3,1405.08
12117,03/14/2023,1582,Toys,South,2,91.23,0.05,COD,11,3.0,173.34
12118,09/24/2022,1158,Clothing,Central,9,144.09,0.3,Card,6,1.6,907.77
12119,04/10/2022,1084,Toys,North,1,133.06,0.29,Wallet,12,4.0,94.47
12120,01/25/2023,1227,Electronics,Central,8,516.7,0.31,Wallet,3,4.3,2852.18
12121,02/25/2022,1607,Electronics,North,10,378.75,0.21,Card,12,3.4,2992.12
12122,12/30/2022,1983,Home,South,3,31.91,0.06,Wallet,7,1.2,89.99
12123,09/30/2022,1431,Home,South,7,424.82,0.05,COD,12,1.4,2825.05
12124,10/22/2022,1243,Beauty,South,7,534.08,0.32,COD,1,2.8,2542.22
12125,03/10/2022,1101,Electronics,South,9,358.57,0.08,COD,1,4.3,2968.96
12126,03/03/2022,1068,Home,Central,7,96.11,0.23,COD,5,2.2,518.03
12127,04/22/2023,1153,Beauty,East,9,43.41,0.3,COD,8,3.7,273.48
12128,02/18/2023,1917,Beauty,East,4,76.24,0.07,Card,6,2.6,283.61
12129,05/07/2022,1785,Clothing,West,1,445.67,0.27,Card,12,2.4,325.34
12130,03/30/2023,1578,Clothing,Central,2,293.65,0.3,Card,5,3.7,411.11
12131,09/12/2022,1037,Electronics,Central,7,259.93,0.17,Wallet,2,1.3,1510.19
12132,07/15/2022,1046,Clothing,East,4,217.76,0.3,COD,7,1.9,609.73
12133,02/04/2022,1160,Beauty,North,7,216.81,0.01,Card,7,1.2,1502.49
12134,08/29/2022,1857,Beauty,Central,1,230.97,0.12,Card,2,1.6,203.25
12135,03/21/2022,1696,Clothing,Central,10,11.17,0.24,COD,5,1.9,84.89
12136,05/12/2023,1149,Beauty,North,1,208.32,0.08,Wallet,5,4.2,191.65
12137,06/18/2022,1614,Home,West,5,441.64,0.19,Card,8,1.3,1788.64
12138,06/23/2022,1074,Home,Central,7,149.35,0.31,Wallet,5,1.5,721.36
12139,04/09/2023,1983,Electronics,West,5,517.18,0.21,Card,11,2.2,2042.86
12140,07/13/2022,1580,Electronics,West,1,366.73,0.25,Wallet,12,3.7,275.05
12141,03/13/2022,1635,Health,North,5,459.14,0.33,COD,9,3.4,1538.12
12142,05/16/2022,1049,Toys,Central,7,15.06,0.22,Card,11,4.2,82.23
12143,10/10/2022,1467,Home,South,1,324.24,0.19,Card,6,2.2,262.63
12144,06/08/2022,1433,Home,North,6,297.27,0.1,COD,7,1.0,1605.26
12145,03/18/2022,1832,Beauty,West,2,146.86,0.33,Wallet,12,2.9,196.79
12146,08/20/2022,1375,Health,West,8,61.11,0.02,Wallet,3,2.3,479.1
12147,05/03/2023,1567,Electronics,South,5,530.83,0.07,Card,11,4.8,2468.36
12148,06/19/2022,1319,Home,North,4,59.94,0.1,Card,10,1.0,215.78
12149,02/17/2022,1858,Beauty,North,2,311.52,0.03,Wallet,8,4.2,604.35
12150,12/03/2022,1442,Home,West,6,109.48,0.18,COD,6,1.6,538.64
12151,08/05/2022,1336,Home,North,8,443.14,0.33,Wallet,7,2.5,2375.23
12152,09/23/2022,1303,Health,South,1,49.17,0.14,Wallet,2,3.9,42.29
12153,02/01/2023,1262,Electronics,East,1,446.43,0.06,Wallet,6,3.6,419.64
12154,10/26/2022,1205,Toys,North,2,325.09,0.32,Card,1,3.0,442.12
12155,01/25/2022,1582,Electronics,North,9,593.14,0.11,Wallet,8,2.2,4751.05
12156,02/03/2022,1303,Beauty,East,6,458.05,0.13,COD,6,1.7,2391.02
12157,04/03/2023,1333,Electronics,Central,3,496.02,0.09,Card,6,1.5,1354.13
12158,03/29/2023,1710,Clothing,South,9,184.25,0.31,Card,8,3.6,1144.19
12159,04/21/2022,1088,Clothing,South,6,495.24,0.31,COD,4,3.4,2050.29
12160,04/01/2022,1894,Home,Central,3,557.79,0.1,COD,7,4.2,1506.03
12161,03/01/2023,1410,Electronics,East,3,458.15,0.08,Card,4,1.5,1264.49
12162,11/03/2022,1690,Electronics,Central,1,562.4,0.1,COD,8,1.7,506.16
12163,02/22/2022,1968,Clothing,Central,2,149.37,0.09,COD,5,2.3,271.85
12164,03/17/2022,1372,Electronics,West,10,584.25,0.12,Card,3,1.5,5141.4
12165,08/10/2022,1081,Beauty,East,4,352.37,0.11,Card,9,2.4,1254.44
12166,05/30/2022,1033,Beauty,South,3,266.03,0.23,Card,5,2.1,614.53
12167,02/03/2023,1806,Electronics,East,4,230.72,0.34,Wallet,1,3.3,609.1
12168,09/17/2022,1297,Electronics,Central,10,537.8,0.13,Card,1,1.9,4678.86
12169,01/28/2022,1048,Clothing,Central,10,384.7,0.27,Card,7,3.8,2808.31
12170,06/19/2022,1800,Home,South,8,104.99,0.16,Card,2,3.2,705.53
12171,02/04/2022,1919,Health,South,5,114.16,0.06,Card,4,2.2,536.55
12172,11/20/2022,1630,Clothing,East,2,474.31,0.08,COD,2,3.7,872.73
12173,02/20/2023,1979,Beauty,West,1,572.21,0.04,Wallet,12,3.1,549.32
12174,09/09/2022,1094,Beauty,North,10,275.44,0.24,Wallet,2,4.4,2093.34
12175,02/14/2023,1262,Clothing,Central,2,476.53,0.15,Wallet,6,4.8,810.1
12176,08/18/2022,1591,Health,East,3,418.75,0.2,Card,8,3.3,1005.0
12177,08/09/2022,1145,Toys,West,9,324.53,0.29,Card,12,2.6,2073.75
12178,03/09/2022,1232,Beauty,West,9,525.86,0.23,Wallet,2,2.3,3644.21
12179,01/29/2023,1905,Health,West,4,255.67,0.18,Wallet,5,1.4,838.6
12180,10/02/2022,1767,Home,South,1,460.71,0.32,COD,5,4.3,313.28
12181,08/07/2022,1444,Health,West,1,307.63,0.15,COD,7,1.4,261.49
12182,07/04/2022,1369,Home,West,7,250.81,0.09,Card,8,2.4,1597.66
12183,05/08/2023,1063,Electronics,Central,8,240.05,0.12,COD,9,2.3,1689.95
12184,03/07/2022,1752,Home,North,4,238.31,0.17,Wallet,8,2.8,791.19
12185,11/19/2022,1392,Health,South,10,112.65,0.06,Wallet,8,1.2,1058.91
12186,02/23/2022,1642,Electronics,North,1,368.4,0.15,Wallet,10,1.3,313.14
12187,02/25/2023,1397,Beauty,East,1,390.49,0.03,COD,6,4.7,378.78
12188,04/30/2022,1511,Toys,East,10,575.62,0.04,Wallet,8,4.9,5525.95
12189,04/19/2023,1047,Health,North,5,316.14,0.11,COD,9,3.2,1406.82
12190,07/19/2022,1924,Beauty,North,4,39.82,0.17,Card,9,3.4,132.2
12191,08/16/2022,1657,Home,North,2,202.57,0.27,COD,12,4.7,295.75
12192,10/21/2022,1792,Electronics,South,9,187.46,0.23,Card,6,4.0,1299.1
12193,08/29/2022,1377,Electronics,West,7,75.01,0.19,Wallet,4,2.7,425.31
12194,02/18/2023,1649,Beauty,Central,5,240.67,0.3,Wallet,8,3.9,842.34
12195,10/23/2022,1281,Beauty,North,5,98.32,0.1,COD,9,3.7,442.44
12196,10/06/2022,1220,Health,East,4,494.73,0.24,Card,3,1.6,1503.98
12197,03/11/2022,1511,Beauty,West,10,162.39,0.09,Card,1,1.3,1477.75
12198,11/19/2022,1297,Electronics,Central,7,72.53,0.2,COD,6,3.5,406.17
12199,04/28/2022,1492,Clothing,West,2,12.1,0.31,Wallet,4,1.5,16.7
12200,11/22/2022,1016,Home,East,10,379.03,0.25,Wallet,7,3.0,2842.72
12201,08/23/2022,1884,Toys,West,4,59.95,0.08,Wallet,3,2.8,220.62
12202,07/17/2022,1182,Clothing,West,3,417.85,0.13,Card,10,1.2,1090.59
12203,12/04/2022,1653,Health,Central,6,157.37,0.34,Card,11,2.6,623.19
12204,12/01/2022,1318,Health,North,6,507.24,0.21,Wallet,5,3.8,2404.32
12205,04/02/2023,1714,Home,North,1,216.36,0.04,COD,1,3.6,207.71
12206,01/13/2022,1282,Clothing,East,1,508.34,0.16,COD,1,1.2,427.01
12207,03/21/2022,1904,Toys,North,6,184.65,0.3,Wallet,7,2.9,775.53
12208,02/19/2023,1907,Beauty,Central,7,285.37,0.04,COD,8,3.0,1917.69
12209,08/12/2022,1167,Beauty,South,1,504.58,0.14,Wallet,8,2.9,433.94
12210,06/16/2022,1523,Beauty,Central,5,132.18,0.22,COD,11,1.5,515.5
12211,04/25/2022,1798,Beauty,Central,2,51.42,0.06,COD,9,2.9,96.67
12212,12/03/2022,1054,Electronics,South,9,481.42,0.19,Card,2,1.7,3509.55
12213,04/29/2023,1177,Toys,South,8,213.97,0.25,Wallet,6,1.0,1283.82
12214,01/04/2023,1999,Health,South,10,267.46,0.02,COD,3,4.0,2621.11
12215,11/26/2022,1905,Electronics,West,6,72.32,0.33,Wallet,7,3.7,290.73
12216,12/04/2022,1832,Home,Central,6,332.69,0.29,Card,1,2.1,1417.26
12217,08/19/2022,1625,Health,Central,5,298.09,0.34,Card,9,2.2,983.7
12218,03/05/2022,1171,Health,West,1,143.11,0.08,Wallet,9,4.1,131.66
12219,07/26/2022,1215,Electronics,South,8,25.19,0.21,Card,6,1.2,159.2
12220,03/30/2022,1815,Electronics,North,5,100.55,0.17,Card,7,4.4,417.28
12221,04/01/2023,1242,Clothing,East,10,117.76,0.16,COD,10,3.0,989.18
12222,02/15/2023,1122,Clothing,East,10,426.71,0.1,Wallet,11,4.8,3840.39
12223,05/16/2023,1517,Electronics,Central,2,342.35,0.33,Wallet,6,2.1,458.75
12224,06/17/2022,1469,Toys,West,9,172.99,0.17,Card,7,1.2,1292.24
12225,12/03/2022,1485,Beauty,South,5,240.69,0.15,COD,5,2.1,1022.93
12226,08/30/2022,1471,Toys,East,4,566.9,0.05,Card,12,2.3,2154.22
12227,08/25/2022,1692,Beauty,South,4,503.78,0.06,COD,9,4.0,1894.21
12228,10/12/2022,1895,Toys,Central,10,388.56,0.28,Wallet,7,2.3,2797.63
12229,10/27/2022,1982,Electronics,East,3,524.77,0.27,Card,1,5.0,1149.25
12230,04/10/2022,1473,Toys,South,9,415.23,0.06,Wallet,11,2.6,3512.85
12231,05/11/2022,1258,Clothing,Central,5,93.22,0.24,Card,8,4.6,354.24
12232,10/17/2022,1563,Beauty,West,7,73.59,0.24,Wallet,6,4.2,391.5
12233,04/18/2022,1516,Beauty,West,9,464.03,0.12,Wallet,6,1.3,3675.12
12234,08/05/2022,1607,Electronics,South,3,13.44,0.09,Wallet,1,2.1,36.69
12235,05/28/2022,1146,Clothing,West,4,529.75,0.34,COD,8,4.7,1398.54
12236,11/29/2022,1602,Beauty,East,3,367.12,0.08,Wallet,1,2.7,1013.25
12237,08/23/2022,1821,Beauty,North,6,148.25,0.23,COD,5,2.1,684.91
12238,10/29/2022,1305,Home,North,8,398.96,0.11,Wallet,1,2.6,2840.6
12239,08/24/2022,1605,Toys,South,1,239.9,0.03,COD,10,4.8,232.7
12240,01/29/2023,1727,Health,South,4,53.84,0.18,Card,4,3.4,176.6
12241,04/07/2022,1859,Beauty,South,1,145.02,0.29,Card,12,1.9,102.96
12242,07/09/2022,1615,Toys,West,8,250.98,0.16,Wallet,1,3.4,1686.59
12243,01/27/2023,1395,Health,East,2,98.11,0.06,COD,6,3.4,184.45
12244,08/07/2022,1030,Home,North,3,456.41,0.31,Card,7,4.3,944.77
12245,09/04/2022,1289,Beauty,North,3,477.29,0.22,COD,4,2.1,1116.86
12246,07/10/2022,1434,Toys,North,5,207.82,0.11,COD,2,4.2,924.8
12247,03/24/2023,1787,Home,West,10,300.11,0.31,Wallet,3,3.0,2070.76
12248,12/14/2022,1260,Toys,North,3,504.27,0.29,Wallet,8,4.1,1074.1
12249,09/13/2022,1103,Home,South,6,261.75,0.11,Card,2,3.7,1397.75
12250,12/26/2022,1776,Home,Central,9,298.51,0.23,COD,7,2.3,2068.67
12251,08/09/2022,1490,Health,South,7,361.83,0.22,COD,4,2.0,1975.59
12252,03/30/2022,1944,Clothing,Central,3,426.26,0.22,Card,6,2.8,997.45
12253,01/05/2022,1207,Beauty,North,9,33.96,0.19,Wallet,1,3.2,247.57
12254,04/25/2022,1661,Clothing,East,5,422.86,0.05,Card,12,2.4,2008.59
12255,01/21/2022,1919,Home,North,10,545.25,0.17,Wallet,11,3.7,4525.57
12256,07/18/2022,1122,Toys,West,9,177.41,0.22,Card,5,4.2,1245.42
12257,03/04/2023,1308,Clothing,West,7,121.52,0.21,Card,4,2.8,672.01
12258,07/09/2022,1332,Health,East,10,303.71,0.04,COD,4,1.3,2915.62
12259,02/07/2023,1779,Electronics,South,2,159.93,0.18,Wallet,7,4.3,262.29
12260,11/13/2022,1121,Beauty,East,1,465.03,0.13,Card,10,2.5,404.58
12261,12/10/2022,1776,Clothing,East,4,530.36,0.09,COD,4,2.1,1930.51
12262,01/24/2022,1804,Health,North,6,319.2,0.19,COD,2,4.0,1551.31
12263,04/07/2023,1871,Toys,West,7,219.45,0.02,Card,10,4.9,1505.43
12264,06/03/2022,1458,Toys,West,2,115.49,0.02,COD,1,3.1,226.36
12265,01/05/2023,1611,Toys,South,2,570.69,0.2,COD,7,3.5,913.1
12266,03/23/2022,1124,Beauty,West,2,457.0,0.15,COD,2,1.7,776.9
12267,01/26/2022,1938,Health,West,3,495.99,0.17,COD,10,2.4,1235.02
12268,04/21/2023,1927,Home,East,5,52.84,0.27,Card,6,2.4,192.87
12269,01/19/2023,1393,Beauty,West,1,27.78,0.14,Card,4,3.2,23.89
12270,11/27/2022,1663,Clothing,West,8,144.23,0.08,COD,3,1.8,1061.53
12271,08/12/2022,1741,Electronics,East,5,588.6,0.15,Wallet,5,4.5,2501.55
12272,12/30/2022,1161,Toys,South,9,429.58,0.26,Card,11,2.0,2861.0
12273,03/31/2023,1505,Toys,North,3,465.91,0.16,Wallet,10,5.0,1174.09
12274,10/02/2022,1736,Beauty,Central,8,321.48,0.02,COD,11,4.2,2520.4
12275,07/01/2022,1935,Health,North,10,514.86,0.06,Card,2,2.8,4839.68
12276,11/23/2022,1057,Health,West,1,78.17,0.26,COD,1,1.6,57.85
12277,03/21/2023,1849,Toys,West,5,414.54,0.15,COD,5,3.5,1761.8
12278,11/15/2022,1102,Toys,West,6,273.87,0.02,Card,11,2.2,1610.36
12279,04/09/2023,1934,Home,North,3,284.2,0.23,Card,12,3.4,656.5
12280,04/11/2023,1445,Health,North,4,249.39,0.09,Wallet,1,5.0,907.78
12281,04/17/2022,1706,Home,North,6,83.34,0.01,Card,4,1.1,495.04
12282,01/08/2023,1456,Electronics,West,4,149.86,0.31,COD,8,4.0,413.61
12283,01/12/2022,1247,Health,East,9,446.65,0.09,Card,11,2.7,3658.06
12284,01/17/2022,1751,Beauty,South,3,295.08,0.1,COD,12,3.5,796.72
12285,10/12/2022,1936,Clothing,Central,9,177.68,0.05,Wallet,10,2.4,1519.16
12286,07/01/2022,1756,Beauty,East,10,499.28,0.33,COD,11,3.5,3345.18
12287,04/24/2023,1652,Beauty,North,1,502.37,0.03,Wallet,10,3.0,487.3
12288,03/14/2022,1718,Toys,Central,6,570.57,0.15,Card,12,2.0,2909.91
12289,02/21/2023,1224,Home,West,2,575.14,0.31,Card,7,2.6,793.69
12290,03/04/2023,1929,Home,Central,1,35.15,0.29,Card,4,3.3,24.96
12291,07/09/2022,1172,Clothing,North,1,413.49,0.13,COD,4,2.2,359.74
12292,03/09/2022,1405,Toys,South,10,183.14,0.19,Wallet,4,2.3,1483.43
12293,01/14/2023,1499,Health,West,3,537.7,0.14,Wallet,3,3.4,1387.27
12294,02/06/2023,1751,Home,North,3,130.48,0.13,COD,4,4.9,340.55
12295,10/22/2022,1632,Clothing,East,2,168.08,0.06,Wallet,6,4.9,315.99
12296,04/12/2023,1576,Electronics,South,4,81.63,0.07,Wallet,7,4.1,303.66
12297,07/08/2022,1596,Electronics,Central,8,362.73,0.09,COD,4,4.8,2640.67
12298,12/14/2022,1522,Home,East,7,565.83,0.06,Card,5,3.0,3723.16
12299,09/23/2022,1596,Toys,South,4,377.99,0.02,COD,5,1.2,1481.72
12300,02/03/2023,1262,Electronics,West,10,226.51,0.23,COD,9,4.0,1744.13
12301,12/22/2022,1476,Health,Central,6,41.92,0.19,Wallet,4,4.4,203.73
12302,10/13/2022,1303,Toys,South,5,244.88,0.17,Wallet,3,3.5,1016.25
12303,09/24/2022,1221,Toys,East,4,314.7,0.32,COD,7,3.5,855.98
12304,05/25/2022,1068,Clothing,Central,8,70.98,0.25,Wallet,1,2.7,425.88
12305,03/04/2022,1991,Toys,Central,2,34.75,0.09,COD,11,3.1,63.25
12306,09/15/2022,1376,Home,North,2,413.95,0.04,COD,1,1.2,794.78
12307,04/01/2022,1640,Health,West,6,391.8,0.03,Wallet,10,2.1,2280.28
12308,01/26/2023,1325,Health,Central,10,468.37,0.34,Wallet,7,1.5,3091.24
12309,02/07/2022,1960,Health,Central,5,236.68,0.35,COD,3,3.9,769.21
12310,03/30/2022,1557,Electronics,Central,4,293.63,0.25,Card,3,1.7,880.89
12311,05/01/2023,1258,Health,East,4,11.2,0.25,COD,12,3.8,33.6
12312,01/05/2022,1687,Health,Central,5,188.47,0.16,Card,7,3.2,791.57
12313,06/21/2022,1357,Toys,South,10,28.0,0.14,COD,2,3.1,240.8
12314,06/23/2022,1698,Health,West,10,122.65,0.02,Card,5,4.2,1201.97
12315,03/29/2023,1940,Home,South,2,37.07,0.28,Card,7,2.1,53.38
12316,05/16/2023,1729,Electronics,North,6,290.85,0.08,Card,7,3.3,1605.49
12317,03/01/2023,1125,Home,East,2,130.86,0.02,Wallet,2,4.3,256.49
12318,03/28/2023,1499,Beauty,East,1,291.41,0.05,COD,7,4.8,276.84
12319,03/12/2022,1486,Beauty,North,7,452.54,0.25,Card,9,1.0,2375.84
12320,02/05/2022,1908,Beauty,Central,4,518.16,0.28,COD,3,1.7,1492.3
12321,02/20/2022,1798,Health,East,2,169.09,0.07,Wallet,1,3.1,314.51
12322,03/02/2022,1873,Health,East,4,574.63,0.01,Card,2,1.1,2275.53
12323,11/20/2022,1503,Home,Central,4,564.41,0.15,Wallet,11,3.6,1918.99
12324,06/10/2022,1299,Beauty,South,6,196.03,0.13,Card,3,3.8,1023.28
12325,05/09/2023,1510,Beauty,South,3,238.83,0.11,Wallet,4,3.8,637.68
12326,05/28/2022,1415,Toys,West,3,167.06,0.17,COD,5,1.3,415.98
12327,05/02/2022,1320,Electronics,South,1,442.36,0.12,Card,5,1.7,389.28
12328,01/16/2022,1327,Beauty,North,4,181.2,0.18,COD,6,2.2,594.34
12329,08/09/2022,1531,Beauty,North,7,95.22,0.31,Card,1,4.1,459.91
12330,01/31/2022,1640,Toys,East,3,561.78,0.22,Card,6,4.6,1314.57
12331,12/13/2022,1547,Toys,East,8,511.8,0.12,COD,9,4.6,3603.07
12332,10/07/2022,1633,Electronics,Central,7,238.32,0.16,Card,5,1.1,1401.32
12333,05/08/2023,1873,Home,North,7,498.86,0.03,Card,6,2.1,3387.26
12334,06/18/2022,1267,Electronics,North,7,344.76,0.05,Wallet,9,3.6,2292.65
12335,04/19/2023,1183,Health,North,3,202.45,0.3,Card,1,1.8,425.14
12336,03/13/2023,1551,Toys,East,1,538.05,0.04,Card,9,1.7,516.53
12337,06/25/2022,1589,Electronics,Central,7,411.83,0.33,Card,6,3.0,1931.48
12338,02/06/2023,1359,Health,Central,2,562.06,0.07,COD,12,4.1,1045.43
12339,02/18/2022,1496,Electronics,East,2,269.22,0.33,Card,9,4.2,360.75
12340,03/20/2023,1413,Health,North,9,562.74,0.1,Wallet,9,3.3,4558.19
12341,09/22/2022,1691,Toys,South,1,290.09,0.34,COD,10,1.8,191.46
12342,06/02/2022,1390,Health,East,2,100.98,0.1,Wallet,7,3.8,181.76
12343,09/04/2022,1349,Home,South,10,308.57,0.33,Card,4,4.5,2067.42
12344,09/14/2022,1370,Home,East,9,522.75,0.1,COD,7,4.6,4234.28
12345,01/16/2022,1964,Toys,Central,8,63.42,0.26,Wallet,2,4.4,375.45
12346,10/31/2022,1915,Health,North,8,314.01,0.32,Card,4,3.7,1708.21
12347,07/30/2022,1182,Home,South,2,445.26,0.33,Card,4,2.6,596.65
12348,01/14/2023,1537,Home,North,8,41.37,0.2,Wallet,8,3.6,264.77
12349,04/03/2023,1537,Beauty,South,6,485.48,0.02,Wallet,4,2.2,2854.62
12350,05/22/2022,1658,Home,North,7,217.88,0.04,Wallet,8,2.7,1464.15
12351,02/18/2023,1788,Health,South,3,219.54,0.19,Card,2,4.3,533.48
12352,03/26/2022,1603,Toys,Central,8,96.95,0.15,Card,9,4.7,659.26
12353,11/15/2022,1335,Electronics,North,3,578.83,0.24,COD,6,3.8,1319.73
12354,05/15/2022,1200,Health,Central,5,583.56,0.01,COD,2,3.9,2888.62
12355,08/14/2022,1487,Toys,East,9,259.86,0.08,Card,10,2.6,2151.64
12356,02/01/2022,1525,Home,South,8,489.16,0.32,Wallet,5,2.4,2661.03
12357,12/19/2022,1843,Home,South,2,499.81,0.24,COD,10,1.5,759.71
12358,01/22/2023,1907,Beauty,West,5,547.41,0.32,COD,5,4.8,1861.19
12359,02/09/2023,1548,Home,South,10,331.99,0.15,Wallet,5,1.1,2821.91
12360,08/18/2022,1292,Beauty,South,1,317.38,0.34,COD,10,1.1,209.47
12361,03/16/2023,1288,Home,North,7,109.59,0.14,COD,1,4.8,659.73
12362,05/02/2022,1910,Beauty,South,7,234.47,0.05,COD,8,3.6,1559.23
12363,05/03/2022,1644,Clothing,Central,1,589.17,0.25,Card,9,1.6,441.88
12364,02/08/2022,1934,Home,South,8,264.23,0.29,Card,7,4.5,1500.83
12365,12/12/2022,1884,Toys,West,2,507.48,0.07,Wallet,7,4.5,943.91
12366,08/22/2022,1457,Health,Central,9,175.81,0.25,Wallet,5,3.9,1186.72
12367,11/12/2022,1851,Health,North,8,192.55,0.13,Wallet,7,1.7,1340.15
12368,03/31/2023,1163,Toys,East,1,229.28,0.23,COD,7,3.3,176.55
12369,07/12/2022,1424,Home,South,9,76.99,0.09,Card,11,4.7,630.55
12370,01/09/2022,1167,Health,Central,9,365.24,0.03,COD,5,2.6,3188.55
12371,04/09/2023,1523,Clothing,Central,8,80.86,0.06,Wallet,12,3.1,608.07
12372,01/07/2023,1062,Beauty,West,2,496.14,0.13,COD,3,4.7,863.28
12373,08/10/2022,1263,Home,East,4,378.64,0.25,Card,8,4.4,1135.92
12374,03/05/2022,1672,Clothing,East,9,598.96,0.34,Wallet,12,1.9,3557.82
12375,05/09/2023,1366,Toys,West,6,502.29,0.08,COD,4,2.3,2772.64
12376,10/02/2022,1280,Beauty,West,3,350.3,0.24,Card,2,4.9,798.68
12377,03/15/2023,1518,Home,Central,9,307.1,0.02,COD,5,3.6,2708.62
12378,12/19/2022,1992,Clothing,North,6,93.01,0.15,Card,9,4.6,474.35
12379,03/28/2022,1203,Home,West,10,326.84,0.15,Wallet,5,4.8,2778.14
12380,06/12/2022,1188,Home,North,10,58.6,0.07,Card,1,2.6,544.98
12381,06/10/2022,1715,Home,East,4,30.65,0.05,Card,11,2.5,116.47
12382,10/24/2022,1028,Home,West,1,287.35,0.22,Wallet,3,3.5,224.13
12383,04/30/2023,1654,Toys,South,9,566.48,0.21,COD,11,5.0,4027.67
12384,06/12/2022,1906,Clothing,South,5,334.01,0.09,Card,2,2.6,1519.75
12385,01/27/2022,1679,Electronics,South,1,202.47,0.03,Card,7,1.2,196.4
12386,11/01/2022,1397,Health,North,7,419.1,0.12,Card,8,1.5,2581.66
12387,06/06/2022,1469,Home,East,6,547.57,0.35,COD,2,3.1,2135.52
12388,04/29/2023,1155,Health,East,10,292.16,0.29,Wallet,2,3.3,2074.34
12389,07/14/2022,1076,Health,North,7,174.59,0.2,Card,6,1.4,977.7
12390,02/10/2023,1696,Health,North,9,435.63,0.11,Card,12,3.7,3489.4
12391,06/19/2022,1983,Toys,North,6,170.75,0.3,COD,10,3.1,717.15
12392,05/28/2022,1670,Home,West,7,25.8,0.12,Wallet,10,3.5,158.93
12393,01/14/2022,1418,Beauty,West,4,508.17,0.28,COD,9,3.3,1463.53
12394,01/04/2023,1732,Electronics,West,2,17.39,0.04,Card,5,4.5,33.39
12395,02/05/2022,1838,Health,West,6,205.47,0.29,Wallet,6,4.7,875.3
12396,05/09/2022,1806,Beauty,North,3,384.49,0.2,COD,9,2.8,922.78
12397,11/27/2022,1051,Toys,East,4,547.5,0.25,Card,1,4.0,1642.5
12398,02/14/2023,1309,Electronics,Central,6,478.95,0.15,COD,3,4.6,2442.64
12399,01/16/2023,1218,Home,North,8,410.03,0.28,Wallet,8,2.7,2361.77
12400,12/14/2022,1189,Clothing,North,7,495.51,0.02,Card,1,3.7,3399.2
12401,05/27/2022,1595,Toys,South,4,467.0,0.19,Card,7,1.4,1513.08
12402,06/15/2022,1166,Beauty,South,7,269.18,0.23,Wallet,7,1.6,1450.88
12403,09/05/2022,1084,Toys,East,10,114.35,0.15,Wallet,6,3.1,971.98
12404,08/18/2022,1512,Clothing,West,10,423.5,0.06,Wallet,10,2.2,3980.9
12405,07/08/2022,1554,Clothing,South,2,13.96,0.23,Card,8,3.3,21.5
12406,04/28/2022,1091,Beauty,North,2,511.41,0.06,Wallet,7,5.0,961.45
12407,08/03/2022,1040,Toys,West,9,281.29,0.26,Wallet,11,3.0,1873.39
12408,06/04/2022,1003,Health,West,9,352.74,0.29,Wallet,12,4.0,2254.01
12409,05/07/2022,1976,Beauty,North,8,465.86,0.22,Wallet,9,3.2,2906.97
12410,05/21/2022,1065,Health,West,3,330.55,0.22,Card,6,4.3,773.49
12411,06/30/2022,1089,Electronics,North,4,202.49,0.31,Card,1,2.7,558.87
12412,09/28/2022,1601,Home,West,6,313.92,0.31,Card,1,2.5,1299.63
12413,10/09/2022,1396,Clothing,East,8,211.17,0.23,COD,5,1.8,1300.81
12414,02/01/2022,1635,Electronics,East,3,324.11,0.04,COD,6,1.5,933.44
12415,05/23/2022,1045,Electronics,Central,5,218.93,0.27,Card,3,4.3,799.09
12416,01/31/2023,1489,Clothing,West,3,275.65,0.08,Card,12,1.8,760.79
12417,12/26/2022,1514,Beauty,Central,5,516.62,0.28,Card,9,2.9,1859.83
12418,06/30/2022,1018,Electronics,North,2,274.67,0.02,Card,4,2.7,538.35
12419,02/12/2023,1679,Beauty,East,9,307.69,0.28,Card,1,3.3,1993.83
12420,05/06/2022,1565,Toys,West,3,248.67,0.08,Card,5,3.6,686.33
12421,12/17/2022,1454,Clothing,East,8,95.47,0.21,COD,12,3.5,603.37
12422,07/20/2022,1799,Health,East,7,576.4,0.34,Card,1,4.8,2662.97
12423,08/21/2022,1969,Clothing,East,7,487.34,0.18,Card,7,4.0,2797.33
12424,04/08/2022,1319,Toys,West,10,148.44,0.24,COD,1,3.7,1128.14
12425,02/22/2023,1844,Health,Central,2,522.85,0.25,Wallet,9,2.7,784.28
12426,02/24/2023,1635,Health,Central,3,402.3,0.21,Card,9,2.8,953.45
12427,02/18/2023,1677,Toys,East,1,234.06,0.16,Wallet,7,1.2,196.61
12428,01/24/2023,1838,Electronics,East,4,24.31,0.11,COD,8,3.8,86.54
12429,04/03/2022,1260,Beauty,Central,2,119.66,0.04,Card,10,2.7,229.75
12430,04/25/2023,1175,Clothing,West,8,167.63,0.26,Card,5,3.6,992.37
12431,03/02/2023,1054,Beauty,East,1,384.48,0.12,COD,8,2.2,338.34
12432,05/01/2022,1424,Home,North,5,282.72,0.35,Card,3,4.2,918.84
12433,03/16/2022,1011,Toys,East,1,579.39,0.13,Card,11,3.2,504.07
12434,12/06/2022,1542,Health,West,1,213.62,0.17,Wallet,5,3.0,177.3
12435,04/04/2022,1215,Beauty,Central,3,424.09,0.23,Card,12,1.3,979.65
12436,05/15/2022,1141,Home,West,7,101.56,0.1,Card,11,3.9,639.83
12437,04/28/2022,1656,Toys,South,1,445.67,0.34,COD,12,3.3,294.14
12438,01/27/2023,1322,Toys,Central,7,126.1,0.04,Wallet,5,1.5,847.39
12439,07/14/2022,1518,Toys,North,9,72.49,0.26,COD,4,3.1,482.78
12440,07/03/2022,1998,Clothing,South,1,254.64,0.22,Wallet,1,4.3,198.62
12441,01/17/2023,1774,Electronics,West,4,450.77,0.18,COD,10,2.2,1478.53
12442,01/19/2022,1882,Beauty,Central,5,12.49,0.11,Card,3,2.4,55.58
12443,01/30/2022,1131,Electronics,East,1,356.01,0.04,COD,12,3.5,341.77
12444,04/28/2022,1910,Home,South,1,13.11,0.13,Wallet,4,1.7,11.41
12445,02/05/2023,1102,Toys,South,5,564.36,0.3,Wallet,9,1.9,1975.26
12446,04/15/2022,1711,Clothing,South,6,468.15,0.14,Card,4,4.8,2415.65
12447,07/09/2022,1962,Electronics,East,9,542.34,0.11,Wallet,1,5.0,4344.14
12448,06/11/2022,1499,Toys,East,6,90.02,0.1,COD,2,3.5,486.11
12449,02/17/2023,1517,Home,West,5,83.03,0.16,Wallet,6,4.2,348.73
12450,01/09/2023,1558,Beauty,West,10,229.64,0.34,Card,11,2.2,1515.62
12451,11/20/2022,1430,Electronics,South,10,457.76,0.12,Wallet,8,1.2,4028.29
12452,09/21/2022,1486,Health,West,2,250.47,0.19,Card,2,2.6,405.76
12453,04/14/2022,1604,Electronics,Central,2,409.54,0.08,Wallet,2,3.7,753.55
12454,01/06/2023,1494,Health,South,10,68.91,0.27,Wallet,4,4.0,503.04
12455,06/10/2022,1042,Clothing,West,2,560.96,0.31,Card,3,2.9,774.12
12456,05/13/2023,1596,Home,South,4,375.14,0.3,Card,6,4.1,1050.39
12457,09/16/2022,1071,Toys,West,4,579.63,0.34,Card,2,1.2,1530.22
12458,03/30/2022,1008,Home,South,10,98.59,0.22,COD,6,2.0,769.0
12459,04/29/2023,1748,Home,East,2,442.16,0.15,COD,8,1.9,751.67
12460,12/27/2022,1004,Beauty,Central,7,562.85,0.25,COD,9,2.6,2954.96
12461,08/04/2022,1810,Health,Central,6,46.8,0.25,Wallet,12,3.7,210.6
12462,09/29/2022,1192,Clothing,Central,8,569.03,0.06,Wallet,10,2.5,4279.11
12463,07/10/2022,1115,Beauty,North,9,518.18,0.19,Card,6,4.4,3777.53
12464,04/15/2022,1286,Electronics,West,3,542.3,0.26,Wallet,11,1.6,1203.91
12465,04/12/2022,1645,Beauty,North,9,282.99,0.07,Card,3,3.2,2368.63
12466,01/19/2022,1563,Toys,West,3,415.7,0.25,Wallet,9,3.4,935.32
12467,05/15/2023,1036,Home,East,4,485.46,0.13,Card,8,3.0,1689.4
12468,09/23/2022,1622,Health,West,8,385.28,0.04,Wallet,12,1.9,2958.95
12469,02/11/2022,1183,Toys,South,9,271.38,0.29,Card,8,1.5,1734.12
12470,11/18/2022,1940,Beauty,South,8,80.34,0.18,COD,10,4.1,527.03
12471,10/07/2022,1142,Clothing,South,10,239.42,0.2,Card,6,3.0,1915.36
12472,07/31/2022,1820,Beauty,North,9,362.34,0.25,Wallet,7,2.3,2445.8
12473,11/15/2022,1646,Home,West,10,49.24,0.05,Card,4,2.1,467.78
12474,02/15/2023,1287,Beauty,East,9,579.99,0.08,Card,11,4.9,4802.32
12475,05/31/2022,1694,Electronics,Central,4,200.32,0.29,Wallet,2,4.9,568.91
12476,10/21/2022,1332,Home,West,4,532.03,0.06,Card,3,3.5,2000.43
12477,02/24/2022,1148,Clothing,East,1,415.09,0.26,Wallet,2,4.3,307.17
12478,08/29/2022,1581,Electronics,North,7,25.23,0.2,COD,10,4.8,141.29
12479,06/01/2022,1475,Beauty,East,5,73.82,0.06,COD,1,4.3,346.95
12480,11/04/2022,1633,Health,West,10,292.03,0.17,COD,3,2.7,2423.85
12481,08/04/2022,1456,Toys,East,5,347.19,0.32,Card,4,4.1,1180.45
12482,05/14/2022,1781,Health,East,5,448.81,0.06,COD,4,3.3,2109.41
12483,02/22/2022,1314,Toys,West,7,378.55,0.32,Wallet,3,1.4,1801.9
12484,01/20/2022,1873,Clothing,West,6,34.3,0.08,COD,7,2.5,189.34
12485,03/11/2022,1007,Electronics,West,5,550.3,0.2,COD,6,1.1,2201.2
12486,01/11/2023,1796,Health,North,3,91.25,0.27,COD,2,1.0,199.84
12487,04/27/2023,1538,Electronics,East,5,402.53,0.27,Wallet,9,2.9,1469.23
12488,11/01/2022,1375,Beauty,North,5,549.98,0.29,COD,5,1.0,1952.43
12489,06/25/2022,1684,Electronics,West,4,489.97,0.09,Card,12,2.7,1783.49
12490,10/19/2022,1147,Health,South,8,112.91,0.14,Card,8,3.8,776.82
12491,01/10/2023,1402,Clothing,Central,7,158.62,0.32,COD,3,1.8,755.03
12492,11/22/2022,1744,Toys,Central,8,367.34,0.21,Wallet,2,2.0,2321.59
12493,12/11/2022,1329,Clothing,West,8,323.95,0.13,Card,8,1.3,2254.69
12494,10/14/2022,1505,Beauty,South,5,453.53,0.26,Card,10,3.6,1678.06
12495,03/15/2022,1535,Health,West,10,554.25,0.26,COD,2,2.5,4101.45
12496,04/05/2023,1997,Clothing,South,8,186.97,0.31,Card,11,1.3,1032.07
12497,06/14/2022,1583,Toys,East,10,169.79,0.07,COD,12,3.9,1579.05
12498,03/03/2022,1001,Health,North,2,283.14,0.31,COD,9,3.0,390.73
12499,07/12/2022,1710,Toys,East,4,525.36,0.17,Card,1,1.3,1744.2
12500,03/06/2023,1963,Home,West,1,224.94,0.14,Wallet,2,3.9,193.45
12501,11/27/2022,1112,Home,East,9,157.28,0.35,COD,10,4.5,920.09
12502,09/08/2022,1709,Home,South,9,336.31,0.26,Wallet,1,2.6,2239.82
12503,01/13/2022,1179,Beauty,North,9,353.64,0.07,Wallet,12,2.3,2959.97
12504,01/10/2022,1319,Health,West,2,22.35,0.11,Card,12,4.8,39.78
12505,04/04/2023,1543,Home,East,10,171.46,0.1,Card,7,2.0,1543.14
12506,11/27/2022,1930,Health,South,6,196.67,0.33,COD,4,3.0,790.61
12507,02/06/2022,1925,Beauty,Central,2,495.44,0.03,Wallet,6,3.1,961.15
12508,07/20/2022,1036,Beauty,South,9,160.86,0.27,Wallet,10,1.0,1056.85
12509,05/07/2022,1625,Electronics,South,3,101.81,0.3,Card,12,4.1,213.8
12510,02/19/2023,1039,Beauty,North,8,490.22,0.29,Wallet,2,3.0,2784.45
12511,04/19/2023,1781,Beauty,West,5,53.97,0.15,COD,9,2.1,229.37
12512,07/05/2022,1155,Home,East,10,464.63,0.13,COD,5,1.3,4042.28
12513,06/10/2022,1999,Health,West,10,316.53,0.22,Wallet,3,4.7,2468.93
12514,03/29/2023,1707,Health,North,10,528.54,0.1,COD,8,2.5,4756.86
12515,08/15/2022,1141,Electronics,West,3,533.57,0.16,Wallet,6,1.3,1344.6
12516,08/11/2022,1104,Beauty,East,10,177.25,0.18,Card,1,1.6,1453.45
12517,02/24/2022,1171,Home,East,4,216.16,0.1,COD,2,2.8,778.18
12518,05/16/2023,1900,Beauty,Central,4,476.56,0.11,Card,12,4.5,1696.55
12519,09/09/2022,1286,Home,South,6,587.71,0.17,Wallet,1,4.4,2926.8
12520,03/03/2022,1832,Clothing,North,7,291.02,0.15,Card,9,4.5,1731.57
12521,12/03/2022,1610,Electronics,West,6,424.84,0.3,Card,1,1.2,1784.33
12522,08/01/2022,1335,Health,Central,3,95.77,0.21,Card,7,1.3,226.97
12523,06/12/2022,1310,Health,North,3,149.16,0.08,Card,6,3.3,411.68
12524,12/19/2022,1707,Home,West,9,454.91,0.23,Card,6,3.0,3152.53
12525,03/29/2022,1528,Beauty,South,7,171.35,0.06,COD,3,4.7,1127.48
12526,01/15/2023,1002,Toys,South,2,536.1,0.2,Card,3,3.2,857.76
12527,10/31/2022,1052,Toys,Central,9,16.84,0.25,Card,3,2.1,113.67
12528,10/23/2022,1497,Toys,North,5,406.81,0.21,COD,9,1.9,1606.9
12529,01/10/2022,1177,Home,South,9,185.47,0.35,Card,10,3.1,1085.0
12530,02/19/2023,1329,Toys,North,5,128.69,0.21,Card,6,1.3,508.33
12531,02/24/2022,1448,Home,East,9,376.48,0.21,Wallet,10,2.7,2676.77
12532,04/16/2023,1323,Home,East,10,140.56,0.13,Card,10,3.9,1222.87
12533,07/22/2022,1387,Clothing,Central,6,105.85,0.03,Wallet,10,1.3,616.05
12534,06/07/2022,1310,Clothing,Central,2,270.76,0.12,Card,12,2.3,476.54
12535,10/08/2022,1665,Beauty,Central,1,225.64,0.13,Card,10,1.8,196.31
12536,04/16/2022,1158,Home,West,4,582.83,0.23,Wallet,10,3.7,1795.12
12537,01/17/2022,1320,Home,East,4,278.87,0.29,COD,5,1.2,791.99
12538,12/05/2022,1597,Clothing,North,6,41.24,0.24,Card,3,1.1,188.05
12539,03/11/2023,1787,Clothing,East,2,55.91,0.2,Wallet,11,3.6,89.46
12540,01/20/2022,1097,Clothing,Central,8,490.32,0.15,Card,3,2.4,3334.18
12541,01/29/2022,1119,Health,South,7,416.42,0.34,Wallet,8,1.8,1923.86
12542,12/28/2022,1687,Electronics,South,5,479.59,0.26,COD,12,2.2,1774.48
12543,03/27/2022,1416,Toys,North,6,413.88,0.17,Wallet,7,3.9,2061.12
12544,03/22/2023,1386,Health,North,5,163.09,0.23,COD,2,3.9,627.9
12545,02/20/2023,1264,Toys,South,4,254.65,0.29,COD,4,3.8,723.21
12546,04/12/2023,1947,Electronics,South,3,531.56,0.34,COD,8,2.1,1052.49
12547,02/09/2023,1672,Clothing,Central,2,503.17,0.29,Wallet,12,4.5,714.5
12548,12/14/2022,1336,Toys,North,3,472.71,0.04,Card,12,3.2,1361.4
12549,05/30/2022,1436,Health,South,10,301.97,0.3,COD,8,3.7,2113.79
12550,11/19/2022,1557,Toys,South,5,396.58,0.28,Card,2,2.5,1427.69
12551,05/11/2023,1526,Home,North,5,397.47,0.07,Card,3,3.5,1848.24
12552,02/01/2023,1873,Health,North,4,215.35,0.13,COD,1,3.8,749.42
12553,03/14/2022,1890,Clothing,West,7,137.62,0.14,COD,8,4.5,828.47
12554,01/09/2022,1410,Health,East,7,28.1,0.24,COD,11,2.9,149.49
12555,03/06/2022,1389,Toys,Central,7,14.5,0.34,Wallet,3,4.0,66.99
12556,04/14/2022,1640,Health,South,4,572.38,0.29,Card,2,3.5,1625.56
12557,03/10/2023,1663,Health,West,8,358.23,0.34,Card,9,3.2,1891.45
12558,02/13/2023,1188,Beauty,South,1,118.45,0.03,Wallet,12,5.0,114.9
12559,03/05/2023,1274,Clothing,Central,7,374.87,0.27,Wallet,11,2.3,1915.59
12560,03/11/2022,1482,Home,West,1,80.55,0.21,COD,6,2.2,63.63
12561,01/15/2023,1614,Toys,East,10,84.21,0.2,Wallet,5,4.2,673.68
12562,03/08/2022,1600,Clothing,Central,7,19.39,0.22,Card,3,3.6,105.87
12563,08/16/2022,1424,Home,North,9,460.92,0.06,Wallet,11,1.9,3899.38
12564,12/27/2022,1953,Clothing,South,3,110.39,0.13,COD,5,1.3,288.12
12565,07/05/2022,1375,Electronics,South,5,70.09,0.21,COD,2,2.1,276.86
12566,12/26/2022,1062,Clothing,South,3,129.28,0.16,Wallet,11,1.5,325.79
12567,11/25/2022,1749,Home,West,5,427.21,0.23,Wallet,1,2.7,1644.76
12568,03/02/2023,1437,Home,East,1,483.91,0.25,Card,2,3.4,362.93
12569,04/12/2023,1326,Home,Central,4,42.71,0.25,COD,1,1.6,128.13
12570,01/23/2022,1206,Beauty,Central,5,377.31,0.22,COD,1,1.5,1471.51
12571,06/19/2022,1067,Beauty,Central,1,40.05,0.34,Wallet,10,2.1,26.43
12572,01/16/2023,1394,Clothing,North,1,561.86,0.3,COD,4,1.9,393.3
12573,09/04/2022,1431,Beauty,Central,7,595.45,0.2,COD,8,3.1,3334.52
12574,03/09/2023,1206,Home,Central,10,67.36,0.12,Card,4,4.4,592.77
12575,10/25/2022,1072,Electronics,North,5,334.28,0.13,Wallet,5,4.1,1454.12
12576,05/06/2022,1850,Toys,South,8,463.85,0.13,Wallet,7,4.5,3228.4
12577,07/11/2022,1323,Electronics,North,6,230.34,0.27,COD,1,4.7,1008.89
12578,03/03/2023,1204,Clothing,Central,5,78.97,0.34,COD,11,1.1,260.6
12579,07/11/2022,1878,Electronics,Central,6,209.75,0.26,COD,9,1.2,931.29
12580,05/25/2022,1461,Toys,East,9,191.79,0.12,Card,11,3.9,1518.98
12581,07/31/2022,1644,Home,East,3,547.97,0.08,Wallet,11,4.2,1512.4
12582,01/30/2023,1776,Health,West,6,149.69,0.11,Card,5,4.8,799.34
12583,08/18/2022,1372,Toys,South,10,24.89,0.09,Wallet,6,1.5,226.5
12584,04/19/2023,1952,Home,North,10,38.12,0.2,Wallet,8,1.7,304.96
12585,04/03/2022,1001,Toys,East,8,202.15,0.09,Wallet,11,2.5,1471.65
12586,08/26/2022,1274,Home,South,1,417.17,0.18,Wallet,3,4.0,342.08
12587,01/06/2023,1489,Clothing,East,5,306.84,0.07,COD,7,2.8,1426.81
12588,09/27/2022,1532,Home,North,3,232.42,0.03,COD,7,4.1,676.34
12589,12/08/2022,1811,Health,West,2,155.71,0.28,Wallet,5,1.8,224.22
12590,07/17/2022,1495,Home,North,4,288.59,0.31,Card,10,4.4,796.51
12591,08/24/2022,1431,Health,South,10,119.02,0.13,COD,4,1.8,1035.47
12592,08/13/2022,1478,Toys,South,2,146.76,0.23,Card,2,3.6,226.01
12593,02/08/2023,1978,Electronics,North,3,415.65,0.34,Wallet,1,4.9,822.99
12594,01/26/2023,1405,Health,South,3,526.8,0.1,COD,10,3.1,1422.36
12595,03/26/2022,1864,Toys,South,3,409.51,0.24,COD,5,3.1,933.68
12596,12/16/2022,1301,Home,South,9,436.94,0.25,COD,11,4.9,2949.35
12597,05/10/2022,1882,Beauty,East,6,465.45,0.02,Card,5,2.0,2736.85
12598,04/10/2022,1494,Home,West,4,307.83,0.08,COD,5,2.1,1132.81
12599,05/31/2022,1320,Electronics,South,1,62.92,0.14,Wallet,7,1.8,54.11
12600,12/18/2022,1646,Toys,West,1,64.93,0.18,Card,3,1.5,53.24
12601,01/04/2023,1152,Electronics,Central,5,90.51,0.07,Card,1,1.9,420.87
12602,12/01/2022,1904,Electronics,North,3,134.47,0.15,COD,4,2.7,342.9
12603,12/30/2022,1899,Beauty,South,7,263.79,0.12,Wallet,2,1.3,1624.95
12604,12/04/2022,1397,Toys,East,9,468.56,0.29,Wallet,12,1.9,2994.1
12605,03/14/2023,1574,Home,Central,4,417.93,0.06,Card,1,3.6,1571.42
12606,11/12/2022,1888,Home,Central,2,485.39,0.18,Card,9,4.8,796.04
12607,02/26/2023,1900,Electronics,East,6,265.15,0.29,COD,8,3.8,1129.54
12608,03/21/2023,1043,Electronics,South,1,383.8,0.25,COD,7,2.6,287.85
12609,09/05/2022,1350,Clothing,Central,10,389.49,0.33,COD,4,4.0,2609.58
12610,03/17/2023,1762,Home,West,7,164.65,0.01,Card,10,4.2,1141.02
12611,03/26/2022,1089,Toys,North,6,432.56,0.07,COD,2,3.6,2413.68
12612,03/12/2022,1637,Health,West,9,201.5,0.22,COD,3,1.2,1414.53
12613,02/19/2022,1547,Toys,Central,7,159.27,0.34,Wallet,1,5.0,735.83
12614,11/11/2022,1129,Health,Central,2,415.5,0.34,Card,6,3.9,548.46
12615,03/26/2022,1852,Beauty,Central,10,191.3,0.04,Card,9,3.2,1836.48
12616,12/29/2022,1627,Toys,East,7,561.64,0.15,COD,1,5.0,3341.76
12617,11/10/2022,1215,Clothing,North,9,332.49,0.06,COD,1,4.9,2812.87
12618,02/08/2023,1675,Clothing,Central,10,320.18,0.17,COD,12,3.8,2657.49
12619,01/25/2022,1970,Home,South,1,129.14,0.14,Wallet,11,3.9,111.06
12620,04/03/2023,1602,Home,East,10,486.97,0.33,Wallet,5,4.3,3262.7
12621,11/20/2022,1847,Toys,East,8,79.19,0.3,COD,5,3.4,443.46
12622,01/12/2022,1177,Clothing,South,10,135.16,0.06,Wallet,4,4.2,1270.5
12623,09/28/2022,1718,Toys,Central,3,123.51,0.01,Card,7,5.0,366.82
12624,06/11/2022,1007,Clothing,North,4,301.76,0.12,Wallet,5,3.7,1062.2
12625,03/19/2022,1149,Beauty,West,5,265.78,0.32,Card,2,1.2,903.65
12626,02/04/2022,1238,Clothing,Central,2,136.65,0.19,COD,9,1.2,221.37
12627,12/07/2022,1083,Home,North,1,215.73,0.29,COD,9,3.0,153.17
12628,03/10/2023,1608,Clothing,East,2,173.47,0.06,Wallet,4,4.5,326.12
12629,08/08/2022,1454,Clothing,Central,4,460.7,0.2,Card,1,3.6,1474.24
12630,11/01/2022,1379,Home,North,6,367.5,0.23,Wallet,8,3.2,1697.85
12631,03/19/2022,1188,Home,South,7,443.01,0.22,Card,11,2.4,2418.83
12632,08/25/2022,1175,Toys,South,4,99.72,0.29,Card,8,2.6,283.2
12633,03/02/2023,1557,Clothing,North,6,516.24,0.31,Wallet,7,4.8,2137.23
12634,01/14/2023,1426,Clothing,Central,3,497.98,0.12,Wallet,12,4.9,1314.67
12635,04/23/2023,1433,Electronics,West,5,527.85,0.11,COD,1,1.9,2348.93
12636,12/10/2022,1916,Beauty,West,10,275.89,0.32,COD,9,2.5,1876.05
12637,06/14/2022,1899,Clothing,West,8,507.41,0.05,Card,1,4.1,3856.32
12638,05/23/2022,1231,Electronics,Central,8,488.39,0.32,Card,6,4.7,2656.84
12639,05/29/2022,1464,Electronics,North,5,568.47,0.12,Wallet,5,1.9,2501.27
12640,01/17/2023,1768,Electronics,North,7,328.89,0.09,Card,5,1.3,2095.03
12641,05/09/2022,1545,Home,South,5,273.41,0.25,COD,1,1.1,1025.29
12642,06/19/2022,1722,Clothing,North,8,380.48,0.1,COD,4,2.2,2739.46
12643,02/09/2023,1653,Clothing,North,9,489.25,0.13,Wallet,12,1.6,3830.83
12644,07/26/2022,1354,Toys,West,5,426.3,0.09,Card,5,1.2,1939.66
12645,12/12/2022,1850,Clothing,East,2,10.21,0.23,COD,2,3.3,15.72
12646,07/19/2022,1493,Electronics,North,6,80.94,0.15,COD,10,2.0,412.79
12647,03/01/2023,1880,Toys,East,6,238.91,0.2,Card,7,2.5,1146.77
12648,02/07/2022,1688,Beauty,East,5,192.37,0.11,Wallet,1,2.0,856.05
12649,05/30/2022,1221,Health,South,5,575.22,0.18,Wallet,1,3.3,2358.4
12650,06/29/2022,1118,Beauty,Central,10,599.47,0.13,COD,6,2.5,5215.39
12651,02/16/2023,1692,Electronics,West,8,519.19,0.18,Wallet,3,2.6,3405.89
12652,07/26/2022,1621,Health,East,4,106.37,0.28,COD,1,4.7,306.35
12653,08/17/2022,1799,Beauty,West,6,407.42,0.23,COD,7,1.5,1882.28
12654,03/10/2022,1269,Electronics,West,3,167.11,0.18,Card,1,3.7,411.09
12655,06/25/2022,1961,Toys,Central,9,433.02,0.2,Card,9,2.1,3117.74
12656,09/22/2022,1122,Home,Central,1,272.81,0.21,Wallet,12,1.6,215.52
12657,01/01/2023,1469,Electronics,East,1,542.98,0.32,COD,5,4.8,369.23
12658,02/04/2022,1004,Health,West,3,243.2,0.26,Wallet,3,1.6,539.9
12659,12/05/2022,1654,Beauty,North,5,95.24,0.18,Wallet,7,1.8,390.48
12660,05/07/2023,1110,Beauty,Central,7,110.24,0.23,COD,4,2.9,594.19
12661,05/22/2022,1714,Home,West,4,114.66,0.16,COD,11,3.5,385.26
12662,10/28/2022,1086,Beauty,West,4,281.49,0.23,Wallet,10,1.4,866.99
12663,08/25/2022,1875,Home,North,5,270.38,0.25,COD,7,3.8,1013.93
12664,02/20/2023,1208,Electronics,South,6,248.35,0.09,Card,8,2.7,1355.99
12665,02/04/2022,1826,Clothing,East,6,392.22,0.34,Card,4,1.7,1553.19
12666,11/18/2022,1488,Electronics,West,6,511.43,0.34,Card,7,1.9,2025.26
12667,11/07/2022,1294,Toys,East,5,134.53,0.08,COD,3,3.9,618.84
12668,05/06/2023,1265,Health,North,8,34.66,0.14,COD,3,2.9,238.46
12669,11/19/2022,1915,Electronics,West,4,514.09,0.03,COD,7,2.5,1994.67
12670,11/24/2022,1084,Beauty,Central,6,583.31,0.16,COD,1,2.8,2939.88
12671,10/05/2022,1062,Beauty,West,7,333.66,0.25,Wallet,3,2.3,1751.72
12672,12/17/2022,1124,Toys,East,5,62.71,0.25,Wallet,8,3.8,235.16
12673,03/06/2023,1087,Home,Central,1,265.04,0.22,Wallet,7,1.4,206.73
12674,01/30/2022,1543,Electronics,South,10,75.52,0.34,Wallet,8,2.4,498.43
12675,12/20/2022,1048,Electronics,East,9,327.13,0.28,Wallet,10,3.2,2119.8
12676,06/19/2022,1885,Home,North,2,546.24,0.04,COD,11,1.6,1048.78
12677,07/04/2022,1257,Electronics,East,5,258.42,0.21,Wallet,7,2.5,1020.76
12678,09/17/2022,1898,Toys,East,3,194.34,0.21,Card,8,4.6,460.59
12679,09/03/2022,1086,Electronics,South,10,415.51,0.21,COD,4,1.4,3282.53
12680,09/17/2022,1832,Home,Central,4,107.28,0.07,Wallet,7,3.1,399.08
12681,08/24/2022,1188,Toys,Central,3,578.2,0.34,COD,5,3.2,1144.84
12682,09/09/2022,1937,Health,East,3,385.18,0.34,Wallet,5,2.9,762.66
12683,02/26/2022,1776,Beauty,East,9,502.87,0.22,COD,8,2.9,3530.15
12684,08/31/2022,1828,Toys,Central,3,269.85,0.08,Card,12,1.1,744.79
12685,09/12/2022,1046,Electronics,North,6,297.98,0.3,Card,8,2.5,1251.52
12686,03/06/2022,1102,Health,Central,3,107.11,0.03,Card,4,1.6,311.69
12687,05/12/2022,1528,Beauty,West,1,252.78,0.24,Wallet,11,3.8,192.11
12688,03/22/2022,1118,Home,East,10,347.01,0.08,Card,9,3.0,3192.49
12689,05/29/2022,1530,Beauty,South,9,457.59,0.27,Card,6,1.3,3006.37
12690,07/19/2022,1523,Electronics,South,5,547.76,0.33,Wallet,7,1.4,1835.0
12691,11/05/2022,1436,Beauty,North,1,361.73,0.17,Wallet,11,3.0,300.24
12692,02/25/2022,1146,Toys,North,9,345.04,0.11,COD,10,2.5,2763.77
12693,05/14/2022,1860,Home,West,7,92.31,0.17,Card,6,3.9,536.32
12694,02/02/2022,1597,Home,West,8,87.52,0.33,Wallet,6,2.5,469.11
12695,03/23/2023,1534,Beauty,South,3,149.25,0.15,Wallet,10,3.7,380.59
12696,12/17/2022,1103,Health,West,3,143.64,0.26,Card,6,3.5,318.88
12697,04/17/2023,1988,Home,North,6,300.65,0.24,Wallet,12,3.7,1370.96
12698,02/20/2023,1356,Toys,East,3,173.83,0.29,Card,3,2.6,370.26
12699,07/21/2022,1082,Electronics,South,7,194.23,0.34,COD,7,2.6,897.34
12700,12/19/2022,1840,Toys,Central,6,478.01,0.24,Wallet,3,1.1,2179.73
12701,01/02/2023,1875,Home,South,7,88.44,0.16,Wallet,4,4.1,520.03
12702,04/30/2023,1243,Electronics,Central,1,298.23,0.09,Card,11,4.1,271.39
12703,02/19/2023,1574,Beauty,Central,1,241.07,0.15,COD,12,3.2,204.91
12704,08/28/2022,1723,Electronics,South,8,133.68,0.29,Card,1,2.7,759.3
12705,03/01/2023,1853,Home,West,9,131.38,0.14,COD,2,3.6,1016.88
12706,07/28/2022,1308,Beauty,East,6,569.36,0.13,Wallet,6,3.1,2972.06
12707,08/03/2022,1291,Clothing,North,6,298.22,0.09,Wallet,9,2.6,1628.28
12708,03/04/2022,1972,Beauty,West,5,501.92,0.23,Card,4,4.5,1932.39
12709,07/16/2022,1103,Clothing,West,4,317.89,0.18,COD,2,2.4,1042.68
12710,09/28/2022,1235,Electronics,North,6,17.48,0.04,Card,11,1.3,100.68
12711,10/28/2022,1966,Toys,Central,1,313.08,0.03,COD,6,1.2,303.69
12712,07/07/2022,1009,Health,North,7,576.5,0.34,COD,12,4.0,2663.43
12713,11/17/2022,1386,Beauty,East,1,259.58,0.25,Card,5,2.0,194.69
12714,10/15/2022,1343,Beauty,South,10,568.29,0.06,Wallet,9,4.7,5341.93
12715,03/22/2022,1641,Electronics,South,7,382.27,0.13,COD,3,1.3,2328.02
12716,01/24/2023,1479,Toys,Central,5,591.67,0.08,Wallet,4,1.1,2721.68
12717,01/27/2022,1723,Toys,South,10,32.38,0.04,COD,12,3.1,310.85
12718,10/22/2022,1089,Beauty,South,4,60.22,0.21,COD,11,4.3,190.3
12719,04/20/2023,1659,Electronics,South,2,223.91,0.09,Card,4,4.8,407.52
12720,06/21/2022,1583,Health,Central,8,275.54,0.04,Wallet,7,4.0,2116.15
12721,09/09/2022,1908,Toys,North,1,73.74,0.34,COD,11,3.6,48.67
12722,12/03/2022,1186,Electronics,West,9,139.29,0.08,COD,6,2.0,1153.32
12723,03/15/2022,1171,Health,West,2,445.16,0.03,COD,12,2.4,863.61
12724,03/06/2023,1832,Clothing,West,3,94.67,0.08,Card,1,3.8,261.29
12725,08/01/2022,1386,Electronics,East,4,34.15,0.06,Wallet,12,2.5,128.4
12726,02/15/2022,1669,Home,North,3,257.0,0.24,Card,10,2.3,585.96
12727,08/26/2022,1125,Toys,West,3,377.74,0.26,Card,12,4.4,838.58
12728,01/16/2022,1672,Clothing,South,5,380.63,0.06,Card,2,4.5,1788.96
12729,09/20/2022,1790,Home,Central,5,304.17,0.11,Wallet,6,2.1,1353.56
12730,01/02/2022,1275,Toys,West,2,551.44,0.14,COD,10,1.3,948.48
12731,03/05/2023,1668,Electronics,South,10,367.53,0.15,COD,11,4.8,3124.0
12732,05/02/2023,1278,Home,North,9,168.97,0.07,Card,12,4.7,1414.28
12733,04/03/2022,1081,Toys,North,8,286.91,0.12,Wallet,5,4.7,2019.85
12734,05/01/2022,1578,Home,West,4,164.65,0.32,Wallet,4,1.8,447.85
12735,10/21/2022,1613,Electronics,East,6,57.33,0.22,Card,10,1.4,268.3
12736,04/26/2023,1934,Health,Central,10,493.48,0.08,Wallet,1,4.0,4540.02
12737,12/15/2022,1550,Home,North,8,277.54,0.3,Wallet,6,3.8,1554.22
12738,01/08/2022,1486,Beauty,East,4,20.38,0.14,Wallet,6,1.8,70.11
12739,05/19/2022,1348,Health,Central,10,462.1,0.3,Card,6,3.8,3234.7
12740,01/19/2023,1359,Health,North,10,440.48,0.26,Wallet,11,1.8,3259.55
12741,07/01/2022,1621,Health,West,5,453.7,0.19,Card,2,3.6,1837.49
12742,03/09/2023,1588,Beauty,East,10,22.1,0.18,Wallet,11,1.3,181.22
12743,04/26/2022,1944,Health,East,9,231.88,0.22,Card,4,2.2,1627.8
12744,07/16/2022,1222,Toys,East,1,149.64,0.23,Wallet,8,2.1,115.22
12745,03/25/2023,1126,Toys,South,8,593.29,0.15,Wallet,9,4.4,4034.37
12746,10/30/2022,1092,Clothing,West,8,185.4,0.25,Wallet,2,1.3,1112.4
12747,11/24/2022,1351,Beauty,East,3,283.74,0.14,COD,5,2.3,732.05
12748,05/19/2022,1735,Home,North,8,300.68,0.18,COD,8,5.0,1972.46
12749,12/26/2022,1540,Beauty,South,5,169.44,0.27,COD,8,1.9,618.46
12750,10/21/2022,1529,Electronics,East,10,578.92,0.07,Wallet,6,3.9,5383.96
12751,04/05/2022,1873,Health,North,3,193.8,0.09,COD,6,3.8,529.07
12752,04/16/2023,1809,Beauty,South,4,311.48,0.06,Card,10,1.0,1171.16
12753,10/11/2022,1060,Electronics,North,8,525.71,0.16,Card,5,3.5,3532.77
12754,03/18/2023,1804,Clothing,West,9,49.52,0.29,Wallet,3,2.7,316.43
12755,01/15/2023,1979,Electronics,Central,10,233.73,0.09,Wallet,5,3.7,2126.94
12756,01/05/2022,1690,Toys,East,1,47.45,0.14,Card,7,1.1,40.81
12757,03/03/2022,1201,Beauty,South,8,531.72,0.34,Wallet,5,2.9,2807.48
12758,12/13/2022,1638,Home,South,1,262.7,0.07,Wallet,3,4.9,244.31
12759,02/14/2023,1717,Clothing,South,2,500.47,0.26,COD,1,4.4,740.7
12760,03/07/2022,1858,Home,Central,1,153.51,0.33,COD,3,3.7,102.85
12761,03/08/2022,1468,Electronics,East,5,254.01,0.13,COD,1,1.1,1104.94
12762,01/04/2023,1833,Health,Central,6,339.52,0.05,Card,7,4.5,1935.26
12763,09/18/2022,1352,Toys,South,10,372.24,0.28,COD,4,4.1,2680.13
12764,04/29/2023,1886,Toys,North,3,87.58,0.13,COD,4,3.5,228.58
12765,02/16/2022,1287,Home,Central,5,203.19,0.23,COD,5,1.9,782.28
12766,10/09/2022,1090,Toys,South,3,262.8,0.35,COD,5,3.0,512.46
12767,10/05/2022,1546,Home,West,2,445.36,0.14,Wallet,10,2.3,766.02
12768,10/29/2022,1141,Clothing,North,5,536.65,0.16,COD,9,1.2,2253.93
12769,11/06/2022,1501,Beauty,North,8,15.35,0.28,COD,8,1.0,88.42
12770,07/19/2022,1959,Home,East,8,243.63,0.08,Card,6,1.7,1793.12
12771,06/13/2022,1648,Beauty,East,9,302.03,0.3,Wallet,7,1.9,1902.79
12772,01/20/2022,1011,Clothing,South,2,470.83,0.05,Wallet,8,2.3,894.58
12773,01/31/2023,1483,Clothing,North,1,11.72,0.27,COD,9,3.2,8.56
12774,11/15/2022,1574,Health,Central,10,451.5,0.14,Wallet,1,4.3,3882.9
12775,09/27/2022,1597,Electronics,South,2,526.79,0.06,Wallet,8,3.5,990.37
12776,12/25/2022,1553,Electronics,South,8,182.82,0.13,COD,8,2.1,1272.43
12777,06/11/2022,1405,Home,West,7,241.61,0.05,COD,1,1.9,1606.71
12778,02/08/2023,1674,Beauty,Central,6,263.06,0.12,COD,10,3.3,1388.96
12779,11/18/2022,1460,Home,East,5,117.32,0.29,Wallet,8,4.1,416.49
12780,07/08/2022,1409,Clothing,West,10,99.4,0.05,Wallet,9,1.4,944.3
12781,09/25/2022,1420,Toys,North,10,329.27,0.32,Card,12,1.4,2239.04
12782,11/19/2022,1959,Toys,Central,5,557.41,0.19,Card,2,3.3,2257.51
12783,03/11/2022,1855,Beauty,East,5,512.2,0.25,Wallet,8,3.5,1920.75
12784,03/05/2022,1114,Electronics,West,8,180.28,0.24,Wallet,9,2.7,1096.1
12785,12/14/2022,1082,Beauty,North,7,401.71,0.19,COD,4,4.3,2277.7
12786,12/14/2022,1045,Health,North,4,353.91,0.22,COD,8,4.6,1104.2
12787,04/15/2022,1251,Health,West,5,162.34,0.1,COD,2,1.0,730.53
12788,07/14/2022,1261,Electronics,North,3,107.23,0.11,Wallet,5,4.4,286.3
12789,02/05/2023,1156,Electronics,East,3,461.16,0.28,Wallet,2,1.4,996.11
12790,07/23/2022,1239,Health,Central,8,592.95,0.35,COD,10,3.2,3083.34
12791,02/17/2022,1278,Home,North,5,564.97,0.02,Wallet,12,4.9,2768.35
12792,01/01/2022,1052,Health,Central,5,458.45,0.27,COD,1,4.8,1673.34
12793,07/10/2022,1951,Health,Central,7,151.27,0.21,COD,10,2.5,836.52
12794,01/05/2023,1829,Toys,North,1,81.23,0.08,COD,8,1.3,74.73
12795,03/26/2022,1671,Beauty,North,6,407.0,0.29,Card,1,1.3,1733.82
12796,03/13/2022,1739,Home,North,5,390.26,0.13,COD,4,1.3,1697.63
12797,10/20/2022,1047,Home,South,7,562.35,0.06,COD,6,3.2,3700.26
12798,02/17/2023,1402,Health,Central,6,302.45,0.22,Wallet,12,2.0,1415.47
12799,02/14/2023,1151,Home,Central,5,20.0,0.05,Wallet,5,1.6,95.0
12800,05/31/2022,1983,Health,North,3,452.3,0.21,Wallet,8,3.6,1071.95
12801,10/25/2022,1633,Home,Central,5,486.22,0.01,Card,12,2.1,2406.79
12802,03/31/2022,1906,Electronics,West,6,469.43,0.25,COD,3,3.6,2112.43
12803,07/10/2022,1443,Toys,Central,4,281.11,0.3,Card,2,3.7,787.11
12804,03/19/2023,1433,Toys,North,4,84.99,0.14,Wallet,6,2.3,292.37
12805,05/01/2023,1059,Home,North,4,63.96,0.12,Card,7,4.4,225.14
12806,03/17/2022,1313,Electronics,East,9,355.32,0.23,Wallet,8,3.2,2462.37
12807,12/09/2022,1608,Health,North,5,351.41,0.2,Card,4,3.8,1405.64
12808,04/14/2023,1513,Health,Central,7,33.31,0.21,Wallet,9,1.3,184.2
12809,12/31/2022,1654,Electronics,South,1,480.6,0.02,Wallet,4,1.5,470.99
12810,07/17/2022,1213,Toys,West,10,51.57,0.33,Card,4,4.6,345.52
12811,02/01/2023,1385,Home,South,7,118.43,0.28,Card,12,3.2,596.89
12812,03/18/2023,1527,Home,Central,9,525.23,0.05,Card,12,4.1,4490.72
12813,04/10/2023,1749,Health,South,1,13.26,0.25,COD,11,3.8,9.95
12814,07/08/2022,1337,Health,North,6,546.98,0.06,COD,11,2.0,3084.97
12815,03/12/2022,1919,Toys,West,1,529.46,0.23,Wallet,7,1.5,407.68
12816,12/21/2022,1692,Electronics,West,6,476.92,0.26,Card,8,3.0,2117.52
12817,04/28/2023,1219,Health,East,2,271.62,0.28,Card,2,4.9,391.13
12818,09/24/2022,1308,Clothing,North,6,274.23,0.16,Wallet,7,3.5,1382.12
12819,12/17/2022,1159,Electronics,Central,8,347.16,0.14,COD,9,1.1,2388.46
12820,02/02/2022,1153,Electronics,South,7,44.52,0.03,Card,3,4.8,302.29
12821,04/30/2022,1116,Toys,East,4,598.61,0.35,COD,12,4.5,1556.39
12822,05/07/2023,1428,Health,North,2,171.47,0.03,COD,4,2.8,332.65
12823,10/01/2022,1456,Beauty,East,5,485.48,0.29,Card,5,1.9,1723.45
12824,07/06/2022,1831,Toys,North,5,497.61,0.3,Wallet,6,2.8,1741.63
12825,12/23/2022,1736,Clothing,West,9,311.95,0.03,Card,12,4.1,2723.32
12826,01/15/2023,1202,Home,Central,9,534.63,0.07,Card,4,1.3,4474.85
12827,02/26/2022,1100,Home,West,10,503.44,0.34,COD,1,2.6,3322.7
12828,04/27/2023,1014,Beauty,North,3,452.18,0.02,COD,8,2.8,1329.41
12829,06/07/2022,1979,Toys,West,10,496.34,0.14,Card,6,2.2,4268.52
12830,03/03/2022,1542,Home,South,5,525.38,0.32,Wallet,11,1.7,1786.29
12831,01/02/2023,1777,Clothing,East,6,378.1,0.02,Card,7,4.8,2223.23
12832,06/15/2022,1560,Home,East,6,562.06,0.3,COD,2,1.7,2360.65
12833,10/01/2022,1302,Toys,West,10,575.02,0.05,Card,5,2.9,5462.69
12834,10/12/2022,1096,Home,South,4,542.76,0.31,COD,3,4.8,1498.02
12835,09/17/2022,1397,Beauty,South,7,319.59,0.04,Card,10,2.9,2147.64
12836,04/10/2023,1426,Beauty,North,5,213.59,0.13,COD,11,4.1,929.12
12837,10/08/2022,1833,Toys,South,4,193.95,0.32,Card,12,3.3,527.54
12838,03/04/2023,1768,Electronics,Central,5,207.87,0.3,Card,5,2.7,727.54
12839,03/07/2023,1999,Toys,East,9,156.67,0.27,Card,2,4.4,1029.32
12840,01/28/2023,1564,Toys,South,6,176.31,0.13,Wallet,12,2.9,920.34
12841,03/16/2022,1318,Home,East,10,562.01,0.19,Card,2,1.1,4552.28
12842,09/04/2022,1818,Beauty,East,1,396.79,0.05,COD,12,3.1,376.95
12843,05/13/2023,1661,Toys,East,2,45.77,0.1,Wallet,11,2.1,82.39
12844,12/26/2022,1632,Electronics,West,5,581.11,0.28,Wallet,7,4.1,2092.0
12845,05/16/2022,1724,Beauty,South,4,261.37,0.34,Card,3,1.8,690.02
12846,02/03/2022,1255,Electronics,South,3,39.68,0.3,Wallet,12,4.4,83.33
12847,07/09/2022,1403,Electronics,North,5,456.62,0.29,COD,9,1.5,1621.0
12848,05/07/2023,1605,Toys,Central,4,145.37,0.12,Card,1,4.5,511.7
12849,10/08/2022,1051,Clothing,West,1,275.3,0.09,Wallet,7,3.4,250.52
12850,07/12/2022,1996,Home,South,1,203.37,0.14,Wallet,3,3.8,174.9
12851,07/15/2022,1975,Clothing,Central,9,20.53,0.07,Card,1,2.2,171.84
12852,02/13/2022,1301,Home,West,4,264.3,0.32,Wallet,10,4.4,718.9
12853,07/19/2022,1147,Clothing,West,4,153.74,0.24,Card,11,4.5,467.37
12854,06/11/2022,1410,Beauty,East,5,563.78,0.31,Card,11,2.1,1945.04
12855,12/21/2022,1285,Beauty,South,1,586.73,0.1,COD,11,2.1,528.06
12856,02/10/2023,1819,Toys,Central,6,316.08,0.06,Card,5,2.5,1782.69
12857,05/30/2022,1364,Clothing,West,4,335.49,0.02,Wallet,2,1.2,1315.12
12858,02/23/2022,1917,Clothing,East,8,396.33,0.11,COD,4,4.6,2821.87
12859,02/13/2023,1953,Beauty,West,5,245.12,0.18,COD,6,3.2,1004.99
12860,04/07/2023,1985,Health,West,1,376.67,0.06,COD,9,4.7,354.07
12861,07/20/2022,1897,Home,East,10,228.25,0.13,Wallet,8,4.4,1985.78
12862,06/11/2022,1112,Home,East,1,574.38,0.31,Card,10,1.7,396.32
12863,04/16/2022,1282,Home,North,9,204.45,0.2,COD,9,4.0,1472.04
12864,11/19/2022,1884,Health,North,6,499.29,0.24,COD,10,4.3,2276.76
12865,06/22/2022,1646,Electronics,West,4,250.58,0.35,COD,1,1.2,651.51
12866,10/15/2022,1336,Toys,North,1,475.81,0.07,Card,11,3.0,442.5
12867,11/02/2022,1019,Beauty,East,8,164.48,0.25,Wallet,9,4.1,986.88
12868,03/17/2022,1028,Toys,South,5,408.62,0.03,Wallet,10,1.3,1981.81
12869,04/20/2022,1791,Toys,East,10,568.32,0.14,COD,5,1.8,4887.55
12870,06/24/2022,1252,Beauty,North,3,124.26,0.34,COD,10,1.1,246.03
12871,04/22/2022,1836,Home,East,10,72.75,0.26,Wallet,3,4.9,538.35
12872,10/13/2022,1627,Beauty,South,7,531.86,0.12,Card,6,3.8,3276.26
12873,08/16/2022,1969,Clothing,West,3,32.64,0.02,Wallet,5,1.1,95.96
12874,01/09/2022,1827,Clothing,Central,9,320.48,0.27,Wallet,1,1.2,2105.55
12875,02/09/2023,1833,Electronics,West,7,464.36,0.1,Card,1,1.2,2925.47
12876,03/16/2022,1816,Home,North,1,97.83,0.35,COD,5,4.1,63.59
12877,01/21/2023,1080,Toys,Central,10,372.61,0.33,Wallet,1,2.7,2496.49
12878,04/30/2023,1345,Toys,South,10,188.54,0.15,COD,10,4.7,1602.59
12879,05/03/2023,1430,Health,South,1,567.52,0.32,Card,6,4.2,385.91
12880,02/12/2023,1091,Electronics,East,10,400.5,0.07,Wallet,1,2.6,3724.65
12881,06/21/2022,1901,Clothing,South,9,346.7,0.22,COD,1,3.9,2433.83
12882,09/08/2022,1934,Clothing,South,5,490.05,0.03,Wallet,4,1.1,2376.74
12883,02/05/2022,1304,Beauty,North,3,328.49,0.04,Wallet,7,4.9,946.05
12884,02/08/2022,1465,Toys,East,6,112.36,0.24,Card,12,3.0,512.36
12885,03/06/2022,1183,Beauty,Central,9,111.1,0.23,COD,11,1.6,769.92
12886,09/15/2022,1147,Health,Central,7,366.66,0.25,Card,7,2.5,1924.97
12887,06/30/2022,1581,Beauty,South,10,210.39,0.27,Wallet,2,1.4,1535.85
12888,10/26/2022,1133,Toys,Central,5,293.34,0.2,COD,12,3.5,1173.36
12889,03/30/2023,1072,Electronics,North,8,143.67,0.13,COD,1,3.8,999.94
12890,05/13/2023,1753,Clothing,Central,9,479.72,0.1,Wallet,1,3.4,3885.73
12891,10/18/2022,1865,Toys,South,1,369.5,0.25,COD,7,2.0,277.12
12892,08/30/2022,1021,Toys,South,5,578.34,0.3,Card,5,3.6,2024.19
12893,08/20/2022,1241,Beauty,North,9,500.78,0.14,COD,7,2.4,3876.04
12894,04/08/2023,1954,Health,West,6,445.89,0.19,Card,9,1.4,2167.03
12895,04/26/2022,1162,Health,West,1,442.81,0.02,Card,12,3.7,433.95
12896,06/26/2022,1972,Toys,South,4,494.56,0.1,Wallet,2,4.0,1780.42
12897,09/29/2022,1955,Beauty,South,8,371.64,0.32,Wallet,5,4.3,2021.72
12898,07/12/2022,1842,Clothing,West,6,387.6,0.1,COD,6,3.5,2093.04
12899,10/13/2022,1370,Clothing,Central,8,328.91,0.28,COD,12,2.5,1894.52
12900,03/13/2023,1105,Clothing,North,1,335.71,0.2,Wallet,6,1.1,268.57
12901,07/08/2022,1929,Home,North,5,154.81,0.2,Wallet,7,3.6,619.24
12902,08/09/2022,1336,Beauty,East,5,252.7,0.3,Wallet,7,2.8,884.45
12903,03/12/2023,1171,Beauty,North,3,468.48,0.16,COD,8,4.9,1180.57
12904,09/01/2022,1837,Toys,East,3,588.24,0.09,COD,3,3.8,1605.9
12905,06/15/2022,1433,Toys,North,10,18.31,0.26,Wallet,1,4.2,135.49
12906,09/06/2022,1269,Home,Central,6,209.06,0.06,Card,10,4.8,1179.1
12907,12/28/2022,1854,Toys,East,10,249.61,0.09,Card,3,1.1,2271.45
12908,07/06/2022,1168,Toys,Central,7,273.02,0.17,Wallet,5,3.2,1586.25
12909,06/01/2022,1363,Health,East,10,238.75,0.18,Wallet,2,2.4,1957.75
12910,07/26/2022,1255,Health,East,7,334.68,0.05,Wallet,9,2.7,2225.62
12911,02/14/2022,1659,Toys,Central,10,496.89,0.21,Wallet,3,2.7,3925.43
12912,05/12/2023,1523,Health,Central,8,380.97,0.22,Card,12,1.1,2377.25
12913,12/18/2022,1137,Health,North,10,327.0,0.12,Wallet,3,4.8,2877.6
12914,01/09/2022,1988,Health,South,7,47.15,0.11,COD,5,1.3,293.74
12915,06/23/2022,1314,Clothing,North,8,130.91,0.32,Wallet,7,1.9,712.15
12916,10/27/2022,1436,Beauty,East,1,267.47,0.16,Card,9,1.1,224.67
12917,12/11/2022,1067,Beauty,West,10,593.51,0.28,COD,6,2.6,4273.27
12918,03/02/2023,1601,Toys,East,10,260.58,0.04,Wallet,1,1.7,2501.57
12919,03/29/2023,1547,Home,East,5,548.81,0.02,COD,5,3.6,2689.17
12920,01/10/2022,1744,Electronics,South,7,250.86,0.21,COD,2,5.0,1387.26
12921,05/05/2023,1484,Health,South,5,472.67,0.24,Card,7,3.6,1796.15
12922,12/13/2022,1932,Electronics,South,2,43.74,0.31,Card,5,1.4,60.36
12923,02/12/2023,1506,Toys,West,1,112.5,0.23,COD,6,1.1,86.62
12924,12/23/2022,1799,Beauty,East,1,426.34,0.17,Card,9,3.2,353.86
12925,02/12/2022,1697,Beauty,North,2,418.88,0.21,COD,10,2.8,661.83
12926,01/03/2022,1008,Home,South,3,258.11,0.22,Card,5,1.7,603.98
12927,01/24/2022,1912,Clothing,South,1,599.1,0.04,Wallet,8,2.0,575.14
12928,01/31/2023,1503,Clothing,South,3,307.08,0.27,COD,3,4.0,672.51
12929,03/29/2023,1887,Toys,West,9,450.07,0.1,Card,4,4.2,3645.57
12930,04/17/2022,1516,Beauty,West,6,486.21,0.11,COD,11,1.2,2596.36
12931,03/30/2023,1958,Home,South,5,172.53,0.2,Wallet,5,3.4,690.12
12932,01/11/2023,1684,Toys,North,7,448.8,0.01,Wallet,7,2.2,3110.18
12933,03/12/2022,1933,Health,West,5,253.3,0.23,Wallet,10,2.3,975.21
12934,04/30/2023,1975,Beauty,East,4,36.63,0.32,COD,2,2.4,99.63
12935,04/12/2022,1890,Beauty,West,10,372.46,0.12,Card,11,3.2,3277.65
12936,12/07/2022,1141,Electronics,East,1,132.71,0.12,Wallet,8,4.5,116.78
12937,09/15/2022,1131,Health,East,3,27.61,0.02,Wallet,10,2.4,81.17
12938,12/20/2022,1209,Beauty,West,3,195.03,0.05,COD,8,1.4,555.84
12939,03/26/2023,1952,Health,West,8,254.08,0.01,COD,12,1.8,2012.31
12940,01/30/2023,1945,Beauty,North,5,109.08,0.15,COD,9,2.8,463.59
12941,05/15/2022,1539,Health,South,9,257.98,0.32,COD,7,4.1,1578.84
12942,02/19/2022,1539,Home,East,10,467.78,0.18,COD,8,1.9,3835.8
12943,05/21/2022,1582,Toys,East,5,506.24,0.02,Card,2,4.6,2480.58
12944,09/11/2022,1377,Health,South,1,88.66,0.17,Card,11,3.3,73.59
12945,02/06/2022,1690,Health,North,5,322.15,0.26,Card,3,2.0,1191.95
12946,06/16/2022,1998,Health,West,5,515.04,0.26,Card,3,1.5,1905.65
12947,12/30/2022,1230,Health,Central,6,46.66,0.28,Wallet,7,1.3,201.57
12948,04/01/2023,1532,Electronics,East,10,254.86,0.1,Card,8,2.3,2293.74
12949,03/03/2023,1188,Beauty,South,10,129.56,0.14,Card,3,2.6,1114.22
12950,08/26/2022,1450,Health,West,6,201.46,0.26,Wallet,2,3.0,894.48
12951,02/20/2022,1249,Beauty,East,2,167.47,0.24,COD,3,1.7,254.55
12952,04/21/2023,1862,Electronics,East,2,263.07,0.2,COD,11,3.0,420.91
12953,07/25/2022,1187,Electronics,Central,6,358.94,0.27,Wallet,5,3.3,1572.16
12954,02/14/2022,1152,Toys,South,9,225.49,0.05,Card,12,1.5,1927.94
12955,03/26/2022,1023,Electronics,East,7,192.58,0.29,Card,12,2.7,957.12
12956,05/16/2022,1103,Clothing,West,1,503.95,0.11,Card,11,4.4,448.52
12957,07/31/2022,1097,Clothing,Central,4,53.5,0.28,Card,11,1.8,154.08
12958,10/09/2022,1027,Toys,North,1,82.96,0.03,Wallet,6,1.5,80.47
12959,10/20/2022,1996,Toys,East,9,492.63,0.03,COD,2,3.0,4300.66
12960,08/10/2022,1079,Beauty,South,6,97.61,0.13,Card,11,4.4,509.52
12961,04/29/2023,1297,Home,West,8,160.5,0.06,Wallet,9,1.1,1206.96
12962,05/20/2022,1864,Electronics,East,5,482.28,0.18,COD,4,1.4,1977.35
12963,01/26/2022,1192,Electronics,East,3,482.2,0.32,Wallet,11,3.8,983.69
12964,08/05/2022,1504,Toys,Central,6,274.52,0.26,Card,4,4.6,1218.87
12965,02/11/2022,1314,Home,South,10,301.01,0.27,Wallet,10,1.8,2197.37
12966,02/10/2023,1697,Electronics,North,10,251.31,0.23,Card,3,3.1,1935.09
12967,02/22/2023,1176,Home,West,8,152.68,0.23,COD,4,1.7,940.51
12968,01/30/2022,1097,Home,North,7,169.7,0.29,Card,11,2.7,843.41
12969,03/20/2022,1376,Clothing,North,3,348.76,0.19,Card,1,2.3,847.49
12970,02/05/2022,1531,Home,North,3,579.42,0.16,Card,5,2.6,1460.14
12971,04/15/2022,1856,Beauty,South,6,149.65,0.18,Wallet,5,3.4,736.28
12972,04/26/2023,1298,Health,East,1,528.32,0.09,COD,6,4.7,480.77
12973,01/11/2023,1506,Home,Central,10,519.02,0.23,COD,10,2.3,3996.45
12974,04/07/2023,1818,Health,North,7,585.18,0.02,Wallet,6,3.8,4014.33
12975,08/10/2022,1075,Electronics,North,6,487.77,0.09,COD,12,3.1,2663.22
12976,04/21/2022,1929,Electronics,West,6,531.88,0.1,Wallet,7,1.1,2872.15
12977,05/23/2022,1639,Toys,North,3,231.68,0.18,Card,1,1.9,569.93
12978,03/03/2023,1269,Home,North,6,524.85,0.1,Card,1,1.7,2834.19
12979,12/25/2022,1074,Clothing,South,9,169.83,0.23,Card,5,3.9,1176.92
12980,02/17/2023,1057,Health,West,10,400.12,0.06,COD,1,2.8,3761.13
12981,01/29/2022,1833,Toys,West,3,67.4,0.05,COD,9,1.4,192.09
12982,02/25/2022,1673,Toys,East,6,563.94,0.32,Card,11,2.8,2300.88
12983,04/27/2022,1740,Electronics,North,1,207.23,0.33,Wallet,9,4.1,138.84
12984,05/04/2022,1549,Health,North,6,482.06,0.28,Card,7,4.8,2082.5
12985,03/17/2023,1589,Clothing,South,7,156.79,0.14,Card,9,1.8,943.88
12986,02/11/2023,1946,Clothing,Central,7,30.68,0.25,Wallet,1,4.3,161.07
12987,10/19/2022,1666,Toys,East,4,440.65,0.19,COD,2,4.5,1427.71
12988,05/30/2022,1738,Electronics,Central,8,584.73,0.21,COD,10,2.2,3695.49
12989,08/01/2022,1617,Health,West,8,77.33,0.31,Card,8,3.6,426.86
12990,04/22/2023,1109,Electronics,North,7,216.12,0.01,COD,9,2.4,1497.71
12991,08/16/2022,1255,Home,East,2,395.48,0.18,COD,2,2.3,648.59
12992,01/02/2023,1549,Clothing,Central,3,497.4,0.25,COD,12,1.1,1119.15
12993,05/12/2022,1935,Health,South,10,30.33,0.05,COD,9,3.6,288.13
12994,02/17/2022,1847,Electronics,North,5,187.84,0.29,Wallet,2,4.0,666.83
12995,03/25/2023,1770,Home,South,7,113.69,0.14,Wallet,7,1.7,684.41
12996,09/17/2022,1156,Home,East,5,319.36,0.16,COD,11,2.9,1341.31
12997,03/26/2022,1106,Beauty,East,5,203.62,0.15,Wallet,3,2.8,865.38
12998,01/20/2022,1759,Electronics,North,5,238.86,0.25,COD,1,4.3,895.73
12999,01/11/2023,1048,Beauty,Central,9,398.41,0.27,Wallet,9,1.2,2617.55
13000,02/10/2023,1848,Clothing,North,1,571.18,0.12,Wallet,5,1.9,502.64
13001,01/28/2022,1908,Electronics,South,8,322.26,0.12,Card,9,2.8,2268.71
13002,08/03/2022,1606,Health,South,9,63.27,0.11,COD,4,3.4,506.79
13003,04/07/2023,1920,Toys,West,7,490.27,0.34,Wallet,12,1.3,2265.05
13004,05/31/2022,1207,Health,North,7,421.92,0.09,COD,3,3.6,2687.63
13005,02/15/2023,1185,Home,West,5,448.99,0.07,Wallet,5,1.8,2087.8
13006,01/17/2022,1922,Home,South,6,119.86,0.24,COD,12,1.1,546.56
13007,03/22/2023,1711,Beauty,East,5,495.73,0.05,Wallet,8,3.8,2354.72
13008,04/16/2023,1639,Beauty,North,5,429.09,0.13,COD,11,3.2,1866.54
13009,11/07/2022,1159,Toys,East,3,576.21,0.24,COD,2,4.4,1313.76
13010,09/05/2022,1461,Health,East,2,402.83,0.01,Card,2,1.6,797.6
13011,03/12/2022,1389,Home,Central,6,204.22,0.13,Wallet,4,4.9,1066.03
13012,12/22/2022,1658,Toys,East,3,199.07,0.1,COD,5,4.7,537.49
13013,01/01/2022,1539,Toys,West,3,116.22,0.19,Wallet,1,1.1,282.41
13014,02/16/2022,1162,Health,East,3,126.29,0.3,Card,9,3.6,265.21
13015,04/20/2023,1797,Beauty,Central,4,189.59,0.22,Card,11,4.7,591.52
13016,04/14/2022,1398,Clothing,Central,9,89.51,0.19,Card,3,1.3,652.53
13017,02/09/2022,1465,Toys,West,8,113.32,0.32,Wallet,12,4.5,616.46
13018,02/27/2023,1220,Home,Central,9,25.63,0.3,Card,9,4.5,161.47
13019,11/01/2022,1408,Health,West,10,200.79,0.15,Card,11,3.0,1706.71
13020,01/20/2023,1768,Toys,West,2,87.26,0.28,Card,5,3.8,125.65
13021,04/05/2022,1574,Home,West,8,391.62,0.26,Card,4,3.0,2318.39
13022,07/02/2022,1697,Home,East,6,553.56,0.14,Card,1,2.8,2856.37
13023,02/28/2022,1998,Beauty,North,5,40.57,0.07,Wallet,11,4.2,188.65
13024,12/22/2022,1449,Health,West,9,263.64,0.04,COD,5,1.6,2277.85
13025,04/10/2023,1592,Clothing,Central,5,16.45,0.2,Card,10,3.7,65.8
13026,10/09/2022,1967,Toys,East,5,319.5,0.27,Card,4,2.0,1166.17
13027,12/07/2022,1677,Beauty,West,8,24.84,0.11,COD,6,1.5,176.86
13028,11/03/2022,1568,Health,West,2,394.84,0.15,Wallet,11,3.1,671.23
13029,07/13/2022,1014,Home,South,2,71.42,0.11,Wallet,7,1.8,127.13
13030,05/11/2022,1879,Toys,East,8,119.9,0.32,Card,7,4.9,652.26
13031,03/19/2023,1343,Health,East,5,49.59,0.1,Wallet,6,2.4,223.16
13032,05/14/2023,1727,Electronics,North,4,492.11,0.01,Card,7,4.5,1948.76
13033,04/19/2023,1312,Clothing,East,4,572.01,0.28,Wallet,9,4.7,1647.39
13034,06/30/2022,1490,Toys,Central,1,317.77,0.29,Wallet,7,4.0,225.62
13035,12/20/2022,1210,Toys,East,7,436.02,0.34,COD,5,3.6,2014.41
13036,03/25/2023,1298,Beauty,North,6,315.22,0.33,Wallet,8,5.0,1267.18
13037,02/26/2023,1603,Electronics,South,7,239.45,0.33,COD,9,4.1,1123.02
13038,01/16/2022,1796,Beauty,East,1,369.88,0.1,Wallet,5,3.8,332.89
13039,04/28/2022,1032,Clothing,East,4,385.15,0.19,COD,3,4.9,1247.89
13040,03/09/2022,1646,Clothing,East,10,178.41,0.2,Card,3,3.2,1427.28
13041,01/26/2022,1109,Home,North,3,62.62,0.15,Wallet,11,1.0,159.68
13042,12/22/2022,1033,Home,North,7,153.97,0.27,Card,12,2.3,786.79
13043,03/13/2023,1140,Beauty,Central,10,350.72,0.24,COD,8,4.0,2665.47
13044,12/12/2022,1246,Health,South,5,213.98,0.27,Wallet,1,2.6,781.03
13045,07/02/2022,1461,Home,North,5,50.23,0.1,Wallet,5,1.4,226.03
13046,02/08/2023,1110,Clothing,South,5,164.25,0.28,COD,11,4.6,591.3
13047,09/07/2022,1370,Electronics,South,4,452.93,0.28,Card,4,2.3,1304.44
13048,12/30/2022,1785,Clothing,South,3,124.89,0.03,Card,1,3.8,363.43
13049,03/22/2022,1513,Clothing,Central,4,238.1,0.29,COD,3,3.9,676.2
13050,05/31/2022,1264,Electronics,South,2,497.82,0.23,Wallet,7,4.7,766.64
13051,03/11/2023,1686,Home,Central,4,479.33,0.2,Card,7,2.5,1533.86
13052,01/07/2022,1379,Beauty,West,10,419.24,0.18,Wallet,3,2.3,3437.77
13053,05/21/2022,1217,Beauty,West,6,32.15,0.06,Card,7,2.3,181.33
13054,05/04/2022,1473,Toys,North,5,151.11,0.15,Card,2,3.7,642.22
13055,09/27/2022,1790,Beauty,Central,1,255.27,0.34,Wallet,9,4.9,168.48
13056,10/28/2022,1676,Toys,South,5,48.75,0.08,Card,4,3.3,224.25
13057,07/09/2022,1052,Electronics,East,6,403.1,0.13,COD,6,4.3,2104.18
13058,08/07/2022,1082,Health,North,1,183.16,0.11,Wallet,12,1.4,163.01
13059,09/25/2022,1574,Beauty,East,8,476.85,0.33,Wallet,1,4.0,2555.92
13060,07/06/2022,1181,Beauty,North,5,286.66,0.34,Wallet,10,4.0,945.98
13061,01/28/2023,1999,Beauty,South,7,447.08,0.08,Card,1,4.9,2879.2
13062,10/18/2022,1899,Clothing,West,10,432.91,0.16,Card,1,1.0,3636.44
13063,01/03/2022,1041,Toys,East,4,83.48,0.12,Wallet,7,3.1,293.85
13064,10/31/2022,1459,Home,Central,9,344.47,0.29,COD,6,4.3,2201.16
13065,12/29/2022,1641,Beauty,South,10,131.72,0.26,COD,1,2.0,974.73
13066,04/12/2022,1755,Clothing,Central,4,409.42,0.34,Wallet,12,1.3,1080.87
13067,05/10/2023,1877,Home,Central,10,504.51,0.18,Card,12,3.4,4136.98
13068,05/01/2023,1483,Toys,Central,8,592.66,0.31,COD,3,3.5,3271.48
13069,01/14/2023,1430,Health,East,3,466.54,0.12,Card,6,2.8,1231.67
13070,05/05/2023,1225,Home,South,1,550.95,0.32,Card,7,4.3,374.65
13071,04/19/2022,1470,Clothing,West,5,46.15,0.14,COD,7,2.8,198.44
13072,11/28/2022,1487,Beauty,North,4,49.6,0.35,Card,8,4.0,128.96
13073,07/21/2022,1841,Beauty,North,7,329.52,0.17,Wallet,10,4.0,1914.51
13074,08/12/2022,1289,Clothing,North,7,560.23,0.26,Card,1,2.4,2901.99
13075,10/17/2022,1949,Home,West,1,250.96,0.06,COD,2,4.8,235.9
13076,02/04/2023,1023,Home,West,10,418.25,0.23,Wallet,4,2.5,3220.53
13077,05/28/2022,1969,Clothing,West,10,146.42,0.03,Card,3,3.0,1420.27
13078,09/14/2022,1601,Health,South,9,302.03,0.11,Card,1,2.5,2419.26
13079,03/11/2022,1999,Clothing,East,8,227.19,0.2,Card,2,2.2,1454.02
13080,02/14/2022,1612,Electronics,North,1,91.47,0.21,Wallet,1,4.6,72.26
13081,12/06/2022,1404,Toys,Central,2,91.13,0.29,COD,1,4.7,129.4
13082,04/03/2022,1406,Home,North,10,150.35,0.09,Wallet,10,1.4,1368.18
13083,12/23/2022,1497,Toys,Central,3,342.13,0.32,COD,10,4.4,697.95
13084,03/21/2022,1217,Clothing,Central,2,443.85,0.34,COD,2,2.8,585.88
13085,05/29/2022,1329,Home,South,4,306.04,0.12,Card,8,4.3,1077.26
13086,02/05/2022,1008,Electronics,South,1,574.65,0.15,Card,9,3.9,488.45
13087,12/17/2022,1589,Toys,South,1,285.91,0.3,Wallet,7,4.7,200.14
13088,04/02/2022,1006,Clothing,West,6,253.79,0.21,Card,10,3.4,1202.96
13089,04/18/2022,1486,Clothing,North,10,186.41,0.11,COD,5,1.2,1659.05
13090,03/09/2022,1747,Toys,South,8,42.36,0.09,Card,8,3.3,308.38
13091,02/04/2022,1943,Toys,South,5,230.17,0.06,Card,1,1.9,1081.8
13092,04/16/2022,1772,Home,North,10,59.58,0.33,Wallet,12,1.1,399.19
13093,12/20/2022,1395,Toys,West,8,400.64,0.24,Wallet,1,2.4,2435.89
13094,08/21/2022,1375,Toys,North,2,535.68,0.01,COD,8,3.2,1060.65
13095,01/24/2022,1427,Toys,West,2,517.51,0.07,Card,8,4.0,962.57
13096,04/11/2022,1539,Toys,Central,5,372.95,0.08,COD,9,3.7,1715.57
13097,11/02/2022,1321,Electronics,South,5,383.16,0.09,COD,5,3.3,1743.38
13098,02/19/2022,1054,Beauty,North,9,237.6,0.13,Wallet,12,4.2,1860.41
13099,08/22/2022,1858,Electronics,West,6,224.47,0.02,Wallet,1,1.2,1319.88
13100,02/12/2022,1414,Beauty,North,3,106.87,0.04,COD,5,1.2,307.79
13101,07/15/2022,1852,Toys,West,2,55.51,0.23,Card,7,1.1,85.49
13102,02/20/2022,1916,Clothing,East,3,495.21,0.32,Card,10,2.9,1010.23
13103,03/30/2023,1657,Toys,North,6,463.46,0.23,Wallet,1,2.1,2141.19
13104,04/29/2023,1968,Toys,South,4,164.52,0.07,COD,1,2.8,612.01
13105,02/10/2023,1001,Beauty,North,6,117.58,0.11,Wallet,11,3.9,627.88
13106,03/16/2022,1386,Toys,South,3,294.59,0.04,Wallet,12,3.9,848.42
13107,01/06/2022,2000,Beauty,East,9,12.16,0.02,Card,5,1.2,107.25
13108,01/28/2022,1761,Clothing,North,8,586.99,0.27,Wallet,8,4.6,3428.02
13109,06/09/2022,1169,Beauty,North,5,389.61,0.14,Card,8,2.9,1675.32
13110,01/05/2023,1750,Beauty,South,10,277.8,0.11,Card,12,2.4,2472.42
13111,11/27/2022,1098,Clothing,South,4,515.75,0.26,COD,8,1.0,1526.62
13112,03/18/2022,1033,Beauty,East,3,590.42,0.19,Card,10,4.5,1434.72
13113,09/15/2022,1395,Home,East,1,586.35,0.02,COD,2,2.8,574.62
13114,03/19/2023,1760,Health,South,2,198.65,0.24,Wallet,11,4.9,301.95
13115,05/18/2022,1800,Toys,South,10,208.82,0.24,Wallet,6,3.4,1587.03
13116,03/31/2022,1618,Toys,West,1,522.72,0.03,Card,8,2.6,507.04
13117,01/11/2022,1597,Beauty,South,6,488.28,0.12,COD,7,4.2,2578.12
13118,05/14/2022,1500,Beauty,East,6,313.21,0.01,Card,1,4.9,1860.47
13119,04/16/2022,1581,Toys,South,1,184.66,0.21,Card,7,3.9,145.88
13120,11/02/2022,1676,Health,East,9,209.56,0.15,COD,1,3.7,1603.13
13121,01/07/2022,1872,Health,North,6,283.13,0.03,Wallet,9,2.9,1647.82
13122,04/15/2023,1011,Electronics,Central,4,333.36,0.03,Wallet,1,1.6,1293.44
13123,07/27/2022,1373,Electronics,South,4,410.12,0.16,Card,12,1.9,1378.0
13124,02/03/2022,1778,Toys,East,6,48.41,0.26,Card,5,2.3,214.94
13125,02/19/2023,1138,Health,West,2,150.04,0.07,COD,10,4.0,279.07
13126,03/07/2022,1108,Beauty,West,5,560.61,0.35,Wallet,1,4.5,1821.98
13127,02/18/2022,1710,Toys,Central,7,488.94,0.08,COD,12,3.2,3148.77
13128,12/15/2022,1518,Beauty,East,10,383.76,0.2,Card,10,3.0,3070.08
13129,02/28/2023,1094,Health,South,4,38.24,0.27,Card,1,4.9,111.66
13130,01/25/2022,1361,Electronics,West,1,228.06,0.2,Wallet,3,1.0,182.45
13131,03/03/2022,1235,Electronics,Central,9,304.17,0.05,COD,3,3.8,2600.65
13132,02/27/2023,1758,Home,Central,1,206.82,0.35,Wallet,12,1.4,134.43
13133,06/05/2022,1735,Beauty,East,8,487.5,0.23,COD,9,1.9,3003.0
13134,04/12/2022,1566,Clothing,East,8,13.06,0.25,COD,10,1.9,78.36
13135,07/14/2022,1590,Toys,West,3,275.92,0.16,COD,8,2.8,695.32
13136,03/24/2023,1176,Home,South,6,336.94,0.07,Wallet,12,4.3,1880.13
13137,04/28/2022,1351,Health,North,1,494.09,0.24,Wallet,1,3.9,375.51
13138,02/21/2023,1200,Health,South,10,530.86,0.24,Wallet,11,1.9,4034.54
13139,04/03/2023,1495,Home,East,10,475.96,0.3,Card,12,4.6,3331.72
13140,11/16/2022,1684,Electronics,Central,7,308.36,0.07,Card,9,3.0,2007.42
13141,06/14/2022,1172,Home,South,6,290.61,0.05,Wallet,9,4.2,1656.48
13142,03/25/2022,1047,Clothing,West,10,62.81,0.3,COD,8,3.9,439.67
13143,12/18/2022,1869,Electronics,North,6,164.93,0.21,Wallet,12,3.8,781.77
13144,06/21/2022,1786,Home,Central,4,494.98,0.1,Wallet,8,4.2,1781.93
13145,01/29/2023,1061,Clothing,South,9,341.41,0.15,Card,6,3.5,2611.79
13146,04/20/2022,1951,Beauty,South,6,171.75,0.17,Card,5,2.3,855.31
13147,01/07/2022,1887,Toys,South,8,68.81,0.03,Wallet,8,3.8,533.97
13148,03/17/2022,1787,Health,North,1,36.91,0.01,Card,10,4.1,36.54
13149,10/13/2022,1307,Beauty,West,7,13.19,0.03,COD,5,3.0,89.56
13150,05/25/2022,1826,Electronics,East,10,265.11,0.13,Wallet,3,1.6,2306.46
13151,10/24/2022,1333,Clothing,West,5,151.24,0.24,Wallet,4,1.2,574.71
13152,08/21/2022,1177,Toys,East,5,233.31,0.23,Wallet,3,3.7,898.24
13153,06/07/2022,1337,Beauty,East,10,69.8,0.16,Wallet,10,4.9,586.32
13154,09/08/2022,1814,Electronics,South,2,590.2,0.2,Wallet,7,2.1,944.32
13155,06/03/2022,1272,Clothing,West,2,408.85,0.26,Wallet,9,1.8,605.1
13156,07/02/2022,1910,Electronics,Central,3,271.73,0.24,COD,7,3.3,619.54
13157,05/31/2022,1422,Home,East,8,26.5,0.04,COD,7,2.7,203.52
13158,01/28/2023,1837,Health,South,9,23.05,0.27,Card,11,4.6,151.44
13159,05/05/2022,1084,Beauty,West,5,432.92,0.16,COD,2,1.9,1818.26
13160,12/12/2022,1024,Clothing,West,3,268.36,0.12,Card,9,2.3,708.47
13161,01/13/2023,1282,Beauty,East,9,140.51,0.32,Card,3,3.8,859.92
13162,11/22/2022,1452,Clothing,South,3,59.46,0.28,COD,2,1.2,128.43
13163,07/14/2022,1703,Clothing,North,5,539.95,0.16,Card,4,2.5,2267.79
13164,03/18/2023,1028,Electronics,North,10,592.85,0.2,Wallet,4,2.3,4742.8
13165,07/17/2022,1233,Clothing,North,1,512.69,0.31,COD,4,2.7,353.76
13166,01/29/2023,1429,Home,North,3,380.58,0.29,Wallet,1,1.5,810.64
13167,01/20/2022,1585,Clothing,South,1,382.24,0.07,COD,5,1.6,355.48
13168,11/16/2022,1049,Beauty,South,2,479.62,0.28,Wallet,12,3.0,690.65
13169,07/19/2022,1404,Clothing,Central,10,115.57,0.09,Card,1,1.8,1051.69
13170,07/20/2022,1834,Beauty,East,7,414.22,0.3,Wallet,9,1.7,2029.68
13171,04/12/2022,1421,Home,North,10,482.7,0.3,COD,12,4.6,3378.9
13172,09/24/2022,1765,Toys,North,7,443.49,0.33,Wallet,6,4.1,2079.97
13173,10/09/2022,1435,Toys,North,10,446.37,0.33,Card,12,1.2,2990.68
13174,02/21/2023,1046,Clothing,West,3,120.65,0.3,Card,8,4.3,253.37
13175,08/22/2022,1512,Toys,West,5,406.03,0.28,COD,11,2.8,1461.71
13176,10/20/2022,1609,Home,South,2,59.54,0.27,Wallet,8,4.8,86.93
13177,06/20/2022,1007,Toys,Central,2,36.91,0.19,COD,6,4.7,59.79
13178,02/19/2023,1373,Beauty,East,9,299.92,0.16,Card,3,4.4,2267.4
13179,05/03/2022,1996,Electronics,Central,1,526.3,0.11,Wallet,6,1.5,468.41
13180,06/26/2022,1847,Clothing,West,2,524.77,0.22,Card,12,4.1,818.64
13181,11/17/2022,1471,Health,Central,3,539.37,0.25,Wallet,4,2.0,1213.58
13182,09/28/2022,1373,Home,East,6,13.55,0.3,Card,7,3.1,56.91
13183,03/12/2022,1938,Home,South,3,469.39,0.32,Wallet,6,4.1,957.56
13184,05/12/2023,1507,Health,South,6,236.28,0.22,COD,5,1.4,1105.79
13185,08/25/2022,1693,Beauty,North,2,383.23,0.06,Card,7,2.1,720.47
13186,05/16/2022,1169,Health,North,10,191.19,0.18,Wallet,7,3.6,1567.76
13187,02/26/2022,1721,Toys,North,1,36.84,0.22,Wallet,5,5.0,28.74
13188,04/10/2023,1175,Clothing,West,10,405.41,0.11,Card,7,2.3,3608.15
13189,01/05/2023,1406,Toys,North,2,181.35,0.22,Wallet,8,3.5,282.91
13190,08/15/2022,1911,Home,East,6,320.33,0.12,COD,8,2.2,1691.34
13191,08/09/2022,1674,Beauty,East,9,18.66,0.14,COD,1,3.3,144.43
13192,12/31/2022,1412,Home,North,8,271.21,0.11,Card,10,2.2,1931.02
13193,01/01/2022,1452,Health,Central,7,305.66,0.33,Card,12,1.6,1433.55
13194,09/20/2022,1791,Toys,West,7,449.62,0.2,COD,12,1.9,2517.87
13195,05/13/2022,1065,Clothing,West,5,562.62,0.02,Wallet,6,3.5,2756.84
13196,04/24/2023,1087,Electronics,North,1,163.6,0.09,Wallet,6,3.7,148.88
13197,02/11/2023,1498,Toys,North,1,267.68,0.34,Wallet,2,1.8,176.67
13198,05/30/2022,1140,Home,North,7,370.64,0.31,Card,7,3.3,1790.19
13199,08/13/2022,1236,Beauty,South,3,422.58,0.08,Wallet,5,3.6,1166.32
13200,05/13/2022,1237,Beauty,South,2,227.73,0.34,COD,7,2.4,300.6
13201,06/10/2022,1624,Home,Central,8,409.57,0.3,COD,9,1.6,2293.59
13202,07/28/2022,1459,Clothing,West,7,290.03,0.27,Card,6,3.1,1482.05
13203,01/09/2022,1349,Health,North,3,275.81,0.02,Wallet,9,1.0,810.88
13204,05/11/2023,1122,Toys,Central,9,443.08,0.14,COD,12,3.4,3429.44
13205,02/11/2023,1799,Health,Central,8,322.1,0.2,COD,1,1.7,2061.44
13206,11/21/2022,1161,Beauty,South,10,299.58,0.2,Card,5,3.9,2396.64
13207,10/11/2022,1550,Clothing,South,10,492.71,0.18,COD,1,4.3,4040.22
13208,10/25/2022,1247,Electronics,North,6,137.87,0.1,Card,5,4.3,744.5
13209,10/13/2022,1892,Electronics,North,1,394.34,0.07,Wallet,4,3.9,366.74
13210,10/08/2022,1440,Toys,Central,5,372.47,0.18,Card,1,2.6,1527.13
13211,05/10/2022,1365,Toys,South,8,27.2,0.09,Wallet,8,2.2,198.02
13212,05/12/2023,1181,Home,North,7,148.64,0.14,Card,8,2.6,894.81
13213,08/03/2022,1623,Clothing,North,5,395.92,0.24,Wallet,7,3.5,1504.5
13214,03/12/2023,1547,Toys,North,3,287.27,0.33,Wallet,12,1.9,577.41
13215,11/14/2022,1650,Clothing,South,8,181.11,0.18,Wallet,2,2.0,1188.08
13216,01/03/2023,1678,Home,West,10,84.19,0.34,Wallet,6,3.0,555.65
13217,01/19/2022,1955,Clothing,East,8,112.47,0.32,COD,2,3.3,611.84
13218,07/12/2022,1257,Home,East,7,286.58,0.32,Wallet,9,4.2,1364.12
13219,10/25/2022,1462,Beauty,South,4,90.44,0.29,Wallet,10,3.0,256.85
13220,02/22/2022,1732,Beauty,East,1,338.1,0.31,Wallet,3,4.0,233.29
13221,09/27/2022,1938,Toys,West,4,200.87,0.08,COD,4,3.7,739.2
13222,06/01/2022,1304,Electronics,East,4,166.24,0.02,Wallet,10,2.6,651.66
13223,11/26/2022,1805,Home,South,3,53.36,0.15,Wallet,2,3.9,136.07
13224,06/20/2022,1537,Health,West,1,458.46,0.22,Wallet,3,1.4,357.6
13225,07/25/2022,1780,Home,Central,3,474.98,0.24,Card,2,4.8,1082.95
13226,05/12/2022,1544,Beauty,East,10,310.59,0.33,COD,1,3.4,2080.95
13227,05/05/2023,1765,Toys,Central,1,312.64,0.17,Wallet,6,1.8,259.49
13228,09/19/2022,1592,Health,Central,6,442.94,0.12,Card,9,4.0,2338.72
13229,05/14/2022,1700,Toys,South,10,492.17,0.32,Card,11,2.5,3346.76
13230,02/16/2023,1881,Home,North,10,318.99,0.02,Wallet,10,1.8,3126.1
13231,09/06/2022,1332,Health,Central,1,299.97,0.01,Card,10,4.6,296.97
13232,08/08/2022,1642,Toys,East,3,496.26,0.34,Wallet,3,1.3,982.59
13233,04/02/2023,1757,Clothing,West,4,568.83,0.14,Wallet,10,3.4,1956.78
13234,01/24/2022,1987,Health,North,2,354.79,0.13,Wallet,8,3.3,617.33
13235,08/27/2022,1981,Health,East,2,54.89,0.31,Card,12,2.9,75.75
13236,04/13/2023,1262,Health,East,3,73.28,0.19,COD,12,2.9,178.07
13237,03/08/2023,1547,Health,Central,3,599.5,0.14,COD,7,3.3,1546.71
13238,03/28/2022,1231,Home,East,7,488.37,0.02,Wallet,5,1.1,3350.22
13239,02/16/2022,1487,Clothing,Central,7,205.53,0.35,Wallet,5,2.9,935.16
13240,11/22/2022,1033,Health,East,8,194.02,0.02,Card,7,3.3,1521.12
13241,09/16/2022,1238,Toys,West,10,322.77,0.33,COD,10,1.8,2162.56
13242,12/18/2022,1182,Beauty,West,6,401.49,0.06,COD,12,2.5,2264.4
13243,01/23/2022,1364,Health,South,3,290.25,0.04,Wallet,7,3.0,835.92
13244,08/13/2022,1059,Clothing,North,2,213.83,0.33,Card,11,1.3,286.53
13245,01/10/2022,1901,Toys,South,2,553.43,0.27,COD,12,4.6,808.01
13246,03/24/2022,1914,Electronics,Central,7,355.58,0.11,COD,12,3.3,2215.26
13247,07/11/2022,1907,Electronics,North,3,342.33,0.07,COD,4,3.2,955.1
13248,03/27/2023,1493,Toys,West,7,448.1,0.24,COD,12,1.5,2383.89
13249,10/31/2022,1149,Health,West,2,540.57,0.19,COD,10,4.1,875.72
13250,01/19/2023,1901,Health,Central,1,436.44,0.06,COD,3,2.4,410.25
13251,07/02/2022,1427,Clothing,East,7,515.94,0.2,Wallet,3,2.4,2889.26
13252,06/20/2022,1041,Toys,East,4,195.24,0.04,Card,9,4.5,749.72
13253,10/24/2022,1020,Clothing,East,5,309.99,0.09,Wallet,1,4.6,1410.45
13254,02/24/2022,1091,Electronics,East,4,279.03,0.02,COD,7,4.8,1093.8
13255,09/29/2022,1347,Clothing,East,10,434.88,0.3,Card,8,4.3,3044.16
13256,04/13/2022,1694,Clothing,South,10,369.88,0.07,Card,10,3.4,3439.88
13257,04/05/2022,1348,Clothing,East,6,537.42,0.14,Card,5,2.1,2773.09
13258,03/08/2023,1826,Electronics,South,7,207.2,0.03,COD,5,4.4,1406.89
13259,03/31/2022,1453,Beauty,South,7,363.6,0.05,Wallet,3,2.8,2417.94
13260,04/03/2022,1112,Electronics,Central,2,171.8,0.06,Card,3,2.4,322.98
13261,05/31/2022,1887,Electronics,South,3,375.51,0.03,COD,5,1.0,1092.73
13262,11/18/2022,1771,Clothing,South,4,357.03,0.13,Wallet,8,3.2,1242.46
13263,07/27/2022,1984,Health,West,8,374.91,0.12,Wallet,3,4.6,2639.37
13264,03/12/2022,1762,Toys,East,3,426.53,0.3,COD,11,2.7,895.71
13265,07/01/2022,1154,Electronics,East,2,391.46,0.31,COD,8,3.6,540.21
13266,01/20/2023,1127,Toys,South,3,269.02,0.08,Card,10,4.0,742.5
13267,05/16/2023,1397,Home,South,8,459.62,0.18,Card,4,2.8,3015.11
13268,11/13/2022,1523,Home,West,3,112.69,0.1,Wallet,4,1.7,304.26
13269,10/03/2022,1427,Health,North,4,95.85,0.32,COD,10,1.6,260.71
13270,01/24/2022,1499,Electronics,West,7,309.99,0.27,Card,12,3.4,1584.05
13271,02/07/2022,1031,Toys,West,9,524.27,0.02,Wallet,12,1.6,4624.06
13272,12/11/2022,1991,Clothing,East,6,179.93,0.2,Card,1,1.3,863.66
13273,06/03/2022,1862,Electronics,East,6,522.63,0.21,Card,11,2.0,2477.27
13274,05/31/2022,1159,Electronics,Central,9,476.45,0.24,Card,1,2.1,3258.92
13275,04/11/2022,1857,Toys,South,8,274.29,0.22,COD,1,3.8,1711.57
13276,04/24/2023,1452,Beauty,East,4,265.72,0.05,Card,3,5.0,1009.74
13277,02/27/2023,1236,Home,Central,8,182.81,0.33,COD,2,3.2,979.86
13278,01/25/2023,1049,Toys,East,6,240.23,0.1,Card,7,4.7,1297.24
13279,12/27/2022,1849,Electronics,South,1,342.87,0.01,Wallet,12,1.8,339.44
13280,02/07/2023,1194,Home,Central,9,75.5,0.33,Wallet,4,4.0,455.26
13281,12/08/2022,1574,Toys,South,3,164.69,0.3,COD,12,3.3,345.85
13282,03/27/2022,1391,Clothing,South,8,266.93,0.28,COD,3,1.7,1537.52
13283,05/23/2022,1462,Beauty,South,1,132.52,0.07,Card,4,2.8,123.24
13284,09/19/2022,1306,Beauty,South,4,243.01,0.17,Wallet,2,3.2,806.79
13285,08/31/2022,1759,Toys,West,8,334.05,0.14,Wallet,9,1.4,2298.26
13286,04/11/2022,1094,Home,East,5,78.94,0.21,Card,10,2.3,311.81
13287,04/03/2022,1750,Home,East,5,456.59,0.19,Card,9,1.5,1849.19
13288,12/24/2022,1917,Toys,East,9,175.77,0.26,Card,11,3.4,1170.63
13289,06/16/2022,1470,Health,Central,5,78.32,0.13,Card,6,3.4,340.69
13290,02/10/2022,1448,Electronics,West,4,83.65,0.25,Wallet,10,2.7,250.95
13291,04/18/2022,1668,Beauty,North,4,335.26,0.18,Card,1,3.9,1099.65
13292,01/13/2023,1601,Electronics,South,4,467.69,0.07,Card,12,1.5,1739.81
13293,03/14/2022,1215,Clothing,Central,1,141.94,0.08,COD,1,4.9,130.58
13294,08/17/2022,1703,Health,Central,9,451.06,0.33,COD,2,4.1,2719.89
13295,08/22/2022,1485,Home,West,6,250.51,0.28,Wallet,8,4.3,1082.2
13296,12/09/2022,1560,Toys,Central,2,168.0,0.23,Wallet,2,2.6,258.72
13297,05/23/2022,1088,Home,South,5,28.26,0.2,Wallet,5,4.7,113.04
13298,05/04/2022,1386,Beauty,South,8,553.66,0.04,Wallet,4,1.2,4252.11
13299,02/17/2022,1752,Health,South,4,323.14,0.04,Wallet,7,2.2,1240.86
13300,11/17/2022,1837,Toys,South,6,190.84,0.13,COD,12,2.7,996.18
13301,03/08/2022,1016,Electronics,West,4,336.38,0.09,COD,12,2.2,1224.42
13302,03/21/2022,1480,Home,East,8,136.19,0.2,COD,5,4.7,871.62
13303,04/12/2023,1634,Health,South,2,149.84,0.32,COD,12,3.4,203.78
13304,10/28/2022,1395,Health,South,10,70.91,0.15,Card,2,3.6,602.73
13305,12/27/2022,1037,Electronics,Central,5,366.44,0.05,Card,4,4.3,1740.59
13306,07/17/2022,1168,Toys,Central,3,595.94,0.06,Wallet,10,3.8,1680.55
13307,04/14/2022,1716,Clothing,South,1,233.39,0.06,COD,6,1.1,219.39
13308,11/08/2022,1112,Clothing,Central,7,224.87,0.18,Wallet,6,3.3,1290.75
13309,12/16/2022,1623,Toys,West,7,394.03,0.03,Wallet,3,3.9,2675.46
13310,01/07/2023,1669,Clothing,West,5,362.78,0.32,Wallet,6,3.5,1233.45
13311,10/19/2022,1923,Beauty,East,10,46.83,0.18,Wallet,6,2.2,384.01
13312,11/15/2022,1152,Health,East,10,512.84,0.02,COD,6,1.0,5025.83
13313,05/27/2022,1396,Beauty,East,5,104.02,0.32,Card,10,3.5,353.67
13314,01/26/2023,1873,Beauty,East,2,397.85,0.16,Wallet,11,1.9,668.39
13315,04/28/2023,1537,Health,Central,2,485.48,0.17,Card,4,1.5,805.9
13316,12/04/2022,1991,Health,South,6,403.1,0.27,Wallet,10,3.9,1765.58
13317,02/06/2023,1723,Toys,South,3,596.24,0.16,Card,11,3.6,1502.52
13318,02/10/2023,1794,Health,East,9,545.71,0.27,COD,11,4.7,3585.31
13319,11/13/2022,1212,Clothing,North,1,409.65,0.12,COD,11,3.5,360.49
13320,03/30/2023,1687,Clothing,Central,5,299.34,0.27,Wallet,4,3.1,1092.59
13321,03/22/2023,1863,Health,South,10,143.16,0.24,Card,1,2.0,1088.02
13322,11/24/2022,1209,Beauty,Central,2,170.8,0.03,Card,12,1.7,331.35
13323,12/21/2022,1796,Electronics,South,6,434.3,0.22,Card,5,2.8,2032.52
13324,02/11/2022,1147,Clothing,East,6,133.77,0.11,Wallet,2,2.6,714.33
13325,10/29/2022,1326,Toys,Central,9,567.08,0.2,COD,3,3.8,4082.98
13326,07/08/2022,1161,Home,North,6,271.69,0.25,Wallet,3,2.3,1222.61
13327,06/29/2022,1680,Health,West,1,15.32,0.28,Wallet,8,3.1,11.03
13328,01/18/2023,1272,Toys,West,4,538.46,0.03,Wallet,4,1.1,2089.22
13329,07/19/2022,1123,Clothing,East,10,145.76,0.33,Wallet,9,3.5,976.59
13330,10/29/2022,1937,Beauty,Central,3,271.51,0.07,Wallet,9,2.7,757.51
13331,05/11/2022,1324,Beauty,North,7,440.38,0.12,Card,1,4.8,2712.74
13332,03/08/2023,1941,Electronics,North,1,399.02,0.33,Wallet,5,3.2,267.34
13333,08/05/2022,1954,Health,South,6,46.57,0.35,COD,4,4.5,181.62
13334,03/26/2023,1003,Clothing,Central,2,142.05,0.09,Card,3,3.4,258.53
13335,06/17/2022,1810,Toys,West,3,557.72,0.14,Card,10,4.0,1438.92
13336,03/27/2022,1144,Clothing,South,2,78.25,0.27,Card,12,1.5,114.24
13337,01/25/2022,1571,Clothing,Central,4,87.32,0.2,Wallet,1,1.8,279.42
13338,05/14/2022,1346,Home,Central,3,185.26,0.31,Card,1,4.9,383.49
13339,10/17/2022,1716,Home,Central,4,38.28,0.25,Wallet,12,1.5,114.84
13340,10/07/2022,1152,Beauty,West,5,312.81,0.1,Wallet,5,3.3,1407.64
13341,08/16/2022,1043,Beauty,Central,2,420.49,0.05,COD,4,3.8,798.93
13342,12/04/2022,1665,Electronics,East,8,380.0,0.31,Card,6,1.2,2097.6
13343,03/18/2022,1327,Home,West,1,463.38,0.16,Card,5,1.7,389.24
13344,01/06/2023,1276,Health,West,3,343.76,0.2,Wallet,5,2.0,825.02
13345,01/18/2022,1560,Health,South,2,307.39,0.19,COD,6,2.6,497.97
13346,02/13/2022,1113,Home,North,2,266.29,0.12,Card,7,1.9,468.67
13347,01/21/2023,1733,Electronics,East,5,218.51,0.2,Wallet,12,4.9,874.04
13348,09/29/2022,1739,Health,South,9,533.58,0.12,Card,10,3.5,4225.95
13349,07/10/2022,1445,Beauty,South,10,100.18,0.22,Wallet,10,3.2,781.4
13350,10/02/2022,1268,Electronics,North,7,188.88,0.25,Wallet,3,2.7,991.62
13351,01/17/2023,1782,Electronics,West,10,31.69,0.15,Card,12,3.5,269.37
13352,03/03/2023,1323,Beauty,East,2,222.61,0.21,COD,8,1.4,351.72
13353,07/28/2022,1215,Toys,East,1,554.69,0.14,Card,6,1.3,477.03
13354,05/08/2022,1802,Toys,South,7,229.43,0.05,COD,12,3.8,1525.71
13355,05/13/2023,1884,Clothing,West,9,261.94,0.28,Wallet,9,4.0,1697.37
13356,08/14/2022,1849,Home,West,10,94.25,0.12,COD,6,3.2,829.4
13357,04/02/2022,1017,Beauty,South,10,450.67,0.21,Card,7,2.8,3560.29
13358,09/12/2022,1462,Home,South,4,568.86,0.34,Wallet,9,3.4,1501.79
13359,03/14/2023,1474,Beauty,East,8,589.88,0.16,COD,6,3.1,3963.99
13360,01/29/2023,1825,Electronics,South,1,57.93,0.27,Card,2,3.8,42.29
13361,10/30/2022,1048,Beauty,South,4,321.98,0.06,Wallet,5,2.2,1210.64
13362,10/07/2022,1027,Home,West,8,409.21,0.1,Card,1,2.3,2946.31
13363,01/18/2023,1192,Electronics,East,2,168.04,0.04,Wallet,5,2.8,322.64
13364,06/24/2022,1977,Electronics,East,1,584.98,0.04,Card,7,1.4,561.58
13365,05/01/2023,1190,Health,Central,3,116.4,0.18,Card,1,1.7,286.34
13366,06/25/2022,1594,Clothing,Central,8,448.08,0.03,COD,1,1.9,3477.1
13367,01/17/2022,1297,Beauty,Central,6,352.0,0.29,COD,2,3.1,1499.52
13368,04/18/2022,1426,Toys,North,1,48.61,0.16,COD,11,4.6,40.83
13369,02/18/2023,1778,Electronics,Central,1,116.85,0.28,Card,10,3.9,84.13
13370,08/04/2022,1333,Health,West,8,293.39,0.1,Card,8,2.0,2112.41
13371,08/04/2022,1723,Clothing,South,6,367.59,0.19,Card,5,5.0,1786.49
13372,12/24/2022,1089,Clothing,Central,2,14.02,0.02,Wallet,11,5.0,27.48
13373,09/30/2022,1404,Beauty,North,7,284.42,0.09,Wallet,10,3.2,1811.76
13374,03/19/2022,1213,Home,Central,10,187.56,0.03,Wallet,8,1.0,1819.33
13375,01/02/2023,1820,Health,West,10,245.62,0.09,Card,6,2.6,2235.14
13376,03/01/2022,1046,Clothing,East,4,370.06,0.2,Card,4,1.3,1184.19
13377,04/02/2023,1091,Clothing,East,8,598.17,0.2,COD,4,2.0,3828.29
13378,01/16/2023,1015,Clothing,West,8,351.81,0.14,Wallet,8,2.8,2420.45
13379,12/04/2022,1126,Home,West,4,305.69,0.24,Wallet,12,4.9,929.3
13380,04/15/2022,1452,Home,South,2,285.38,0.01,COD,3,1.0,565.05
13381,08/06/2022,1938,Home,Central,9,332.4,0.16,Card,1,4.6,2512.94
13382,12/09/2022,1328,Toys,North,1,387.32,0.27,Wallet,10,3.6,282.74
13383,09/14/2022,1770,Electronics,East,9,357.77,0.06,COD,1,3.7,3026.73
13384,11/26/2022,1345,Home,West,5,216.06,0.08,Wallet,2,3.2,993.88
13385,06/11/2022,1005,Home,Central,5,573.92,0.26,Wallet,1,4.6,2123.5
13386,05/16/2023,1347,Clothing,North,3,572.47,0.34,Wallet,2,5.0,1133.49
13387,01/26/2023,1065,Home,South,6,99.1,0.3,Card,1,4.5,416.22
13388,05/06/2023,1330,Toys,East,10,95.45,0.23,Wallet,5,3.0,734.97
13389,12/16/2022,1719,Home,South,9,156.05,0.27,Wallet,1,1.7,1025.25
13390,02/04/2023,1586,Toys,West,10,387.43,0.28,Wallet,1,4.7,2789.5
13391,02/18/2022,1338,Health,South,3,193.44,0.24,COD,8,2.1,441.04
13392,01/06/2023,1623,Beauty,East,10,50.18,0.18,Wallet,11,3.2,411.48
13393,11/30/2022,1023,Health,South,9,172.46,0.25,Card,7,4.5,1164.11
13394,09/12/2022,1769,Health,East,7,421.6,0.11,Wallet,4,3.7,2626.57
13395,12/15/2022,1648,Home,East,3,383.61,0.15,Card,11,4.5,978.21
13396,02/22/2023,1960,Home,Central,4,40.26,0.31,COD,1,4.6,111.12
13397,01/16/2023,1217,Toys,West,4,87.79,0.08,COD,5,4.3,323.07
13398,02/16/2023,1047,Health,South,8,59.99,0.17,Wallet,2,1.1,398.33
13399,02/15/2022,1913,Health,East,3,426.08,0.18,COD,4,4.9,1048.16
13400,09/03/2022,1269,Beauty,Central,5,136.75,0.11,COD,12,4.3,608.54
13401,02/19/2022,1015,Toys,East,6,522.79,0.08,COD,3,4.8,2885.8
13402,04/19/2022,1406,Electronics,West,5,151.25,0.3,Wallet,3,1.7,529.38
13403,11/20/2022,1327,Home,Central,9,572.43,0.07,COD,3,2.7,4791.24
13404,07/29/2022,1661,Electronics,North,8,58.94,0.09,Wallet,3,1.8,429.08
13405,02/25/2023,1219,Clothing,Central,3,501.25,0.13,COD,12,4.5,1308.26
13406,04/07/2023,1567,Home,North,10,478.29,0.01,Wallet,9,2.1,4735.07
13407,03/08/2023,1511,Electronics,West,8,115.65,0.34,Wallet,7,1.2,610.63
13408,09/29/2022,1561,Beauty,South,7,555.9,0.34,Wallet,10,3.8,2568.26
13409,07/01/2022,1032,Beauty,South,6,305.07,0.06,Card,5,1.7,1720.59
13410,11/05/2022,1737,Electronics,North,6,550.75,0.26,Wallet,12,2.9,2445.33
13411,03/10/2022,1802,Beauty,West,4,416.65,0.06,Wallet,4,1.0,1566.6
13412,07/22/2022,1165,Health,West,9,53.41,0.18,Wallet,5,4.5,394.17
13413,07/28/2022,1575,Toys,South,10,124.27,0.07,COD,9,4.7,1155.71
13414,04/10/2022,1604,Electronics,North,5,235.4,0.27,Wallet,11,2.8,859.21
13415,09/21/2022,1016,Beauty,North,8,439.7,0.34,Card,7,4.2,2321.62
13416,12/05/2022,1324,Clothing,Central,4,349.07,0.26,Wallet,6,2.1,1033.25
13417,08/22/2022,1887,Health,North,6,296.6,0.29,Wallet,12,1.1,1263.52
13418,04/19/2023,1969,Toys,West,5,268.63,0.05,Wallet,7,4.8,1275.99
13419,01/17/2022,1814,Beauty,North,6,514.71,0.07,Card,7,3.1,2872.08
13420,12/19/2022,1513,Clothing,West,6,334.73,0.28,COD,4,3.0,1446.03
13421,01/24/2022,1558,Home,Central,1,341.23,0.25,COD,6,1.7,255.92
13422,01/09/2022,1736,Electronics,Central,8,226.1,0.21,Card,3,3.4,1428.95
13423,04/12/2022,1463,Clothing,East,3,480.19,0.03,Wallet,7,1.9,1397.35
13424,11/07/2022,1395,Health,North,2,238.97,0.31,Wallet,6,1.9,329.78
13425,01/07/2023,1064,Electronics,Central,7,344.18,0.24,COD,5,4.2,1831.04
13426,01/07/2023,1595,Health,East,8,132.02,0.23,Wallet,3,4.7,813.24
13427,07/24/2022,1235,Electronics,West,2,241.26,0.06,COD,11,3.7,453.57
13428,03/17/2022,1776,Clothing,North,7,27.88,0.07,Card,4,2.4,181.5
13429,12/04/2022,1462,Health,North,1,246.96,0.12,Card,12,3.6,217.32
13430,10/04/2022,1467,Clothing,North,6,555.18,0.04,COD,5,3.8,3197.84
13431,02/10/2022,1383,Clothing,North,2,385.83,0.23,Card,4,1.5,594.18
13432,05/12/2023,1907,Home,Central,3,259.95,0.31,Card,1,3.6,538.1
13433,04/15/2023,1305,Electronics,East,4,280.09,0.25,Wallet,10,4.8,840.27
13434,01/27/2023,1972,Toys,East,7,495.85,0.11,COD,4,3.4,3089.15
13435,10/04/2022,1363,Electronics,South,3,295.82,0.24,COD,5,2.0,674.47
13436,08/10/2022,1917,Toys,East,1,61.3,0.12,Wallet,12,1.4,53.94
13437,10/07/2022,1273,Beauty,North,7,583.48,0.24,Wallet,6,2.3,3104.11
13438,02/14/2022,1274,Toys,West,3,545.76,0.26,Wallet,8,3.3,1211.59
13439,06/05/2022,1208,Health,North,4,421.55,0.25,COD,8,2.6,1264.65
13440,11/22/2022,1727,Beauty,North,8,256.21,0.18,COD,1,2.7,1680.74
13441,02/26/2023,1645,Home,South,3,81.32,0.19,Wallet,10,2.5,197.61
13442,01/24/2022,1288,Electronics,South,10,378.83,0.29,Card,9,4.4,2689.69
13443,09/21/2022,1845,Electronics,North,9,76.56,0.1,Wallet,9,2.8,620.14
13444,10/07/2022,1654,Home,North,10,567.12,0.28,Card,1,1.6,4083.26
13445,01/01/2022,1235,Clothing,North,2,281.01,0.25,Card,2,4.8,421.51
13446,01/02/2023,1243,Beauty,North,9,26.46,0.2,COD,8,3.5,190.51
13447,09/11/2022,1508,Beauty,East,9,371.45,0.16,Card,1,4.1,2808.16
13448,04/12/2023,1680,Clothing,South,4,294.16,0.12,Card,7,1.2,1035.44
13449,01/16/2022,1701,Toys,South,8,547.42,0.05,Wallet,12,4.4,4160.39
13450,10/24/2022,1948,Toys,East,7,48.6,0.23,Card,7,3.4,261.95
13451,05/16/2022,1106,Health,South,3,529.55,0.25,Card,11,1.9,1191.49
13452,08/22/2022,1430,Beauty,East,1,590.79,0.04,Card,7,4.7,567.16
13453,12/02/2022,1475,Clothing,East,1,430.07,0.01,Card,12,1.4,425.77
13454,11/28/2022,1669,Health,South,7,419.94,0.13,Card,7,1.2,2557.43
13455,05/22/2022,1498,Electronics,North,2,461.64,0.11,Wallet,1,2.4,821.72
13456,07/23/2022,1469,Home,East,6,309.37,0.21,Wallet,9,2.6,1466.41
13457,04/01/2023,1767,Toys,Central,7,530.95,0.29,COD,12,2.1,2638.82
13458,12/21/2022,1820,Clothing,Central,8,575.65,0.22,COD,11,3.4,3592.06
13459,06/09/2022,1051,Beauty,West,8,88.04,0.34,COD,4,2.9,464.85
13460,04/14/2023,1931,Clothing,East,5,273.49,0.15,COD,7,4.9,1162.33
13461,02/12/2022,1285,Electronics,East,1,69.15,0.03,Wallet,4,2.1,67.08
13462,04/01/2023,1684,Beauty,West,8,155.97,0.07,COD,3,3.9,1160.42
13463,08/25/2022,1389,Health,East,3,441.49,0.11,Wallet,1,1.4,1178.78
13464,02/25/2023,1703,Home,Central,2,315.69,0.33,COD,6,1.9,423.02
13465,02/20/2023,1408,Beauty,West,3,291.84,0.12,COD,2,4.0,770.46
13466,05/25/2022,1681,Toys,West,7,162.54,0.34,Wallet,7,1.4,750.93
13467,02/05/2022,1040,Home,East,2,134.37,0.34,Wallet,10,1.7,177.37
13468,09/13/2022,1875,Clothing,West,6,428.65,0.3,Wallet,5,4.1,1800.33
13469,06/01/2022,1410,Beauty,South,3,103.52,0.14,Card,4,2.7,267.08
13470,06/26/2022,1649,Home,North,9,560.45,0.04,Wallet,10,3.2,4842.29
13471,03/24/2022,1867,Clothing,East,10,270.39,0.07,Card,9,2.9,2514.63
13472,01/27/2022,1488,Health,South,5,253.07,0.34,Wallet,12,2.1,835.13
13473,07/02/2022,1138,Health,West,3,337.05,0.03,Card,10,1.1,980.82
13474,03/18/2023,1553,Clothing,Central,1,585.96,0.13,Wallet,11,2.3,509.79
13475,04/13/2023,1455,Toys,Central,1,231.0,0.07,Wallet,1,1.3,214.83
13476,09/27/2022,1862,Clothing,East,7,69.59,0.1,Wallet,5,3.0,438.42
13477,12/24/2022,1807,Beauty,North,4,544.12,0.19,COD,7,3.9,1762.95
13478,08/14/2022,1070,Home,North,8,495.73,0.01,COD,8,2.6,3926.18
13479,03/22/2023,1163,Electronics,North,6,69.58,0.22,COD,10,4.3,325.63
13480,10/11/2022,1130,Electronics,East,4,136.22,0.19,Card,10,4.3,441.35
13481,12/02/2022,1088,Health,East,3,557.58,0.3,COD,1,3.2,1170.92
13482,02/18/2023,1402,Beauty,East,8,501.62,0.23,Card,6,3.1,3089.98
13483,04/27/2023,1020,Clothing,East,9,97.76,0.16,Wallet,5,2.4,739.07
13484,08/07/2022,1080,Toys,East,10,454.43,0.16,Card,10,3.9,3817.21
13485,03/15/2022,1105,Toys,Central,1,406.91,0.19,COD,9,3.1,329.6
13486,05/16/2022,1075,Toys,North,3,437.27,0.18,COD,8,3.4,1075.68
13487,10/10/2022,1415,Toys,South,6,121.11,0.27,Wallet,1,4.7,530.46
13488,08/05/2022,1585,Health,Central,10,108.06,0.05,Wallet,5,2.4,1026.57
13489,04/20/2022,1890,Health,North,4,355.62,0.3,COD,10,1.8,995.74
13490,04/17/2023,1189,Clothing,Central,7,209.47,0.34,Card,5,4.4,967.75
13491,06/30/2022,1247,Home,Central,7,537.85,0.22,Wallet,12,2.4,2936.66
13492,02/20/2023,1638,Health,South,4,215.99,0.34,Card,12,4.8,570.21
13493,09/04/2022,1177,Beauty,Central,4,55.22,0.2,Card,5,4.5,176.7
13494,05/12/2023,1922,Toys,East,2,302.25,0.14,COD,9,4.2,519.87
13495,04/17/2023,1449,Health,South,4,187.06,0.27,COD,6,3.9,546.22
13496,06/02/2022,1392,Clothing,West,10,389.14,0.24,COD,10,3.2,2957.46
13497,09/18/2022,1001,Electronics,West,5,440.85,0.26,Wallet,4,3.2,1631.14
13498,06/14/2022,1507,Clothing,East,1,95.76,0.35,Card,7,2.4,62.24
13499,01/14/2022,1312,Home,Central,1,347.59,0.17,Wallet,7,3.7,288.5
13500,10/27/2022,1604,Home,South,3,107.74,0.06,Card,3,3.4,303.83
13501,05/14/2022,1154,Home,North,9,147.19,0.17,COD,11,4.2,1099.51
13502,03/06/2023,1334,Home,Central,3,161.1,0.08,Wallet,3,1.8,444.64
13503,03/22/2023,1113,Home,Central,8,17.45,0.1,Wallet,6,2.6,125.64
13504,03/09/2023,1602,Beauty,South,9,203.31,0.27,Card,3,4.4,1335.75
13505,07/03/2022,1526,Home,West,7,44.24,0.15,Card,6,2.6,263.23
13506,10/20/2022,1293,Home,North,7,531.76,0.15,COD,10,4.8,3163.97
13507,01/02/2023,1141,Clothing,North,1,392.99,0.31,COD,11,4.7,271.16
13508,04/02/2023,1896,Toys,South,5,415.04,0.06,Wallet,1,2.1,1950.69
13509,09/01/2022,1635,Beauty,South,4,204.79,0.04,Card,1,2.2,786.39
13510,03/06/2022,1097,Clothing,West,8,120.31,0.02,COD,2,2.1,943.23
13511,02/11/2023,1077,Clothing,South,2,416.49,0.05,Card,7,2.8,791.33
13512,02/21/2023,1315,Clothing,East,2,172.74,0.01,COD,11,3.0,342.03
13513,02/07/2023,1522,Health,West,4,425.69,0.17,Card,8,4.1,1413.29
13514,06/10/2022,1087,Home,East,1,144.24,0.09,COD,10,1.9,131.26
13515,03/31/2023,1415,Home,North,8,593.12,0.08,Wallet,11,2.0,4365.36
13516,09/24/2022,1516,Toys,South,5,559.67,0.2,COD,11,1.2,2238.68
13517,04/03/2023,1489,Health,North,1,546.13,0.08,COD,3,1.3,502.44
13518,03/08/2023,1449,Electronics,North,6,66.92,0.03,Card,6,4.9,389.47
13519,03/23/2023,1400,Health,South,4,511.68,0.18,Wallet,11,2.7,1678.31
13520,04/01/2022,1314,Beauty,East,8,566.14,0.32,COD,6,3.8,3079.8
13521,04/30/2022,1841,Health,North,2,309.43,0.3,COD,9,4.1,433.2
13522,02/04/2023,1724,Beauty,East,6,128.21,0.13,Wallet,11,4.7,669.26
13523,07/10/2022,1288,Toys,North,5,91.83,0.15,Wallet,2,3.2,390.28
13524,01/04/2022,1942,Clothing,Central,3,457.36,0.24,Card,11,1.9,1042.78
13525,06/12/2022,1900,Electronics,West,9,254.82,0.2,COD,4,3.2,1834.7
13526,10/07/2022,1192,Health,West,3,111.17,0.05,COD,12,4.5,316.83
13527,03/27/2022,1658,Beauty,Central,3,449.05,0.07,Wallet,3,4.5,1252.85
13528,01/03/2022,1268,Electronics,North,7,269.98,0.11,COD,12,2.5,1681.98
13529,05/10/2022,1958,Health,East,7,524.67,0.28,COD,12,3.2,2644.34
13530,07/14/2022,1117,Clothing,South,2,282.63,0.23,COD,9,4.9,435.25
13531,01/10/2022,1541,Clothing,North,8,248.57,0.28,Card,5,1.1,1431.76
13532,05/22/2022,1540,Clothing,South,5,28.67,0.2,COD,8,2.4,114.68
13533,06/13/2022,1841,Toys,West,9,573.03,0.09,Wallet,9,3.4,4693.12
13534,02/13/2022,1722,Electronics,East,2,419.37,0.07,Card,3,1.8,780.03
13535,02/11/2023,1598,Beauty,South,8,469.14,0.18,Wallet,11,2.0,3077.56
13536,05/13/2023,1975,Electronics,East,10,434.59,0.15,Card,3,2.9,3694.01
13537,12/04/2022,1385,Home,East,4,396.04,0.17,Card,2,2.1,1314.85
13538,01/22/2022,1604,Home,West,10,454.46,0.32,Wallet,5,3.9,3090.33
13539,02/22/2023,1296,Clothing,South,3,338.57,0.1,COD,2,2.5,914.14
13540,02/09/2022,1585,Beauty,Central,6,29.22,0.05,Card,9,2.1,166.55
13541,03/20/2022,1063,Health,North,6,90.22,0.18,COD,5,1.4,443.88
13542,09/13/2022,1243,Electronics,West,2,352.05,0.17,Card,11,1.4,584.4
13543,01/20/2022,1191,Electronics,South,9,42.87,0.15,Wallet,11,1.1,327.96
13544,08/05/2022,1037,Toys,East,10,109.92,0.21,Card,7,2.3,868.37
13545,08/09/2022,1759,Clothing,East,6,537.04,0.2,Wallet,2,3.9,2577.79
13546,06/08/2022,1951,Home,East,6,296.22,0.27,COD,9,3.3,1297.44
13547,07/31/2022,1994,Beauty,North,9,124.71,0.33,Wallet,12,1.9,752.0
13548,11/05/2022,1694,Electronics,North,10,368.35,0.33,Card,3,2.4,2467.94
13549,01/19/2022,1158,Health,Central,9,57.12,0.3,COD,8,2.2,359.86
13550,02/11/2022,1360,Beauty,Central,2,93.14,0.12,Wallet,1,3.3,163.93
13551,03/08/2023,1113,Health,North,6,419.31,0.28,Wallet,5,3.8,1811.42
13552,12/15/2022,1178,Clothing,South,9,99.12,0.12,Card,3,1.0,785.03
13553,04/20/2022,1788,Beauty,South,3,528.93,0.15,COD,4,4.0,1348.77
13554,11/24/2022,1792,Clothing,South,4,282.89,0.01,Card,7,1.5,1120.24
13555,03/19/2023,1135,Electronics,South,2,244.39,0.18,Card,5,2.4,400.8
13556,05/22/2022,1633,Home,North,10,152.53,0.26,Card,8,1.4,1128.72
13557,08/19/2022,1475,Beauty,South,6,340.86,0.15,Wallet,8,1.6,1738.39
13558,02/07/2022,1831,Home,Central,9,224.59,0.09,Wallet,2,1.2,1839.39
13559,02/21/2023,1564,Toys,South,10,50.08,0.05,COD,5,3.0,475.76
13560,01/04/2022,1038,Beauty,West,2,50.92,0.25,Card,4,3.1,76.38
13561,12/08/2022,1401,Beauty,East,1,327.89,0.1,COD,11,2.6,295.1
13562,05/08/2022,1079,Clothing,South,5,373.85,0.3,Card,9,1.5,1308.47
13563,06/16/2022,1773,Toys,North,5,549.07,0.23,COD,8,2.3,2113.92
13564,01/31/2023,1835,Health,Central,5,334.12,0.03,COD,4,3.4,1620.48
13565,03/26/2023,1062,Health,North,3,321.99,0.04,Card,1,2.8,927.33
13566,05/02/2023,1183,Health,Central,6,204.95,0.3,Card,10,3.1,860.79
13567,02/07/2023,1903,Health,South,5,185.82,0.33,Card,4,4.8,622.5
13568,04/09/2023,1267,Beauty,East,4,577.74,0.01,COD,6,1.2,2287.85
13569,06/30/2022,1936,Clothing,East,10,220.18,0.34,COD,5,4.8,1453.19
13570,12/06/2022,1037,Home,West,3,33.08,0.29,Wallet,4,3.8,70.46
13571,01/11/2023,1616,Beauty,Central,8,505.02,0.02,Card,4,3.3,3959.36
13572,06/26/2022,1292,Health,West,1,163.54,0.17,Card,4,4.7,135.74
13573,12/07/2022,1667,Toys,North,1,469.32,0.07,Card,8,4.6,436.47
13574,02/02/2022,1690,Electronics,North,5,473.39,0.05,Card,5,2.9,2248.6
13575,03/17/2022,1847,Toys,North,9,137.2,0.08,COD,1,1.6,1136.02
13576,08/22/2022,1166,Health,West,9,498.06,0.34,COD,10,2.3,2958.48
13577,04/12/2022,1124,Home,East,10,107.32,0.14,COD,11,3.3,922.95
13578,09/27/2022,1968,Beauty,East,2,337.11,0.22,Wallet,3,2.0,525.89
13579,02/28/2023,1815,Clothing,East,8,480.08,0.15,Wallet,10,2.8,3264.54
13580,07/22/2022,1987,Health,East,5,383.12,0.29,Wallet,11,4.0,1360.08
13581,01/03/2022,1161,Clothing,East,10,98.25,0.1,COD,4,2.7,884.25
13582,10/30/2022,1657,Health,West,4,481.59,0.33,COD,6,2.4,1290.66
13583,12/27/2022,1511,Electronics,Central,9,90.33,0.24,Card,10,1.8,617.86
13584,04/01/2022,1247,Toys,South,5,599.97,0.16,Wallet,8,4.6,2519.87
13585,04/17/2022,1260,Beauty,Central,2,527.66,0.28,COD,12,2.9,759.83
13586,01/23/2023,1899,Beauty,East,3,149.71,0.26,Wallet,4,4.9,332.36
13587,02/11/2022,1167,Home,East,1,23.14,0.22,Wallet,6,2.3,18.05
13588,02/06/2023,1712,Health,Central,4,498.97,0.1,Card,11,1.6,1796.29
13589,11/18/2022,1352,Clothing,Central,4,174.15,0.05,Wallet,2,3.3,661.77
13590,12/29/2022,1397,Beauty,East,4,374.93,0.25,COD,3,1.8,1124.79
13591,08/16/2022,1234,Home,East,6,226.06,0.22,Card,9,3.5,1057.96
13592,02/01/2023,1350,Beauty,North,1,110.65,0.24,COD,4,2.9,84.09
13593,12/09/2022,1597,Health,West,9,336.21,0.09,Card,11,4.1,2753.56
13594,05/15/2022,1282,Toys,East,7,403.89,0.03,Card,10,2.6,2742.41
13595,03/28/2023,1592,Toys,East,10,39.13,0.24,Card,1,1.1,297.39
13596,05/16/2023,1774,Beauty,Central,2,243.78,0.32,Wallet,6,1.5,331.54
13597,12/23/2022,1279,Toys,West,9,51.42,0.03,Card,11,2.7,448.9
13598,03/11/2022,1784,Health,East,6,277.85,0.26,COD,4,2.1,1233.65
13599,02/03/2023,1448,Health,Central,6,458.34,0.24,Wallet,7,4.4,2090.03
13600,02/20/2022,1931,Home,Central,4,31.79,0.32,Card,10,2.8,86.47
13601,12/10/2022,1652,Beauty,West,3,283.67,0.23,COD,1,1.5,655.28
13602,05/22/2022,1884,Beauty,North,9,160.91,0.23,Card,10,2.4,1115.11
13603,01/21/2022,1581,Health,South,8,111.53,0.19,Wallet,12,4.6,722.71
13604,11/01/2022,1536,Clothing,South,7,570.34,0.11,COD,5,4.0,3553.22
13605,12/16/2022,1669,Electronics,North,4,268.29,0.11,COD,4,2.3,955.11
13606,02/01/2023,1973,Electronics,South,3,477.16,0.25,Card,4,4.0,1073.61
13607,05/08/2022,1208,Clothing,North,8,55.18,0.34,Card,6,3.8,291.35
13608,11/05/2022,1067,Home,South,9,366.82,0.23,Wallet,7,2.0,2542.06
13609,02/17/2023,1083,Clothing,West,1,589.71,0.24,Wallet,9,4.4,448.18
13610,03/30/2022,1312,Home,South,2,204.11,0.33,COD,9,3.0,273.51
13611,08/07/2022,1286,Clothing,Central,3,287.96,0.08,Wallet,12,4.8,794.77
13612,05/13/2023,1191,Home,Central,4,255.4,0.26,COD,8,2.1,755.98
13613,03/15/2022,1436,Beauty,South,7,393.75,0.33,COD,2,4.1,1846.69
13614,01/25/2022,1838,Beauty,North,1,366.73,0.18,COD,10,1.7,300.72
13615,02/11/2023,1398,Home,Central,4,126.56,0.3,Card,2,4.5,354.37
13616,11/15/2022,1058,Electronics,Central,3,521.58,0.04,Card,4,1.1,1502.15
13617,07/10/2022,1001,Clothing,West,3,431.77,0.05,Wallet,10,4.8,1230.54
13618,09/08/2022,1171,Home,West,8,564.77,0.05,Wallet,5,4.5,4292.25
13619,03/26/2022,1405,Home,East,7,211.17,0.14,COD,1,2.1,1271.24
13620,02/05/2022,1174,Health,North,8,310.4,0.32,Card,5,3.6,1688.58
13621,01/28/2023,1327,Clothing,South,6,21.59,0.19,COD,5,2.2,104.93
13622,05/11/2023,1875,Home,East,1,27.58,0.14,COD,2,3.9,23.72
13623,03/24/2023,1328,Toys,Central,9,181.63,0.01,Wallet,9,4.0,1618.32
13624,04/06/2023,1692,Home,South,9,498.12,0.09,Card,7,3.4,4079.6
13625,02/25/2023,1368,Health,West,2,92.87,0.24,Wallet,10,1.3,141.16
13626,03/14/2023,1999,Clothing,South,9,256.58,0.13,Wallet,10,3.9,2009.02
13627,03/23/2022,1207,Beauty,North,6,352.34,0.25,Card,5,2.4,1585.53
13628,01/01/2022,1067,Home,North,10,170.22,0.28,Card,5,2.8,1225.58
13629,11/22/2022,1158,Electronics,East,3,35.03,0.17,Wallet,12,2.2,87.22
13630,04/25/2023,1339,Clothing,South,6,455.21,0.27,COD,6,3.4,1993.82
13631,12/09/2022,1865,Beauty,East,8,173.4,0.13,Wallet,7,4.6,1206.86
13632,04/11/2022,1114,Health,West,1,219.8,0.07,COD,3,3.7,204.41
13633,12/25/2022,1104,Clothing,Central,2,252.03,0.19,Wallet,6,3.3,408.29
13634,11/09/2022,1148,Electronics,North,9,322.09,0.25,Wallet,8,4.5,2174.11
13635,01/05/2022,1784,Clothing,West,1,132.23,0.24,Wallet,5,2.7,100.49
13636,02/21/2023,1416,Health,East,8,580.36,0.24,Wallet,7,3.8,3528.59
13637,01/31/2022,1932,Electronics,South,4,374.87,0.19,Card,9,3.9,1214.58
13638,01/10/2022,1797,Health,East,1,212.94,0.01,Card,10,4.3,210.81
13639,02/18/2023,1375,Home,Central,5,240.03,0.16,Card,2,2.3,1008.13
13640,12/23/2022,1440,Clothing,West,4,473.16,0.29,Card,1,2.0,1343.77
13641,09/17/2022,1666,Clothing,North,6,447.52,0.17,COD,6,1.8,2228.65
13642,03/02/2022,1525,Electronics,West,1,319.7,0.34,COD,10,4.4,211.0
13643,10/18/2022,1183,Beauty,West,7,343.46,0.26,COD,10,1.8,1779.12
13644,02/06/2022,1528,Beauty,South,6,222.74,0.23,Wallet,7,3.6,1029.06
13645,01/18/2022,1209,Toys,East,6,151.92,0.2,COD,6,4.0,729.22
13646,05/04/2023,1301,Toys,West,3,398.8,0.07,COD,9,1.5,1112.65
13647,03/26/2023,1866,Clothing,Central,8,59.11,0.26,COD,6,2.1,349.93
13648,05/05/2023,1595,Health,East,4,419.75,0.28,COD,8,1.9,1208.88
13649,09/02/2022,1135,Toys,North,8,182.04,0.03,Wallet,3,3.6,1412.63
13650,05/09/2023,1258,Clothing,East,10,36.27,0.26,Card,5,3.6,268.4
13651,07/12/2022,1185,Beauty,East,3,361.62,0.1,COD,10,3.6,976.37
13652,11/28/2022,1670,Beauty,East,4,189.95,0.21,Wallet,12,2.1,600.24
13653,10/13/2022,1789,Beauty,North,2,150.8,0.23,Wallet,4,2.6,232.23
13654,04/18/2023,1060,Home,North,7,451.42,0.3,COD,3,2.6,2211.96
13655,06/02/2022,1094,Electronics,Central,5,101.15,0.3,Card,7,3.9,354.02
13656,03/28/2022,1365,Clothing,South,5,275.44,0.31,COD,7,1.4,950.27
13657,07/13/2022,1736,Home,Central,5,315.01,0.24,Card,9,3.5,1197.04
13658,07/03/2022,1922,Home,South,4,417.7,0.12,Wallet,4,1.6,1470.3
13659,10/29/2022,1156,Clothing,Central,4,512.4,0.04,Wallet,1,1.9,1967.62
13660,07/06/2022,1494,Beauty,East,5,516.37,0.32,Wallet,12,3.2,1755.66
13661,11/12/2022,1508,Clothing,Central,1,518.91,0.11,COD,9,4.3,461.83
13662,02/13/2023,1801,Electronics,East,4,225.19,0.05,Card,8,2.6,855.72
13663,11/05/2022,1156,Toys,East,7,260.87,0.11,Wallet,8,4.9,1625.22
13664,08/07/2022,1324,Clothing,North,9,530.37,0.11,Card,1,2.5,4248.26
13665,11/28/2022,1735,Beauty,South,4,575.45,0.16,COD,12,3.9,1933.51
13666,12/07/2022,1958,Clothing,West,2,298.77,0.29,COD,9,2.6,424.25
13667,05/06/2022,1126,Home,East,2,391.48,0.09,COD,1,5.0,712.49
13668,07/29/2022,1147,Home,West,1,270.44,0.16,Wallet,3,2.9,227.17
13669,01/09/2022,1341,Clothing,North,7,103.78,0.3,COD,11,3.3,508.52
13670,10/30/2022,1430,Toys,Central,7,357.35,0.33,Card,6,3.7,1675.97
13671,08/23/2022,1811,Health,South,3,482.33,0.25,COD,9,4.3,1085.24
13672,09/05/2022,1789,Clothing,Central,3,99.74,0.17,COD,2,3.5,248.35
13673,01/10/2022,1059,Beauty,East,5,110.45,0.17,COD,9,3.6,458.37
13674,03/23/2022,1341,Clothing,East,3,225.39,0.15,Wallet,4,3.3,574.74
13675,01/17/2022,1287,Clothing,East,5,418.28,0.02,Card,5,1.9,2049.57
13676,05/12/2023,1761,Beauty,Central,9,320.44,0.29,Card,9,1.5,2047.61
13677,08/12/2022,1933,Home,North,10,437.76,0.21,COD,10,2.2,3458.3
13678,04/16/2023,1910,Toys,South,3,423.0,0.13,Card,10,1.2,1104.03
13679,03/10/2023,1423,Home,East,4,202.38,0.13,COD,1,1.1,704.28
13680,01/28/2022,1010,Home,North,6,78.34,0.14,Card,10,3.4,404.23
13681,11/18/2022,1965,Health,North,10,502.5,0.1,Wallet,9,3.8,4522.5
13682,02/09/2022,1903,Home,North,10,374.48,0.16,Card,1,3.8,3145.63
13683,05/20/2022,1012,Beauty,West,4,92.6,0.33,Wallet,7,2.0,248.17
13684,05/20/2022,1148,Home,Central,5,12.5,0.26,Card,10,1.9,46.25
13685,12/19/2022,1326,Toys,North,10,170.9,0.06,COD,8,2.5,1606.46
13686,01/21/2023,1896,Toys,North,1,337.97,0.29,COD,5,3.1,239.96
13687,08/02/2022,1798,Electronics,West,5,377.95,0.33,Wallet,3,3.3,1266.13
13688,04/24/2023,1864,Clothing,West,7,423.44,0.18,Wallet,9,1.6,2430.55
13689,12/23/2022,1341,Toys,South,4,472.22,0.26,Card,7,1.9,1397.77
13690,01/27/2022,1774,Toys,West,2,545.82,0.32,COD,5,1.3,742.32
13691,02/23/2022,1166,Toys,Central,6,267.3,0.28,Card,3,4.1,1154.74
13692,05/17/2022,1076,Clothing,West,1,400.74,0.03,Card,2,1.1,388.72
13693,03/25/2023,1161,Electronics,East,3,358.73,0.35,COD,1,1.5,699.52
13694,03/18/2023,1648,Beauty,East,1,47.32,0.31,Card,4,4.8,32.65
13695,05/14/2023,1882,Beauty,Central,6,478.66,0.12,Card,2,4.1,2527.32
13696,02/26/2023,1728,Health,North,7,42.26,0.3,Wallet,2,4.1,207.07
13697,08/19/2022,1438,Beauty,South,1,234.31,0.3,COD,7,3.1,164.02
13698,03/28/2023,1595,Toys,North,3,242.01,0.27,Wallet,11,1.6,530.0
13699,10/20/2022,1460,Beauty,North,6,240.73,0.25,Card,7,2.2,1083.28
13700,02/07/2023,1485,Beauty,West,7,311.06,0.13,Wallet,7,3.8,1894.36
13701,03/15/2023,1618,Home,West,5,246.54,0.05,Card,8,1.6,1171.07
13702,06/23/2022,1741,Toys,Central,2,105.18,0.06,Wallet,7,3.8,197.74
13703,01/24/2023,1551,Beauty,Central,5,379.54,0.27,COD,11,1.1,1385.32
13704,04/12/2023,1891,Electronics,West,4,186.69,0.05,Card,7,1.4,709.42
13705,02/06/2023,1461,Clothing,West,1,205.18,0.11,COD,9,1.7,182.61
13706,10/27/2022,1060,Home,East,2,329.36,0.1,Wallet,4,3.0,592.85
13707,02/25/2022,1949,Toys,South,3,516.46,0.07,COD,4,1.3,1440.92
13708,03/01/2023,1073,Electronics,Central,4,226.01,0.18,Card,1,2.1,741.31
13709,10/30/2022,1251,Health,West,2,573.82,0.11,Card,4,2.9,1021.4
13710,08/04/2022,1098,Electronics,South,8,211.21,0.15,Wallet,4,4.0,1436.23
13711,06/22/2022,1307,Beauty,West,7,117.03,0.23,Wallet,12,2.0,630.79
13712,11/26/2022,1251,Electronics,Central,10,278.82,0.08,Card,7,2.9,2565.14
13713,03/01/2023,1943,Toys,North,6,35.42,0.24,COD,4,3.5,161.52
13714,02/13/2023,1828,Beauty,West,8,199.43,0.08,Card,10,1.8,1467.8
13715,03/18/2022,1034,Beauty,North,1,502.91,0.18,Card,5,3.8,412.39
13716,05/27/2022,1574,Health,Central,1,195.53,0.18,COD,11,2.3,160.33
13717,06/07/2022,1950,Health,West,3,163.25,0.09,Card,2,4.6,445.67
13718,11/24/2022,1409,Health,East,1,131.36,0.1,Wallet,9,4.0,118.22
13719,07/25/2022,1866,Health,West,5,299.36,0.22,Wallet,10,3.6,1167.5
13720,04/05/2022,1350,Toys,South,9,289.89,0.17,COD,2,1.8,2165.48
13721,02/05/2022,1014,Health,North,4,223.93,0.21,Wallet,9,3.1,707.62
13722,11/17/2022,1111,Clothing,East,3,272.17,0.3,Wallet,2,3.4,571.56
13723,05/10/2022,1649,Beauty,North,6,24.69,0.31,Wallet,10,3.8,102.22
13724,05/10/2023,1670,Clothing,Central,3,259.39,0.25,Card,12,4.4,583.63
13725,02/28/2022,1809,Home,Central,3,332.1,0.3,COD,12,2.1,697.41
13726,04/15/2022,1974,Health,East,10,219.86,0.09,Card,12,4.7,2000.73
13727,08/08/2022,1541,Home,East,4,14.54,0.23,Wallet,1,4.5,44.78
13728,10/09/2022,1172,Beauty,West,9,84.64,0.19,COD,12,2.4,617.03
13729,10/10/2022,1834,Beauty,West,3,380.33,0.14,Card,8,1.1,981.25
13730,07/10/2022,1977,Beauty,East,10,272.33,0.06,COD,4,3.3,2559.9
13731,09/28/2022,1534,Electronics,South,5,112.65,0.32,Card,4,4.9,383.01
13732,06/11/2022,1310,Electronics,East,1,459.0,0.33,Card,1,3.1,307.53
13733,04/10/2022,1573,Electronics,North,9,487.96,0.31,Wallet,2,4.7,3030.23
13734,03/14/2023,1155,Beauty,West,9,70.47,0.03,COD,4,4.9,615.2
13735,08/20/2022,1229,Health,East,1,556.56,0.24,Card,8,3.9,422.99
13736,03/03/2022,1897,Home,West,10,430.54,0.32,Wallet,6,1.6,2927.67
13737,07/30/2022,1173,Beauty,West,2,143.07,0.35,Wallet,11,3.9,185.99
13738,08/31/2022,1735,Health,East,10,135.15,0.02,COD,1,3.9,1324.47
13739,02/11/2023,1288,Electronics,East,7,134.11,0.31,Card,5,1.5,647.75
13740,06/02/2022,2000,Home,North,10,77.18,0.34,Wallet,2,4.9,509.39
13741,04/06/2023,1918,Clothing,East,6,256.54,0.34,Card,2,3.8,1015.9
13742,05/04/2023,1898,Electronics,West,8,597.42,0.31,COD,3,1.2,3297.76
13743,03/17/2022,1303,Beauty,East,2,233.72,0.16,Wallet,1,3.6,392.65
13744,07/15/2022,1968,Toys,Central,7,463.22,0.1,COD,8,3.3,2918.29
13745,02/19/2022,1116,Electronics,East,7,36.47,0.05,Wallet,9,1.6,242.53
13746,12/27/2022,1007,Health,East,10,46.87,0.19,Card,11,2.3,379.65
13747,04/17/2023,1231,Electronics,East,7,57.06,0.28,COD,3,3.7,287.58
13748,08/31/2022,1718,Toys,South,6,40.59,0.13,COD,10,3.5,211.88
13749,05/22/2022,1373,Electronics,North,4,285.64,0.26,Card,2,4.2,845.49
13750,09/24/2022,1963,Beauty,South,8,31.56,0.33,Wallet,7,4.5,169.16
13751,08/24/2022,1942,Clothing,East,10,256.3,0.2,COD,10,3.5,2050.4
13752,06/23/2022,1737,Electronics,North,6,17.83,0.08,Card,2,2.4,98.42
13753,04/22/2022,1094,Electronics,East,6,237.21,0.15,Card,3,1.9,1209.77
13754,04/10/2023,1258,Home,South,5,509.24,0.01,Card,9,3.2,2520.74
13755,06/20/2022,1189,Clothing,North,9,339.53,0.22,Wallet,1,4.9,2383.5
13756,04/12/2023,1248,Electronics,West,3,120.67,0.07,Card,6,4.0,336.67
13757,05/30/2022,1910,Health,North,8,364.63,0.17,COD,11,3.9,2421.14
13758,05/14/2022,1946,Electronics,South,9,367.31,0.35,COD,6,3.5,2148.76
13759,11/13/2022,1412,Beauty,South,1,472.85,0.28,Wallet,4,4.6,340.45
13760,01/28/2023,1361,Health,East,9,121.04,0.03,Wallet,7,1.9,1056.68
13761,11/19/2022,1753,Health,East,9,568.81,0.17,COD,9,1.5,4249.01
13762,07/26/2022,1498,Clothing,Central,5,262.97,0.25,COD,12,3.8,986.14
13763,02/27/2023,1901,Toys,South,7,572.48,0.07,Card,7,4.0,3726.84
13764,12/18/2022,1091,Toys,East,7,70.22,0.11,Card,8,3.7,437.47
13765,09/04/2022,1889,Home,South,5,318.8,0.14,COD,2,2.1,1370.84
13766,03/24/2023,1260,Electronics,West,3,13.0,0.24,COD,2,2.1,29.64
13767,08/23/2022,1572,Clothing,North,5,72.46,0.25,Card,8,1.3,271.72
13768,08/28/2022,1683,Beauty,Central,8,197.87,0.05,COD,8,1.5,1503.81
13769,06/28/2022,1722,Clothing,South,5,280.32,0.13,Wallet,4,3.3,1219.39
13770,04/21/2022,1202,Electronics,North,10,549.04,0.14,Wallet,6,3.2,4721.74
13771,03/24/2022,1527,Home,South,5,267.78,0.32,Wallet,4,1.8,910.45
13772,06/02/2022,1344,Toys,Central,8,61.06,0.12,Wallet,12,4.6,429.86
13773,09/03/2022,1580,Health,South,9,269.16,0.2,Card,3,4.2,1937.95
13774,12/19/2022,1545,Health,North,3,222.07,0.04,COD,2,4.3,639.56
13775,07/04/2022,1379,Beauty,West,4,183.15,0.27,Wallet,6,1.9,534.8
13776,02/13/2022,1886,Electronics,South,4,337.62,0.09,Wallet,9,1.9,1228.94
13777,10/08/2022,1734,Health,East,3,186.22,0.13,Card,2,2.3,486.03
13778,05/05/2023,1749,Home,South,2,12.71,0.19,COD,1,1.1,20.59
13779,06/16/2022,1140,Health,East,3,38.87,0.19,Wallet,4,2.5,94.45
13780,10/30/2022,1899,Electronics,West,8,111.57,0.13,Card,6,4.6,776.53
13781,01/28/2023,1335,Beauty,South,7,192.58,0.1,Wallet,6,4.4,1213.25
13782,05/17/2022,1216,Electronics,West,3,81.68,0.2,COD,3,3.8,196.03
13783,01/25/2023,1827,Clothing,Central,10,321.93,0.27,Wallet,1,1.6,2350.09
13784,09/03/2022,1850,Clothing,Central,9,392.65,0.17,Card,9,1.4,2933.1
13785,03/17/2023,1601,Clothing,East,3,366.24,0.31,Card,3,4.4,758.12
13786,07/13/2022,1399,Toys,West,9,314.12,0.33,COD,4,3.7,1894.14
13787,12/22/2022,1417,Health,Central,3,201.52,0.17,Wallet,4,2.9,501.78
13788,05/06/2022,1636,Health,East,8,532.86,0.17,Card,6,1.4,3538.19
13789,05/09/2023,1217,Electronics,Central,7,353.36,0.34,COD,8,2.2,1632.52
13790,01/17/2023,1896,Health,West,2,30.98,0.02,Card,8,2.2,60.72
13791,06/11/2022,1647,Toys,North,6,337.64,0.2,Wallet,6,4.2,1620.67
13792,02/25/2023,1045,Clothing,South,5,314.01,0.21,COD,7,1.4,1240.34
13793,03/19/2023,1469,Clothing,East,5,455.7,0.26,Wallet,11,2.8,1686.09
13794,11/30/2022,1444,Beauty,West,4,351.54,0.07,Card,5,5.0,1307.73
13795,03/08/2023,1029,Toys,North,3,517.21,0.24,COD,2,4.5,1179.24
13796,05/23/2022,1527,Electronics,West,6,490.49,0.09,COD,11,3.6,2678.08
13797,12/03/2022,1498,Health,Central,8,546.31,0.04,Card,5,2.6,4195.66
13798,04/17/2022,1194,Health,South,3,505.1,0.24,Wallet,8,2.4,1151.63
13799,12/06/2022,1250,Beauty,Central,4,466.79,0.2,COD,10,1.7,1493.73
13800,01/11/2022,1962,Electronics,South,9,404.91,0.23,Card,10,4.7,2806.03
13801,01/23/2022,1380,Electronics,West,2,490.21,0.05,Wallet,2,1.3,931.4
13802,04/10/2022,1859,Toys,Central,4,26.16,0.06,Card,11,4.4,98.36
13803,11/23/2022,1995,Toys,North,6,141.85,0.17,Wallet,3,4.5,706.41
13804,10/11/2022,1760,Toys,East,2,167.81,0.03,Card,7,2.7,325.55
13805,03/15/2022,1826,Beauty,Central,8,203.77,0.05,Wallet,11,5.0,1548.65
13806,11/02/2022,1244,Home,Central,9,81.93,0.04,COD,12,4.3,707.88
13807,03/25/2023,1802,Health,West,4,399.85,0.02,Wallet,10,2.9,1567.41
13808,01/10/2022,1463,Home,East,9,492.46,0.04,Card,4,3.9,4254.85
13809,02/09/2023,1877,Beauty,Central,9,109.85,0.13,Card,9,2.9,860.13
13810,11/10/2022,1933,Clothing,South,1,169.31,0.16,Wallet,9,1.1,142.22
13811,04/22/2023,1997,Electronics,South,5,530.79,0.01,Card,3,2.5,2627.41
13812,01/18/2023,1515,Electronics,North,5,390.44,0.13,Wallet,11,1.4,1698.41
13813,08/01/2022,1015,Clothing,East,2,595.02,0.29,Wallet,12,1.6,844.93
13814,07/15/2022,1793,Beauty,West,3,119.0,0.1,Card,11,4.8,321.3
13815,03/27/2023,1468,Health,West,7,196.96,0.02,Card,8,3.8,1351.15
13816,08/20/2022,1170,Home,East,10,306.7,0.2,Card,12,1.8,2453.6
13817,11/30/2022,1671,Electronics,North,1,243.9,0.35,COD,9,3.9,158.53
13818,09/01/2022,1287,Clothing,Central,8,405.02,0.2,Card,11,1.2,2592.13
13819,11/03/2022,1568,Health,East,7,29.04,0.05,Wallet,2,2.3,193.12
13820,04/28/2023,1614,Beauty,South,1,286.29,0.04,COD,9,4.6,274.84
13821,08/23/2022,1805,Clothing,East,2,122.22,0.28,Card,5,2.7,176.0
13822,01/25/2023,1886,Clothing,Central,1,248.26,0.11,Card,4,2.9,220.95
13823,09/12/2022,1805,Home,North,6,406.0,0.12,Card,4,4.2,2143.68
13824,10/30/2022,1190,Health,South,5,157.44,0.09,Card,7,4.9,716.35
13825,08/07/2022,1160,Electronics,East,5,238.87,0.18,Wallet,1,3.8,979.37
13826,05/29/2022,1222,Beauty,South,10,135.27,0.13,Wallet,6,4.3,1176.85
13827,09/05/2022,1670,Health,North,5,80.93,0.22,Wallet,1,1.9,315.63
13828,08/16/2022,1456,Toys,North,10,343.26,0.12,Wallet,8,1.3,3020.69
13829,06/17/2022,1896,Home,Central,2,101.13,0.03,Wallet,8,1.9,196.19
13830,12/06/2022,1086,Electronics,East,9,190.42,0.26,Wallet,12,4.4,1268.2
13831,04/04/2023,1368,Electronics,South,9,169.21,0.22,COD,12,1.0,1187.85
13832,02/14/2022,1034,Clothing,Central,5,499.27,0.27,Wallet,6,3.2,1822.34
13833,10/24/2022,1765,Health,Central,4,428.97,0.09,Card,11,4.0,1561.45
13834,04/06/2023,1390,Beauty,North,6,398.47,0.16,Card,8,4.9,2008.29
13835,01/01/2022,1217,Toys,North,7,379.87,0.1,Wallet,11,3.0,2393.18
13836,04/14/2022,1030,Health,South,9,236.53,0.22,Wallet,9,4.1,1660.44
13837,03/27/2023,1773,Toys,West,7,370.57,0.07,Wallet,12,3.1,2412.41
13838,06/25/2022,1575,Electronics,South,5,146.13,0.06,Wallet,4,3.3,686.81
13839,12/07/2022,1084,Health,South,6,16.79,0.02,COD,8,2.0,98.73
13840,05/10/2022,1251,Clothing,Central,2,384.39,0.18,Wallet,1,3.0,630.4
13841,12/17/2022,1955,Beauty,South,7,14.41,0.08,Card,6,2.3,92.8
13842,09/30/2022,1416,Beauty,West,8,266.92,0.04,COD,12,3.1,2049.95
13843,09/03/2022,1113,Toys,North,9,446.11,0.13,Card,11,1.2,3493.04
13844,12/09/2022,1644,Clothing,West,7,205.12,0.29,COD,7,2.1,1019.45
13845,03/01/2023,1212,Home,North,10,416.94,0.26,Card,4,4.9,3085.36
13846,12/22/2022,1677,Home,West,3,551.19,0.03,Wallet,3,2.9,1603.96
13847,02/04/2023,1482,Toys,Central,3,206.76,0.07,COD,12,2.3,576.86
13848,04/15/2022,1483,Toys,East,1,256.8,0.03,Card,11,1.7,249.1
13849,03/08/2023,1982,Electronics,North,9,172.28,0.23,Card,3,3.7,1193.9
13850,07/29/2022,1591,Beauty,South,3,442.94,0.25,COD,4,4.5,996.62
13851,01/18/2022,1331,Home,North,1,347.58,0.3,Wallet,2,1.2,243.31
13852,03/15/2022,1110,Home,East,2,50.57,0.07,Card,10,1.9,94.06
13853,01/15/2022,1240,Electronics,Central,10,21.91,0.13,Wallet,7,4.9,190.62
13854,01/06/2022,1143,Beauty,South,5,350.97,0.2,COD,1,1.2,1403.88
13855,05/01/2022,1076,Health,North,1,331.96,0.19,COD,2,3.0,268.89
13856,10/16/2022,1631,Beauty,West,8,309.19,0.16,COD,2,1.9,2077.76
13857,10/23/2022,1758,Home,East,3,588.45,0.26,Card,2,2.3,1306.36
13858,03/12/2023,1482,Electronics,Central,5,210.32,0.12,Wallet,8,1.9,925.41
13859,04/20/2023,1652,Clothing,South,3,586.02,0.21,Card,7,2.7,1388.87
13860,09/12/2022,1445,Beauty,North,5,352.33,0.11,Card,10,2.1,1567.87
13861,06/28/2022,1321,Home,Central,2,431.51,0.18,Wallet,6,2.5,707.68
13862,10/13/2022,1455,Electronics,East,4,65.06,0.1,Wallet,6,1.0,234.22
13863,01/27/2022,1267,Electronics,West,3,155.52,0.15,Wallet,5,4.7,396.58
13864,01/16/2022,1208,Health,West,9,212.98,0.08,COD,2,1.4,1763.47
13865,09/17/2022,1040,Home,North,3,313.77,0.04,Wallet,11,1.6,903.66
13866,06/12/2022,1993,Home,West,9,410.25,0.15,Wallet,2,1.8,3138.41
13867,03/30/2022,1213,Health,West,10,34.4,0.22,Card,4,2.3,268.32
13868,05/01/2022,1748,Toys,West,10,156.7,0.17,COD,9,1.1,1300.61
13869,06/03/2022,1977,Beauty,South,8,210.9,0.27,Wallet,8,4.4,1231.66
13870,06/08/2022,1359,Health,East,6,191.65,0.03,COD,1,3.0,1115.4
13871,04/07/2023,1030,Health,South,8,456.29,0.26,Wallet,4,2.2,2701.24
13872,08/24/2022,1269,Toys,East,8,136.64,0.04,Wallet,5,2.4,1049.4
13873,03/07/2022,1809,Health,North,8,389.6,0.08,Wallet,6,3.5,2867.46
13874,01/09/2023,1218,Home,East,6,30.08,0.2,Wallet,5,4.2,144.38
13875,01/13/2022,1168,Home,East,8,493.83,0.09,COD,9,2.9,3595.08
13876,12/02/2022,1204,Home,North,3,289.53,0.12,Card,4,2.7,764.36
13877,01/12/2022,1936,Health,East,1,158.74,0.23,COD,10,4.5,122.23
13878,08/12/2022,1903,Home,East,3,389.56,0.07,Card,11,3.2,1086.87
13879,01/28/2023,1020,Beauty,West,10,358.13,0.21,COD,7,4.7,2829.23
13880,04/23/2022,1944,Electronics,South,6,112.63,0.1,Card,2,3.9,608.2
13881,04/20/2023,1921,Beauty,West,7,40.29,0.3,Card,12,2.7,197.42
13882,04/10/2022,1802,Home,North,7,229.19,0.22,Card,11,1.5,1251.38
13883,01/25/2022,1727,Beauty,North,2,257.68,0.29,Wallet,3,3.9,365.91
13884,02/18/2022,1356,Beauty,South,7,397.3,0.33,Wallet,12,2.7,1863.34
13885,12/26/2022,1472,Toys,North,7,126.11,0.32,COD,6,3.2,600.28
13886,05/26/2022,1202,Electronics,West,6,165.31,0.14,Card,3,4.4,853.0
13887,02/27/2023,1737,Beauty,East,3,91.68,0.19,Wallet,6,1.1,222.78
13888,07/18/2022,1744,Electronics,South,8,438.98,0.26,Wallet,12,1.9,2598.76
13889,03/24/2022,1513,Beauty,North,7,122.27,0.3,COD,5,1.1,599.12
13890,02/03/2023,1123,Health,South,10,573.81,0.21,COD,8,3.9,4533.1
13891,08/10/2022,1030,Toys,South,8,183.53,0.07,Wallet,11,3.1,1365.46
13892,08/07/2022,1746,Health,South,6,524.45,0.3,Wallet,9,4.2,2202.69
13893,02/14/2022,1768,Health,West,3,331.9,0.18,COD,10,4.1,816.47
13894,04/27/2022,1210,Clothing,East,8,206.89,0.34,Card,4,1.5,1092.38
13895,11/23/2022,1063,Beauty,South,2,373.75,0.2,Wallet,5,4.0,598.0
13896,12/15/2022,1317,Health,West,6,105.63,0.18,Wallet,6,2.7,519.7
13897,04/18/2022,1653,Toys,Central,3,16.85,0.19,Card,11,3.2,40.95
13898,02/06/2023,1518,Clothing,East,4,368.23,0.17,COD,2,2.2,1222.52
13899,01/06/2023,1926,Health,Central,3,373.0,0.29,COD,4,2.9,794.49
13900,05/04/2022,1674,Health,South,10,357.28,0.29,Card,10,4.3,2536.69
13901,09/22/2022,1936,Home,Central,2,214.08,0.3,Card,1,3.8,299.71
13902,09/03/2022,1711,Health,South,5,146.82,0.15,Wallet,12,3.0,623.98
13903,05/07/2023,1982,Toys,North,10,550.54,0.02,COD,7,1.7,5395.29
13904,04/13/2023,1955,Electronics,West,3,183.92,0.27,Card,3,3.0,402.78
13905,03/28/2023,1201,Beauty,West,1,585.86,0.1,Card,4,3.9,527.27
13906,06/17/2022,1877,Health,West,8,465.78,0.3,COD,4,3.0,2608.37
13907,05/11/2023,1654,Electronics,West,10,135.68,0.2,COD,5,2.6,1085.44
13908,11/28/2022,1879,Toys,North,8,356.5,0.09,Wallet,1,4.0,2595.32
13909,08/18/2022,1088,Clothing,South,3,75.97,0.1,Card,10,3.8,205.12
13910,11/07/2022,1397,Toys,South,9,517.36,0.26,Wallet,2,3.9,3445.62
13911,03/26/2022,1987,Toys,East,9,546.73,0.27,Wallet,5,3.2,3592.02
13912,11/24/2022,1365,Electronics,South,7,260.12,0.1,Wallet,11,2.9,1638.76
13913,12/16/2022,1840,Health,North,3,567.97,0.2,Wallet,3,2.1,1363.13
13914,08/16/2022,1448,Health,North,8,267.64,0.3,Wallet,1,2.8,1498.78
13915,07/31/2022,1838,Beauty,South,1,25.98,0.32,Card,6,1.6,17.67
13916,02/04/2023,1647,Electronics,North,7,85.22,0.18,COD,10,1.8,489.16
13917,09/11/2022,1272,Clothing,North,4,257.31,0.28,Card,10,1.1,741.05
13918,04/23/2023,1514,Beauty,South,5,590.12,0.24,Wallet,5,2.7,2242.46
13919,05/05/2023,1572,Health,Central,7,268.59,0.17,COD,1,4.0,1560.51
13920,08/25/2022,1570,Clothing,East,4,251.95,0.16,Card,4,1.4,846.55
13921,03/04/2022,1600,Electronics,East,3,305.38,0.34,Wallet,3,3.5,604.65
13922,02/09/2022,1347,Health,North,8,523.65,0.02,Card,11,4.2,4105.42
13923,09/14/2022,1432,Toys,North,10,204.55,0.04,Card,1,1.5,1963.68
13924,01/09/2022,1858,Home,West,8,570.29,0.18,Card,5,2.5,3741.1
13925,11/18/2022,1849,Toys,West,5,282.11,0.26,COD,10,3.4,1043.81
13926,06/28/2022,1397,Home,East,8,578.12,0.24,Wallet,11,2.5,3514.97
13927,11/19/2022,1161,Beauty,East,8,491.51,0.11,Card,1,1.7,3499.55
13928,02/03/2022,1100,Toys,Central,5,494.05,0.03,Wallet,12,3.5,2396.14
13929,04/20/2022,1045,Beauty,West,3,438.29,0.13,Wallet,2,2.4,1143.94
13930,03/03/2023,1108,Toys,North,3,443.81,0.16,COD,5,2.8,1118.4
13931,03/27/2022,1677,Beauty,East,1,116.61,0.23,Wallet,3,1.7,89.79
13932,03/20/2022,1830,Toys,South,9,401.75,0.28,Wallet,11,3.3,2603.34
13933,06/11/2022,1777,Toys,West,2,174.63,0.07,Wallet,12,2.3,324.81
13934,04/20/2023,1656,Health,West,2,191.52,0.18,Card,1,1.2,314.09
13935,02/20/2023,1568,Health,North,9,575.92,0.05,COD,1,1.5,4924.12
13936,04/08/2023,1206,Health,West,6,251.76,0.04,Wallet,11,1.6,1450.14
13937,08/29/2022,1273,Home,East,5,85.41,0.18,COD,4,4.7,350.18
13938,01/18/2022,1641,Health,West,10,145.95,0.08,COD,6,3.0,1342.74
13939,06/02/2022,1560,Health,Central,9,89.71,0.19,Wallet,6,4.4,653.99
13940,07/25/2022,1001,Beauty,South,6,346.33,0.21,Card,2,3.3,1641.6
13941,05/03/2022,1536,Toys,Central,6,404.9,0.06,COD,8,2.2,2283.64
13942,03/08/2022,1496,Home,Central,5,24.46,0.07,Wallet,8,1.6,113.74
13943,05/15/2022,1953,Health,Central,5,43.44,0.28,Wallet,6,2.2,156.38
13944,12/16/2022,1532,Toys,Central,1,581.84,0.19,COD,11,1.4,471.29
13945,12/19/2022,1848,Electronics,East,1,561.96,0.07,Card,2,4.4,522.62
13946,02/27/2022,1792,Clothing,West,6,230.26,0.14,Card,9,2.0,1188.14
13947,08/13/2022,1775,Electronics,East,6,281.89,0.13,Wallet,4,3.1,1471.47
13948,05/29/2022,1365,Clothing,North,5,521.73,0.28,COD,2,3.8,1878.23
13949,03/02/2023,1524,Electronics,East,10,10.25,0.23,COD,11,4.2,78.92
13950,01/10/2022,1901,Electronics,North,5,154.69,0.24,COD,3,4.0,587.82
13951,07/02/2022,1769,Toys,East,6,162.96,0.11,COD,1,1.9,870.21
13952,08/14/2022,1208,Home,Central,1,326.21,0.3,Wallet,2,2.5,228.35
13953,05/09/2023,1540,Beauty,Central,1,232.81,0.33,Card,6,3.4,155.98
13954,02/14/2023,1166,Electronics,West,5,17.61,0.08,Wallet,10,1.4,81.01
13955,10/30/2022,1499,Electronics,South,2,283.27,0.19,COD,7,2.4,458.9
13956,03/28/2023,1936,Beauty,North,7,185.39,0.13,Card,8,1.2,1129.03
13957,04/07/2023,1702,Clothing,West,1,215.36,0.18,Wallet,12,4.1,176.6
13958,08/23/2022,1940,Toys,West,6,104.69,0.26,Wallet,7,1.0,464.82
13959,03/27/2022,1191,Electronics,North,9,103.4,0.31,Card,3,3.0,642.11
13960,10/02/2022,1510,Electronics,North,2,470.5,0.04,Wallet,12,2.6,903.36
13961,04/24/2023,1584,Clothing,North,1,64.51,0.16,COD,7,1.1,54.19
13962,01/25/2023,1395,Home,North,10,439.91,0.16,Wallet,8,4.5,3695.24
13963,04/01/2022,1333,Beauty,South,9,103.08,0.16,COD,11,3.8,779.28
13964,01/11/2023,1971,Toys,West,4,317.36,0.33,COD,8,3.6,850.52
13965,05/12/2023,1168,Toys,North,7,221.29,0.22,Card,6,1.9,1208.24
13966,05/09/2023,1975,Home,West,10,131.8,0.08,Card,8,4.9,1212.56
13967,04/14/2023,1032,Clothing,South,4,461.31,0.21,Wallet,8,1.1,1457.74
13968,01/19/2022,1912,Electronics,South,5,467.91,0.17,COD,11,3.9,1941.83
13969,04/08/2023,1159,Toys,Central,1,123.85,0.17,Wallet,1,3.2,102.8
13970,05/05/2023,1445,Health,Central,1,23.53,0.03,Card,1,1.0,22.82
13971,03/01/2023,1082,Toys,West,10,319.33,0.09,COD,1,2.5,2905.9
13972,05/16/2022,1749,Beauty,West,7,323.52,0.19,Wallet,4,3.8,1834.36
13973,02/18/2022,1927,Clothing,West,3,533.5,0.31,Wallet,9,3.5,1104.35
13974,05/31/2022,1657,Beauty,West,2,323.27,0.32,COD,12,4.2,439.65
13975,02/14/2022,1550,Electronics,West,10,70.81,0.18,Card,9,2.6,580.64
13976,01/25/2022,1005,Clothing,South,10,263.79,0.35,Wallet,1,3.8,1714.64
13977,01/02/2022,1785,Health,South,10,455.21,0.23,Wallet,4,1.5,3505.12
13978,07/17/2022,1188,Electronics,West,1,184.92,0.22,Card,6,2.6,144.24
13979,07/17/2022,1564,Toys,West,8,96.61,0.02,COD,8,4.4,757.42
13980,12/06/2022,1148,Electronics,South,6,179.02,0.24,Card,5,1.0,816.33
13981,12/05/2022,1368,Electronics,West,8,523.11,0.05,Wallet,10,3.0,3975.64
13982,02/19/2023,1521,Electronics,Central,8,474.18,0.23,Wallet,10,4.5,2920.95
13983,05/26/2022,1713,Home,South,4,118.57,0.33,COD,7,4.1,317.77
13984,04/24/2022,1551,Toys,North,7,283.17,0.27,Card,8,4.1,1447.0
13985,08/10/2022,1917,Electronics,East,5,198.21,0.3,Card,3,4.6,693.74
13986,10/18/2022,1943,Clothing,East,4,406.93,0.17,Card,8,2.2,1351.01
13987,05/19/2022,1211,Electronics,North,5,82.61,0.03,Wallet,1,2.4,400.66
13988,10/01/2022,1904,Clothing,Central,2,561.08,0.02,COD,4,2.6,1099.72
13989,02/02/2023,1455,Clothing,West,2,83.77,0.29,Card,3,2.9,118.95
13990,04/19/2022,1018,Clothing,South,8,154.22,0.08,COD,9,4.2,1135.06
13991,08/27/2022,1155,Health,North,10,359.37,0.27,COD,8,2.1,2623.4
13992,03/25/2022,1731,Toys,West,4,222.28,0.11,COD,11,2.6,791.32
13993,11/24/2022,1645,Toys,East,7,267.55,0.02,Card,8,1.9,1835.39
13994,01/28/2023,1817,Clothing,South,7,187.4,0.16,COD,8,4.4,1101.91
13995,08/22/2022,1022,Home,North,10,478.99,0.19,Wallet,5,3.9,3879.82
13996,02/04/2022,1029,Toys,South,5,77.76,0.08,COD,6,2.4,357.7
13997,03/10/2023,1023,Health,South,5,598.04,0.12,Card,8,2.3,2631.38
13998,12/23/2022,1333,Clothing,South,4,212.14,0.14,Wallet,1,3.4,729.76
13999,11/14/2022,1825,Toys,South,3,313.12,0.11,COD,2,4.7,836.03
14000,01/20/2023,1335,Toys,North,10,542.39,0.29,Wallet,6,2.8,3850.97
14001,06/04/2022,1020,Home,North,10,576.26,0.25,COD,9,4.3,4321.95
14002,02/05/2022,1022,Clothing,West,7,486.25,0.05,Wallet,1,1.9,3233.56
14003,02/06/2023,1820,Electronics,West,4,167.6,0.22,Card,7,4.3,522.91
14004,03/18/2023,1125,Electronics,North,9,450.13,0.08,Card,10,2.5,3727.08
14005,07/31/2022,1681,Health,Central,1,139.74,0.21,COD,4,1.6,110.39
14006,08/26/2022,1600,Clothing,North,1,494.53,0.03,Card,8,2.4,479.69
14007,01/19/2023,1571,Electronics,East,1,579.68,0.21,Wallet,3,4.6,457.95
14008,09/27/2022,1524,Toys,East,1,581.64,0.27,COD,1,1.6,424.6
14009,05/22/2022,1232,Electronics,North,9,519.12,0.19,COD,6,2.0,3784.38
14010,10/14/2022,1209,Electronics,South,10,25.88,0.28,Wallet,11,4.1,186.34
14011,07/05/2022,1439,Clothing,South,9,553.05,0.31,Wallet,7,1.8,3434.44
14012,02/01/2022,1150,Beauty,West,2,397.09,0.24,COD,7,4.0,603.58
14013,02/10/2023,1723,Home,East,2,397.94,0.03,Card,3,4.6,772.0
14014,03/07/2023,1134,Clothing,West,6,214.06,0.13,COD,7,3.3,1117.39
14015,06/26/2022,1203,Electronics,West,1,242.64,0.33,COD,12,3.6,162.57
14016,05/08/2023,1150,Electronics,North,9,111.76,0.19,Card,3,1.7,814.73
14017,01/11/2022,1640,Beauty,West,6,209.82,0.25,COD,6,3.3,944.19
14018,05/14/2023,1097,Health,South,8,490.85,0.2,Card,10,2.6,3141.44
14019,10/01/2022,1194,Health,East,9,216.14,0.24,COD,12,3.0,1478.4
14020,04/05/2023,1927,Health,North,3,543.81,0.04,Card,6,2.2,1566.17
14021,07/15/2022,1241,Beauty,West,3,107.8,0.23,Wallet,8,1.4,249.02
14022,09/14/2022,1947,Clothing,North,6,486.51,0.09,Wallet,2,1.3,2656.34
14023,02/16/2023,1398,Health,North,5,97.04,0.16,COD,1,2.8,407.57
14024,03/04/2022,1716,Home,Central,4,571.01,0.07,COD,12,2.0,2124.16
14025,06/21/2022,1897,Toys,Central,10,12.39,0.28,Wallet,1,3.8,89.21
14026,06/06/2022,1219,Home,East,4,95.06,0.23,Card,5,3.0,292.78
14027,05/07/2023,1515,Health,West,3,30.08,0.01,Wallet,11,1.3,89.34
14028,04/06/2023,1581,Beauty,North,8,378.58,0.13,Wallet,5,4.9,2634.92
14029,07/28/2022,1204,Home,East,4,168.19,0.13,Wallet,6,1.9,585.3
14030,10/24/2022,1816,Health,West,6,114.14,0.26,COD,8,2.4,506.78
14031,03/27/2023,1830,Electronics,Central,5,29.19,0.18,Card,10,4.8,119.68
14032,05/23/2022,1604,Electronics,North,7,517.32,0.21,Wallet,2,3.6,2860.78
14033,04/24/2022,1016,Toys,South,3,229.05,0.3,COD,12,4.5,481.01
14034,11/13/2022,1500,Electronics,South,3,304.99,0.15,Card,2,1.1,777.72
14035,05/20/2022,1235,Beauty,East,8,222.37,0.14,Wallet,5,3.2,1529.91
14036,02/25/2023,1735,Health,Central,4,502.6,0.08,Card,2,1.0,1849.57
14037,11/04/2022,1129,Toys,North,1,195.38,0.17,Wallet,8,1.6,162.17
14038,03/10/2023,1895,Electronics,East,6,190.58,0.17,Wallet,8,3.6,949.09
14039,04/22/2022,1708,Toys,Central,3,565.3,0.34,COD,1,3.2,1119.29
14040,03/27/2023,1175,Health,Central,10,351.0,0.03,Card,1,4.5,3404.7
14041,01/31/2022,1270,Electronics,Central,6,466.12,0.35,COD,11,4.7,1817.87
14042,04/04/2022,1916,Toys,South,4,286.45,0.23,Card,1,2.6,882.27
14043,08/29/2022,1690,Beauty,East,3,516.24,0.28,Wallet,4,1.3,1115.08
14044,06/25/2022,1760,Toys,North,9,364.7,0.04,Wallet,7,4.4,3151.01
14045,08/03/2022,1303,Electronics,West,4,94.6,0.26,COD,8,1.3,280.02
14046,10/17/2022,1219,Clothing,North,2,547.87,0.3,Wallet,4,4.2,767.02
14047,03/21/2023,1057,Toys,East,9,435.81,0.05,Card,7,3.1,3726.18
14048,04/28/2023,1661,Toys,Central,7,530.83,0.08,COD,1,4.5,3418.55
14049,05/10/2023,1120,Toys,North,7,520.31,0.28,Wallet,5,4.0,2622.36
14050,09/04/2022,1063,Home,East,8,538.62,0.28,COD,8,3.7,3102.45
14051,03/20/2022,1348,Clothing,East,3,291.66,0.24,Card,9,4.2,664.98
14052,01/08/2022,1881,Health,West,8,464.84,0.12,Card,8,3.9,3272.47
14053,04/26/2022,1110,Electronics,North,7,251.87,0.03,Wallet,9,1.1,1710.2
14054,03/15/2023,1982,Home,Central,1,365.66,0.16,Card,7,4.0,307.15
14055,03/26/2023,1290,Toys,West,4,27.88,0.12,Wallet,6,5.0,98.14
14056,01/26/2023,1771,Health,West,5,299.03,0.2,Wallet,9,1.0,1196.12
14057,05/01/2022,1404,Beauty,Central,1,359.4,0.15,COD,7,1.7,305.49
14058,04/23/2023,1262,Clothing,South,10,312.78,0.11,COD,11,2.3,2783.74
14059,07/08/2022,1048,Home,East,4,149.7,0.17,Wallet,7,1.8,497.0
14060,07/22/2022,1942,Toys,West,5,288.29,0.3,Wallet,6,3.1,1009.01
14061,06/08/2022,1143,Clothing,West,3,330.59,0.33,Wallet,7,4.7,664.49
14062,10/02/2022,1721,Electronics,South,1,91.86,0.06,Card,8,4.3,86.35
14063,02/25/2022,1365,Beauty,East,9,103.17,0.05,Card,8,1.2,882.1
14064,06/18/2022,1047,Toys,East,8,234.18,0.09,Card,6,2.3,1704.83
14065,06/22/2022,1475,Electronics,Central,9,126.86,0.1,Card,4,3.7,1027.57
14066,09/13/2022,1089,Home,Central,3,237.48,0.16,COD,1,1.1,598.45
14067,04/26/2023,1283,Health,West,7,119.14,0.22,Card,12,3.0,650.5
14068,07/05/2022,1044,Toys,West,6,274.72,0.11,COD,12,3.9,1467.0
14069,09/12/2022,1300,Toys,Central,4,298.32,0.24,Card,8,3.6,906.89
14070,08/18/2022,1796,Health,South,3,92.82,0.12,COD,9,3.2,245.04
14071,09/27/2022,1056,Home,West,10,126.31,0.16,Card,12,4.8,1061.0
14072,03/21/2022,1643,Home,North,3,584.96,0.28,Card,4,1.5,1263.51
14073,04/19/2022,1173,Beauty,North,9,96.79,0.16,COD,9,5.0,731.73
14074,05/04/2022,1832,Home,Central,10,172.2,0.14,COD,5,3.3,1480.92
14075,12/16/2022,1640,Toys,East,6,103.47,0.13,Wallet,4,2.3,540.11
14076,11/26/2022,1088,Clothing,West,8,387.55,0.03,Wallet,6,1.6,3007.39
14077,07/21/2022,1689,Clothing,East,2,593.74,0.28,Card,6,4.0,854.99
14078,07/30/2022,1764,Electronics,West,2,324.09,0.19,Card,11,4.0,525.03
14079,02/03/2023,1349,Toys,East,7,377.16,0.32,COD,8,3.2,1795.28
14080,03/27/2023,1081,Beauty,East,7,583.89,0.11,Wallet,6,1.1,3637.63
14081,08/15/2022,1865,Toys,Central,8,112.73,0.15,Card,3,3.9,766.56
14082,02/25/2022,1961,Toys,West,2,60.34,0.02,Card,10,3.1,118.27
14083,12/09/2022,1275,Health,South,4,460.42,0.26,COD,7,3.3,1362.84
14084,11/24/2022,1060,Clothing,Central,1,244.9,0.2,COD,10,2.9,195.92
14085,12/02/2022,1443,Electronics,East,4,375.98,0.12,Card,11,1.3,1323.45
14086,02/18/2022,1707,Clothing,North,3,243.98,0.3,COD,7,3.0,512.36
14087,05/26/2022,1488,Electronics,West,4,39.66,0.09,Wallet,5,2.9,144.36
14088,03/17/2023,1881,Electronics,Central,5,15.93,0.1,COD,11,4.6,71.69
14089,02/27/2023,1439,Home,South,2,487.91,0.34,Card,8,3.6,644.04
14090,02/14/2022,1522,Health,Central,6,289.42,0.02,COD,4,4.1,1701.79
14091,05/04/2023,1331,Beauty,East,6,28.15,0.29,Wallet,12,3.6,119.92
14092,02/16/2022,1780,Health,South,6,577.74,0.31,COD,12,2.7,2391.84
14093,10/19/2022,1644,Beauty,South,5,298.59,0.22,Card,7,3.8,1164.5
14094,07/28/2022,1838,Clothing,West,4,560.95,0.21,Wallet,9,2.2,1772.6
14095,12/03/2022,1815,Clothing,Central,9,40.68,0.08,Card,12,1.0,336.83
14096,11/04/2022,1847,Health,Central,10,176.69,0.07,Wallet,2,4.8,1643.22
14097,10/12/2022,1783,Toys,South,6,357.41,0.18,COD,11,1.2,1758.46
14098,01/28/2022,1451,Beauty,Central,10,507.32,0.24,Card,12,4.8,3855.63
14099,12/12/2022,1262,Beauty,South,3,228.18,0.25,COD,9,1.9,513.4
14100,05/09/2022,1312,Clothing,East,2,431.29,0.07,COD,1,3.9,802.2
14101,04/07/2022,1113,Electronics,East,3,275.09,0.12,Wallet,3,1.0,726.24
14102,07/16/2022,1165,Health,North,3,563.1,0.26,COD,3,4.1,1250.08
14103,03/26/2022,1587,Electronics,North,4,146.17,0.15,Wallet,3,1.5,496.98
14104,01/15/2022,1682,Beauty,West,6,467.08,0.35,Wallet,7,3.2,1821.61
14105,07/11/2022,1655,Toys,Central,9,295.61,0.27,Card,9,4.0,1942.16
14106,10/08/2022,1243,Beauty,South,8,403.92,0.23,Card,11,1.2,2488.15
14107,02/16/2023,1566,Clothing,South,5,116.89,0.17,COD,12,2.6,485.09
14108,04/30/2022,1185,Home,West,10,530.94,0.19,Card,1,4.0,4300.61
14109,02/01/2023,1084,Health,Central,5,292.34,0.24,COD,12,3.1,1110.89
14110,01/14/2022,1982,Toys,South,2,591.96,0.1,Card,7,1.8,1065.53
14111,05/15/2023,1936,Electronics,South,4,530.13,0.04,COD,2,4.9,2035.7
14112,03/19/2023,1988,Home,North,10,82.79,0.1,COD,10,3.0,745.11
14113,01/13/2023,1107,Electronics,Central,6,57.65,0.27,COD,3,2.7,252.51
14114,03/26/2023,1774,Beauty,South,6,570.93,0.01,Wallet,10,1.3,3391.32
14115,06/06/2022,1564,Health,South,7,218.6,0.18,Card,8,3.4,1254.76
14116,05/09/2023,1149,Clothing,Central,9,532.2,0.12,COD,4,4.0,4215.02
14117,04/14/2022,1674,Toys,East,1,587.68,0.2,COD,5,1.3,470.14
14118,03/29/2022,1041,Beauty,Central,8,269.2,0.07,Wallet,8,4.2,2002.85
14119,09/10/2022,1119,Health,North,2,121.71,0.1,COD,2,2.6,219.08
14120,01/23/2022,1157,Home,North,8,488.48,0.27,COD,2,1.6,2852.72
14121,12/09/2022,1268,Electronics,Central,9,318.49,0.07,Card,11,3.2,2665.76
14122,03/05/2022,1088,Beauty,East,8,367.42,0.16,COD,5,4.9,2469.06
14123,11/08/2022,1957,Health,East,10,33.97,0.1,Wallet,6,4.3,305.73
14124,03/22/2022,1309,Beauty,Central,5,143.08,0.16,COD,12,4.9,600.94
14125,01/06/2023,1991,Electronics,Central,1,20.92,0.15,Wallet,5,4.1,17.78
14126,07/15/2022,1402,Clothing,Central,6,487.5,0.13,Card,11,1.6,2544.75
14127,08/28/2022,1869,Clothing,Central,10,422.62,0.07,Wallet,7,4.5,3930.37
14128,07/10/2022,1068,Health,Central,1,431.36,0.03,COD,8,4.7,418.42
14129,05/25/2022,1084,Beauty,East,7,383.61,0.31,Card,5,2.7,1852.84
14130,05/10/2022,1477,Home,East,7,93.94,0.22,Card,1,1.1,512.91
14131,07/02/2022,1326,Electronics,Central,4,433.08,0.22,COD,8,2.0,1351.21
14132,06/21/2022,1473,Clothing,West,6,209.14,0.27,COD,7,1.8,916.03
14133,05/09/2022,1960,Beauty,East,4,366.78,0.04,Wallet,2,1.1,1408.44
14134,12/23/2022,1460,Clothing,South,1,550.83,0.11,Card,6,2.4,490.24
14135,11/05/2022,1791,Home,South,9,373.94,0.16,COD,11,2.4,2826.99
14136,05/19/2022,1557,Electronics,East,3,48.94,0.14,Wallet,5,3.0,126.27
14137,07/20/2022,1708,Clothing,South,8,376.71,0.31,Wallet,4,1.8,2079.44
14138,06/11/2022,1293,Beauty,East,4,566.97,0.26,Wallet,3,5.0,1678.23
14139,05/07/2022,1657,Clothing,Central,6,424.27,0.27,Wallet,1,1.2,1858.3
14140,05/02/2022,1434,Electronics,West,5,168.56,0.09,Wallet,4,4.1,766.95
14141,01/04/2023,1979,Clothing,South,5,287.25,0.27,COD,11,4.2,1048.46
14142,02/20/2023,1045,Health,West,3,126.13,0.15,Wallet,4,1.0,321.63
14143,08/27/2022,1266,Beauty,South,10,257.84,0.12,COD,1,1.0,2268.99
14144,06/27/2022,1892,Clothing,Central,6,583.15,0.15,Card,9,3.5,2974.06
14145,10/08/2022,1776,Beauty,East,10,437.91,0.11,Card,12,1.8,3897.4
14146,04/09/2022,1019,Electronics,West,10,388.97,0.07,Card,12,2.4,3617.42
14147,05/17/2022,1309,Toys,Central,2,339.81,0.24,Card,3,3.0,516.51
14148,11/30/2022,1276,Beauty,Central,10,262.95,0.28,Wallet,7,2.7,1893.24
14149,01/08/2023,1523,Toys,Central,4,310.72,0.16,Wallet,12,2.4,1044.02
14150,02/24/2023,1581,Toys,West,10,322.53,0.25,COD,5,1.7,2418.97
14151,11/26/2022,1132,Toys,South,6,141.29,0.22,COD,9,4.2,661.24
14152,01/31/2023,1842,Health,North,5,435.84,0.13,COD,10,4.7,1895.9
14153,12/07/2022,1238,Beauty,Central,3,486.58,0.08,Wallet,1,3.0,1342.96
14154,02/09/2023,1195,Home,North,10,392.55,0.26,Card,7,2.8,2904.87
14155,11/09/2022,1737,Health,South,1,66.91,0.17,COD,3,1.4,55.54
14156,06/29/2022,1589,Toys,Central,6,453.6,0.03,COD,10,4.0,2639.95
14157,05/24/2022,1872,Home,South,5,55.44,0.28,Card,8,4.3,199.58
14158,03/23/2023,1486,Health,North,10,199.24,0.29,Wallet,6,3.4,1414.6
14159,03/25/2023,1073,Clothing,West,10,532.54,0.12,COD,11,1.6,4686.35
14160,12/31/2022,1000,Health,South,4,568.75,0.03,COD,12,2.5,2206.75
14161,06/21/2022,1280,Health,South,5,541.17,0.16,Wallet,8,4.2,2272.91
14162,04/01/2022,1250,Beauty,West,1,10.94,0.32,Wallet,11,2.3,7.44
14163,01/01/2023,1247,Health,West,10,154.94,0.19,Wallet,8,1.0,1255.01
14164,08/12/2022,1078,Toys,South,10,51.21,0.03,COD,5,1.8,496.74
14165,12/30/2022,1175,Health,East,10,452.11,0.07,Card,11,2.3,4204.62
14166,05/27/2022,1331,Home,West,8,169.27,0.21,Wallet,9,3.9,1069.79
14167,02/07/2022,1960,Health,West,10,118.64,0.3,Card,8,4.2,830.48
14168,12/16/2022,1181,Toys,North,3,373.66,0.3,Wallet,5,1.8,784.69
14169,02/01/2023,1014,Clothing,North,7,579.13,0.1,Card,10,4.1,3648.52
14170,10/26/2022,2000,Toys,West,7,251.11,0.05,Wallet,6,1.6,1669.88
14171,12/16/2022,1852,Home,South,5,32.34,0.14,Wallet,1,3.8,139.06
14172,09/16/2022,1259,Health,North,9,182.56,0.06,Wallet,1,1.7,1544.46
14173,04/07/2022,1487,Home,North,7,203.74,0.35,COD,1,3.9,927.02
14174,07/25/2022,1318,Home,North,9,510.97,0.17,Card,9,2.2,3816.95
14175,12/28/2022,1603,Beauty,South,4,501.28,0.23,Card,7,4.0,1543.94
14176,04/22/2022,1630,Toys,Central,4,497.86,0.23,Wallet,1,3.3,1533.41
14177,05/17/2022,1734,Health,East,6,351.12,0.13,Card,10,1.6,1832.85
14178,11/06/2022,1407,Electronics,East,9,189.47,0.04,COD,10,3.8,1637.02
14179,01/04/2023,1196,Beauty,Central,2,484.31,0.26,Wallet,7,3.9,716.78
14180,05/06/2022,1393,Health,East,8,205.35,0.19,Card,10,4.7,1330.67
14181,04/16/2022,1946,Clothing,West,2,280.08,0.16,COD,3,2.8,470.53
14182,06/11/2022,1965,Clothing,South,7,150.13,0.25,Wallet,6,4.2,788.18
14183,03/18/2023,1900,Toys,North,4,116.45,0.07,Wallet,10,3.6,433.19
14184,09/04/2022,1746,Clothing,South,9,573.31,0.05,COD,8,4.8,4901.8
14185,03/02/2022,1747,Clothing,East,10,212.29,0.07,Wallet,6,2.6,1974.3
14186,03/07/2022,1019,Electronics,Central,1,178.73,0.06,COD,5,4.0,168.01
14187,12/12/2022,1521,Toys,West,7,14.45,0.33,COD,7,3.9,67.77
14188,09/01/2022,1121,Home,West,1,436.89,0.29,Card,2,4.4,310.19
14189,07/26/2022,1576,Toys,East,4,594.93,0.08,COD,5,3.8,2189.34
14190,07/15/2022,1176,Beauty,East,5,99.5,0.14,Card,9,2.1,427.85
14191,03/21/2022,1679,Beauty,Central,3,546.31,0.24,Card,7,3.4,1245.59
14192,05/09/2023,1356,Home,East,1,310.45,0.35,Wallet,2,3.8,201.79
14193,08/06/2022,1607,Electronics,North,6,406.82,0.23,Wallet,1,1.5,1879.51
14194,04/09/2023,1390,Electronics,Central,4,591.13,0.28,COD,2,1.0,1702.45
14195,06/03/2022,1043,Toys,West,9,362.61,0.15,Wallet,10,2.4,2773.97
14196,09/22/2022,1856,Toys,Central,9,551.81,0.28,Card,7,4.9,3575.73
14197,07/20/2022,1538,Beauty,South,6,515.13,0.34,COD,6,2.2,2039.91
14198,04/08/2022,1625,Toys,West,2,429.54,0.22,Wallet,1,3.1,670.08
14199,05/09/2023,1464,Health,South,5,256.44,0.21,Wallet,12,2.8,1012.94
14200,02/22/2023,1648,Home,West,6,289.87,0.24,Card,5,2.2,1321.81
14201,03/16/2023,1406,Clothing,Central,9,291.04,0.17,Card,6,3.4,2174.07
14202,06/06/2022,1469,Health,East,4,229.24,0.13,COD,7,3.2,797.76
14203,01/30/2022,1052,Clothing,Central,5,305.73,0.23,Card,4,4.1,1177.06
14204,07/12/2022,1907,Health,West,9,87.42,0.25,Wallet,4,2.0,590.09
14205,07/15/2022,1637,Home,East,3,68.55,0.32,Wallet,4,4.3,139.84
14206,08/21/2022,1963,Electronics,South,1,97.04,0.05,Wallet,2,4.1,92.19
14207,06/29/2022,1114,Home,Central,9,221.18,0.03,Card,2,4.0,1930.9
14208,03/17/2022,1865,Toys,South,4,192.61,0.28,Card,8,4.7,554.72
14209,01/24/2022,1405,Toys,Central,7,338.03,0.08,COD,9,4.3,2176.91
14210,11/11/2022,1347,Toys,West,2,381.42,0.1,COD,9,2.4,686.56
14211,09/13/2022,1038,Toys,Central,8,528.36,0.13,COD,11,4.5,3677.39
14212,02/06/2022,1850,Home,North,1,462.69,0.3,Wallet,4,3.8,323.88
14213,03/18/2022,1399,Electronics,West,7,409.5,0.04,Wallet,6,2.8,2751.84
14214,07/11/2022,1847,Clothing,East,3,189.26,0.25,Wallet,4,3.9,425.83
14215,01/28/2022,1540,Clothing,East,7,298.72,0.1,COD,4,2.0,1881.94
14216,03/14/2023,1826,Electronics,North,2,453.38,0.31,Card,6,2.7,625.66
14217,10/06/2022,1504,Health,South,3,515.1,0.12,COD,1,4.0,1359.86
14218,08/17/2022,1992,Home,North,3,222.08,0.2,Wallet,12,3.7,532.99
14219,09/27/2022,1915,Beauty,West,8,189.23,0.19,COD,8,3.4,1226.21
14220,01/21/2022,1750,Clothing,Central,1,353.84,0.14,Wallet,6,3.8,304.3
14221,06/07/2022,1764,Electronics,Central,6,155.53,0.33,COD,12,2.3,625.23
14222,06/06/2022,1014,Toys,West,7,159.56,0.29,Wallet,5,1.9,793.01
14223,05/02/2023,1251,Home,Central,8,565.38,0.34,COD,8,2.0,2985.21
14224,10/13/2022,1185,Clothing,North,8,495.49,0.23,Wallet,5,4.2,3052.22
14225,03/18/2022,1821,Electronics,Central,8,214.31,0.28,Card,7,4.7,1234.43
14226,08/08/2022,1557,Toys,West,8,250.91,0.06,Card,1,3.5,1886.84
14227,12/15/2022,1515,Electronics,West,2,441.62,0.12,Wallet,11,4.3,777.25
14228,08/22/2022,1111,Health,East,1,237.73,0.16,COD,11,3.6,199.69
14229,06/20/2022,1506,Clothing,East,5,457.11,0.2,COD,1,4.9,1828.44
14230,01/30/2023,1058,Beauty,South,3,205.16,0.06,Card,3,3.7,578.55
14231,04/13/2022,1674,Home,North,8,319.16,0.17,Card,11,3.9,2119.22
14232,01/22/2022,1765,Health,Central,9,185.72,0.29,COD,8,2.4,1186.75
14233,03/14/2023,1088,Toys,West,4,557.21,0.18,Card,2,4.6,1827.65
14234,02/08/2022,1972,Home,North,7,584.52,0.08,COD,5,5.0,3764.31
14235,10/26/2022,1324,Toys,South,2,200.54,0.22,Wallet,10,1.9,312.84
14236,02/28/2022,1426,Electronics,East,9,493.47,0.16,COD,11,2.8,3730.63
14237,06/15/2022,1556,Toys,Central,3,34.63,0.18,Wallet,1,3.5,85.19
14238,03/17/2023,1035,Toys,South,7,588.39,0.32,COD,4,2.2,2800.74
14239,04/17/2023,1307,Toys,South,4,353.09,0.13,COD,12,2.3,1228.75
14240,05/23/2022,1551,Beauty,South,9,344.17,0.2,Card,8,1.8,2478.02
14241,01/24/2022,1616,Toys,North,10,290.79,0.31,Card,12,4.1,2006.45
14242,09/02/2022,1283,Toys,West,1,322.72,0.14,Wallet,9,4.8,277.54
14243,09/27/2022,1697,Clothing,Central,3,544.04,0.18,Card,5,3.3,1338.34
14244,02/26/2022,1804,Home,East,3,50.21,0.08,Card,9,4.1,138.58
14245,11/21/2022,1151,Electronics,South,1,243.96,0.12,Card,12,4.3,214.68
14246,02/12/2022,1656,Toys,South,6,302.07,0.32,Card,3,4.1,1232.45
14247,04/03/2022,1247,Beauty,Central,3,589.48,0.08,Card,5,1.2,1626.96
14248,09/04/2022,1633,Home,North,2,56.41,0.01,Card,9,2.9,111.69
14249,05/06/2022,1865,Clothing,North,2,559.0,0.14,COD,11,3.4,961.48
14250,01/01/2022,1967,Toys,East,2,350.29,0.14,COD,12,3.6,602.5
14251,10/15/2022,1035,Electronics,East,5,123.35,0.02,Wallet,4,4.6,604.41
14252,04/10/2023,1192,Electronics,West,2,388.35,0.09,Card,4,3.0,706.8
14253,06/28/2022,1298,Toys,West,7,81.02,0.35,COD,3,2.9,368.64
14254,04/11/2022,1327,Beauty,West,8,172.86,0.29,COD,3,4.3,981.84
14255,11/02/2022,1223,Home,North,2,476.42,0.07,Wallet,9,2.8,886.14
14256,01/01/2023,1191,Health,West,4,524.35,0.3,COD,7,1.0,1468.18
14257,04/13/2023,1683,Health,East,8,74.67,0.32,Wallet,6,2.5,406.2
14258,11/27/2022,1377,Clothing,South,5,234.28,0.14,COD,8,1.5,1007.4
14259,09/06/2022,1236,Toys,North,9,134.83,0.34,Card,1,3.5,800.89
14260,11/21/2022,1670,Toys,Central,7,365.24,0.06,Wallet,10,3.5,2403.28
14261,06/19/2022,1009,Home,South,10,87.33,0.06,COD,8,3.8,820.9
14262,08/18/2022,1132,Clothing,Central,9,358.64,0.04,Wallet,11,3.2,3098.65
14263,03/25/2023,1407,Beauty,East,2,579.14,0.02,COD,1,2.7,1135.11
14264,06/24/2022,1894,Health,South,9,105.99,0.3,COD,9,1.7,667.74
14265,07/09/2022,1744,Home,West,5,405.2,0.19,COD,3,4.6,1641.06
14266,02/18/2023,1298,Electronics,Central,2,315.91,0.31,Card,3,4.3,435.96
14267,03/12/2023,1796,Electronics,South,2,37.73,0.06,COD,3,3.0,70.93
14268,09/03/2022,1654,Electronics,West,7,458.46,0.15,Card,8,2.3,2727.84
14269,06/01/2022,1778,Clothing,West,8,263.97,0.17,Wallet,12,3.8,1752.76
14270,05/14/2023,1316,Toys,East,2,344.13,0.34,Card,9,2.8,454.25
14271,10/16/2022,1079,Clothing,East,5,363.97,0.15,Card,4,3.5,1546.87
14272,02/25/2023,1482,Clothing,South,2,11.66,0.15,COD,1,1.8,19.82
14273,11/06/2022,1963,Beauty,Central,8,482.32,0.25,Card,3,2.8,2893.92
14274,04/11/2022,1937,Home,North,2,298.13,0.26,COD,11,2.1,441.23
14275,08/21/2022,1428,Home,North,8,75.18,0.35,Card,9,3.0,390.94
14276,12/18/2022,1977,Home,Central,2,54.16,0.28,Card,7,4.0,77.99
14277,02/01/2023,1166,Beauty,East,1,394.06,0.1,Wallet,12,2.1,354.65
14278,08/12/2022,1445,Beauty,West,2,335.33,0.2,Card,5,2.7,536.53
14279,02/23/2023,1683,Electronics,Central,8,199.39,0.25,COD,3,3.3,1196.34
14280,05/09/2022,1635,Health,North,9,32.12,0.19,Wallet,1,2.6,234.15
14281,05/03/2022,1817,Electronics,East,8,537.74,0.25,Wallet,9,1.1,3226.44
14282,06/23/2022,1379,Electronics,West,3,224.25,0.34,Wallet,7,1.0,444.01
14283,11/24/2022,1007,Electronics,Central,3,333.02,0.04,Wallet,5,3.0,959.1
14284,03/22/2022,1804,Health,North,1,395.9,0.13,Card,3,3.0,344.43
14285,03/25/2023,1804,Toys,Central,6,191.15,0.02,Card,8,4.1,1123.96
14286,04/08/2022,1740,Beauty,West,9,278.46,0.3,COD,6,2.0,1754.3
14287,09/18/2022,1786,Health,Central,8,205.04,0.32,COD,1,2.8,1115.42
14288,01/07/2023,1771,Toys,North,3,265.67,0.23,Wallet,9,4.2,613.7
14289,10/01/2022,1645,Electronics,East,9,106.51,0.11,COD,10,4.9,853.15
14290,04/02/2022,1982,Health,North,9,44.53,0.17,Card,6,4.9,332.64
14291,01/11/2022,1834,Health,East,4,171.83,0.13,Card,11,4.2,597.97
14292,05/20/2022,1510,Toys,West,1,476.39,0.34,Wallet,4,3.4,314.42
14293,05/25/2022,1997,Electronics,West,9,533.32,0.21,Wallet,2,4.9,3791.91
14294,05/10/2022,1195,Beauty,Central,10,587.28,0.19,Card,11,3.3,4756.97
14295,05/22/2022,1943,Clothing,North,3,361.72,0.24,COD,3,3.8,824.72
14296,10/03/2022,1682,Home,Central,9,251.13,0.23,Wallet,9,4.8,1740.33
14297,07/30/2022,1330,Electronics,North,4,415.61,0.25,Wallet,10,1.7,1246.83
14298,09/04/2022,1677,Home,South,9,339.83,0.04,COD,3,1.1,2936.13
14299,12/13/2022,1723,Electronics,Central,2,119.94,0.28,COD,7,2.5,172.71
14300,07/20/2022,1443,Electronics,West,3,587.64,0.34,COD,2,3.0,1163.53
14301,05/06/2023,1332,Toys,East,8,541.37,0.3,Card,11,3.2,3031.67
14302,03/25/2022,1952,Toys,South,9,412.8,0.16,Wallet,9,2.8,3120.77
14303,08/26/2022,1959,Health,West,7,580.02,0.05,COD,5,1.6,3857.13
14304,12/31/2022,1092,Electronics,North,2,400.7,0.24,Card,5,2.5,609.06
14305,01/15/2023,1463,Health,East,3,396.25,0.26,COD,5,3.4,879.67
14306,04/26/2023,1452,Clothing,North,6,142.76,0.31,Card,6,1.5,591.03
14307,04/23/2022,1131,Electronics,Central,1,326.14,0.04,Wallet,3,1.3,313.09
14308,05/05/2023,1087,Electronics,Central,8,429.56,0.15,Wallet,8,3.2,2921.01
14309,07/10/2022,1795,Beauty,East,6,88.0,0.25,COD,5,4.2,396.0
14310,11/14/2022,1283,Electronics,West,7,255.98,0.12,COD,10,4.6,1576.84
14311,07/13/2022,1424,Health,South,7,45.24,0.11,Card,6,4.4,281.85
14312,04/13/2023,1326,Home,Central,4,358.78,0.17,Card,5,4.7,1191.15
14313,10/01/2022,1409,Toys,North,4,255.0,0.32,Wallet,11,1.5,693.6
14314,03/21/2023,1928,Health,South,7,357.3,0.22,Card,11,2.7,1950.86
14315,04/25/2022,1105,Electronics,North,4,352.33,0.22,Card,7,3.4,1099.27
14316,11/12/2022,1970,Toys,East,5,64.86,0.2,Wallet,4,2.3,259.44
14317,09/15/2022,1014,Toys,South,2,94.14,0.03,Card,11,3.8,182.63
14318,06/24/2022,1923,Home,South,2,39.75,0.02,COD,12,3.9,77.91
14319,04/15/2023,1132,Health,North,3,500.55,0.28,Wallet,4,3.5,1081.19
14320,11/19/2022,1605,Toys,East,1,227.89,0.05,Card,4,3.5,216.5
14321,04/14/2022,1314,Electronics,North,4,493.76,0.06,Card,7,1.0,1856.54
14322,12/20/2022,1601,Beauty,Central,3,339.28,0.27,Card,5,4.9,743.02
14323,11/05/2022,1615,Clothing,South,6,106.66,0.16,COD,10,2.4,537.57
14324,02/23/2023,1187,Health,East,2,434.34,0.24,Card,6,3.3,660.2
14325,06/23/2022,1975,Beauty,East,4,298.69,0.08,COD,2,2.4,1099.18
14326,04/24/2022,1041,Electronics,South,8,329.44,0.19,Card,2,2.7,2134.77
14327,10/19/2022,1001,Beauty,East,10,275.66,0.33,Card,5,1.3,1846.92
14328,02/09/2023,1225,Toys,East,4,83.33,0.18,COD,5,1.5,273.32
14329,07/31/2022,1974,Health,Central,4,246.59,0.19,COD,8,3.7,798.95
14330,07/18/2022,1377,Health,East,4,471.79,0.25,Wallet,6,1.2,1415.37
14331,02/02/2023,1696,Home,East,7,318.74,0.33,Wallet,8,3.0,1494.89
14332,02/22/2023,1047,Electronics,Central,7,239.08,0.06,Card,2,1.2,1573.15
14333,01/25/2022,1881,Health,South,2,440.22,0.33,Wallet,7,1.3,589.89
14334,05/05/2022,1122,Toys,West,6,148.27,0.09,Card,10,2.6,809.55
14335,09/09/2022,1075,Home,West,10,79.25,0.13,COD,11,4.0,689.48
14336,07/04/2022,1104,Electronics,Central,9,389.06,0.32,Wallet,10,2.6,2381.05
14337,05/22/2022,1185,Clothing,East,7,175.55,0.28,COD,4,1.0,884.77
14338,05/30/2022,1784,Clothing,West,7,589.3,0.2,Wallet,11,2.0,3300.08
14339,01/31/2023,1256,Beauty,Central,5,171.45,0.15,Card,12,4.5,728.66
14340,07/30/2022,1100,Home,Central,9,278.55,0.12,Wallet,7,4.2,2206.12
14341,04/29/2023,1065,Electronics,South,4,173.78,0.16,COD,2,3.0,583.9
14342,05/23/2022,1119,Health,South,7,564.69,0.32,Wallet,3,4.7,2687.92
14343,04/01/2023,1521,Health,North,9,598.17,0.32,COD,12,2.6,3660.8
14344,04/03/2022,1075,Toys,West,8,233.48,0.25,COD,11,4.5,1400.88
14345,10/03/2022,1968,Clothing,South,9,521.89,0.05,Card,12,3.8,4462.16
14346,05/13/2023,1495,Electronics,Central,10,472.12,0.11,COD,6,2.7,4201.87
14347,12/24/2022,1739,Toys,Central,7,531.97,0.28,Card,10,4.6,2681.13
14348,01/07/2023,1882,Beauty,South,9,560.64,0.1,Wallet,1,1.2,4541.18
14349,04/09/2022,1567,Beauty,South,10,278.81,0.05,Wallet,5,3.4,2648.69
14350,09/02/2022,1494,Clothing,West,7,91.16,0.09,COD,11,4.4,580.69
14351,06/14/2022,1950,Toys,South,10,267.91,0.27,Wallet,10,2.5,1955.74
14352,04/19/2023,1778,Clothing,North,6,545.22,0.33,Card,8,4.4,2191.78
14353,01/27/2023,1760,Clothing,Central,6,498.61,0.21,Wallet,12,2.6,2363.41
14354,02/09/2022,1840,Beauty,East,8,369.96,0.11,Card,3,4.9,2634.12
14355,05/05/2023,1383,Health,South,10,341.02,0.11,COD,1,1.5,3035.08
14356,03/17/2022,1617,Beauty,West,2,464.22,0.34,COD,8,3.6,612.77
14357,05/24/2022,1547,Home,Central,3,464.09,0.1,Wallet,1,3.3,1253.04
14358,09/07/2022,1730,Toys,East,1,270.51,0.13,COD,7,1.2,235.34
14359,09/10/2022,1720,Clothing,Central,2,453.84,0.04,Wallet,10,4.8,871.37
14360,01/08/2023,1084,Clothing,West,10,336.89,0.26,COD,10,1.7,2492.99
14361,04/23/2022,1146,Home,West,2,237.13,0.03,COD,3,2.3,460.03
14362,08/15/2022,1737,Clothing,West,2,453.74,0.17,COD,11,2.8,753.21
14363,01/09/2022,1608,Beauty,East,7,241.39,0.11,COD,2,2.6,1503.86
14364,07/23/2022,1815,Toys,North,10,20.65,0.05,COD,12,4.7,196.17
14365,05/06/2022,1122,Health,West,9,305.82,0.26,Wallet,9,3.2,2036.76
14366,03/22/2023,1652,Beauty,East,1,594.82,0.33,Wallet,8,1.6,398.53
14367,12/13/2022,1246,Home,West,2,259.63,0.33,COD,4,4.5,347.9
14368,11/17/2022,1847,Health,Central,6,423.0,0.17,Wallet,1,3.9,2106.54
14369,09/10/2022,1712,Toys,East,9,411.55,0.13,Wallet,7,1.8,3222.44
14370,02/13/2023,1870,Clothing,East,9,378.24,0.09,Card,2,4.9,3097.79
14371,01/02/2022,1431,Health,South,9,200.07,0.21,Wallet,2,4.5,1422.5
14372,09/10/2022,1369,Health,North,9,528.61,0.04,Card,8,3.7,4567.19
14373,04/20/2022,1409,Electronics,South,7,196.7,0.13,COD,4,2.2,1197.9
14374,05/14/2022,1929,Toys,East,5,105.17,0.32,COD,10,3.3,357.58
14375,08/09/2022,1387,Clothing,North,6,445.42,0.26,Card,2,1.8,1977.66
14376,08/03/2022,1615,Health,North,1,571.0,0.2,Wallet,8,4.7,456.8
14377,03/14/2022,1206,Home,West,10,171.54,0.26,Card,1,4.3,1269.4
14378,04/01/2022,1861,Health,North,3,558.13,0.31,COD,3,2.3,1155.33
14379,06/01/2022,1149,Electronics,East,9,119.95,0.23,Card,12,3.1,831.25
14380,03/10/2023,1078,Electronics,West,6,451.36,0.11,COD,3,2.5,2410.26
14381,01/02/2023,1714,Health,South,3,387.89,0.26,Wallet,6,4.1,861.12
14382,02/01/2022,1527,Home,Central,9,334.61,0.19,COD,6,2.7,2439.31
14383,08/10/2022,1540,Beauty,South,2,255.66,0.14,Card,3,1.2,439.74
14384,11/03/2022,1171,Clothing,North,7,97.87,0.16,Card,3,3.5,575.48
14385,01/04/2022,1850,Beauty,Central,8,590.99,0.12,Card,4,1.9,4160.57
14386,01/12/2022,1852,Health,North,9,417.37,0.1,Wallet,1,1.9,3380.7
14387,02/06/2023,1168,Electronics,East,5,302.42,0.19,Card,1,2.5,1224.8
14388,04/26/2023,1757,Health,West,4,598.12,0.06,Wallet,12,2.1,2248.93
14389,10/24/2022,1022,Home,Central,9,495.54,0.28,COD,1,4.7,3211.1
14390,02/21/2023,1581,Electronics,North,10,506.07,0.13,COD,3,3.6,4402.81
14391,03/06/2022,1903,Clothing,South,8,341.93,0.02,Wallet,3,5.0,2680.73
14392,09/16/2022,1507,Home,South,8,262.67,0.19,COD,7,3.6,1702.1
14393,10/20/2022,1886,Home,East,5,130.74,0.07,Card,12,3.6,607.94
14394,03/19/2023,1406,Electronics,Central,9,471.68,0.12,Card,9,4.1,3735.71
14395,04/30/2022,1089,Electronics,Central,9,103.12,0.13,Wallet,9,1.4,807.43
14396,06/04/2022,1713,Health,Central,8,208.85,0.35,Wallet,4,3.8,1086.02
14397,07/24/2022,1093,Electronics,North,2,164.99,0.26,Card,8,5.0,244.19
14398,12/18/2022,1673,Toys,Central,3,289.08,0.05,COD,12,4.8,823.88
14399,09/27/2022,1727,Home,East,9,81.99,0.09,Card,5,1.4,671.5
14400,03/03/2023,1928,Beauty,West,3,201.75,0.22,Wallet,12,3.1,472.1
14401,04/03/2022,1005,Beauty,East,6,136.59,0.2,Wallet,2,2.0,655.63
14402,04/24/2023,1692,Beauty,South,2,400.9,0.15,Card,8,2.3,681.53
14403,05/14/2023,1231,Clothing,East,2,36.55,0.16,Wallet,3,3.3,61.4
14404,09/08/2022,1377,Health,South,2,381.08,0.24,COD,1,3.5,579.24
14405,10/17/2022,1391,Home,North,5,383.72,0.19,COD,5,1.8,1554.07
14406,03/30/2022,1023,Toys,West,8,179.23,0.22,COD,1,1.0,1118.4
14407,09/17/2022,1486,Clothing,South,3,400.66,0.16,Wallet,3,1.2,1009.66
14408,04/13/2022,1593,Beauty,South,1,521.22,0.16,Wallet,7,3.1,437.82
14409,11/23/2022,1476,Health,South,8,156.66,0.24,Wallet,12,1.2,952.49
14410,03/10/2023,1441,Health,North,2,231.15,0.29,Wallet,2,1.3,328.23
14411,03/20/2022,1519,Health,North,10,256.45,0.32,Card,5,3.6,1743.86
14412,01/31/2023,1441,Toys,North,9,399.13,0.33,Card,4,4.8,2406.75
14413,02/09/2022,1591,Clothing,South,9,224.58,0.28,COD,4,4.1,1455.28
14414,02/25/2023,1211,Beauty,East,7,117.09,0.1,COD,11,2.4,737.67
14415,06/11/2022,1042,Electronics,West,7,262.52,0.27,Card,9,2.0,1341.48
14416,09/01/2022,1790,Health,South,7,40.55,0.32,Card,2,3.8,193.02
14417,07/04/2022,1489,Home,Central,4,513.58,0.24,COD,1,4.8,1561.28
14418,09/16/2022,1046,Beauty,South,9,187.9,0.14,Card,8,1.5,1454.35
14419,10/10/2022,1302,Health,North,9,562.87,0.11,Wallet,9,1.9,4508.59
14420,01/03/2023,1132,Beauty,West,4,311.68,0.11,Card,1,2.1,1109.58
14421,01/01/2022,1160,Clothing,East,4,202.66,0.06,Wallet,3,4.5,762.0
14422,05/21/2022,1424,Health,South,10,65.03,0.33,COD,11,4.2,435.7
14423,03/30/2023,1739,Beauty,North,5,318.19,0.34,COD,7,1.8,1050.03
14424,09/10/2022,1244,Beauty,South,4,85.05,0.25,COD,2,1.5,255.15
14425,10/22/2022,1664,Home,East,4,29.17,0.17,Wallet,10,1.7,96.84
14426,01/31/2023,1994,Health,North,9,340.32,0.31,COD,8,4.5,2113.39
14427,01/08/2022,1724,Home,West,10,558.06,0.05,COD,7,3.5,5301.57
14428,10/20/2022,1642,Electronics,East,10,305.63,0.19,COD,11,2.8,2475.6
14429,01/07/2023,1024,Clothing,West,9,378.97,0.07,COD,9,1.3,3171.98
14430,02/04/2023,1655,Clothing,West,9,223.69,0.3,Card,8,2.6,1409.25
14431,01/29/2022,1700,Health,South,10,358.27,0.33,COD,12,3.1,2400.41
14432,12/10/2022,1059,Beauty,North,10,152.84,0.27,COD,2,1.5,1115.73
14433,02/08/2023,1211,Home,South,9,501.56,0.06,Wallet,4,2.5,4243.2
14434,04/20/2022,1283,Beauty,South,9,335.51,0.06,Wallet,2,4.2,2838.41
14435,04/07/2022,1996,Electronics,West,5,267.85,0.04,Wallet,10,4.4,1285.68
14436,11/13/2022,1168,Beauty,Central,3,281.9,0.17,Wallet,9,4.8,701.93
14437,12/28/2022,1200,Health,West,1,126.38,0.2,COD,2,4.9,101.1
14438,02/16/2022,1952,Home,Central,1,483.56,0.25,COD,11,3.9,362.67
14439,06/07/2022,1150,Electronics,North,7,459.51,0.32,Card,4,3.1,2187.27
14440,02/16/2023,1290,Toys,West,10,545.09,0.05,Card,2,3.7,5178.36
14441,02/12/2023,1133,Electronics,Central,5,566.98,0.31,Wallet,8,4.5,1956.08
14442,08/25/2022,1115,Clothing,South,3,213.98,0.34,COD,12,4.8,423.68
14443,05/07/2023,1476,Clothing,East,2,403.07,0.13,COD,11,2.6,701.34
14444,04/14/2023,1193,Electronics,West,1,327.69,0.02,Wallet,6,2.1,321.14
14445,04/21/2022,1083,Health,East,4,494.13,0.13,Card,10,2.3,1719.57
14446,12/15/2022,1798,Health,East,5,162.73,0.03,Card,5,4.0,789.24
14447,01/22/2023,1523,Toys,South,6,460.92,0.07,Card,7,2.8,2571.93
14448,02/23/2022,1207,Health,Central,1,581.36,0.1,Wallet,8,4.8,523.22
14449,02/21/2022,1575,Beauty,North,8,547.66,0.2,Card,1,3.9,3505.02
14450,01/26/2022,1555,Home,Central,3,567.66,0.28,Card,4,4.1,1226.15
14451,07/18/2022,1850,Toys,North,3,75.91,0.33,Wallet,4,2.8,152.58
14452,03/01/2023,1559,Health,Central,7,207.69,0.33,COD,8,2.8,974.07
14453,03/15/2023,1537,Electronics,South,2,338.43,0.16,Card,9,4.0,568.56
14454,07/20/2022,1600,Health,Central,10,37.95,0.18,Card,7,1.1,311.19
14455,03/12/2022,1605,Electronics,East,5,14.13,0.14,Wallet,5,2.3,60.76
14456,01/23/2023,1032,Clothing,North,9,136.22,0.04,Card,9,2.9,1176.94
14457,01/23/2023,1028,Home,North,4,53.72,0.3,Card,5,3.5,150.42
14458,03/05/2022,1867,Health,North,6,592.89,0.06,COD,12,2.4,3343.9
14459,02/09/2023,1324,Electronics,North,6,292.99,0.18,Card,12,3.7,1441.51
14460,05/16/2022,1786,Electronics,North,1,174.98,0.1,Wallet,2,2.8,157.48
14461,05/02/2023,1252,Beauty,West,4,208.21,0.05,Wallet,1,4.5,791.2
14462,05/12/2022,1854,Beauty,West,9,336.36,0.22,COD,6,3.4,2361.25
14463,02/28/2023,1709,Health,Central,8,54.02,0.21,Card,8,4.6,341.41
14464,10/16/2022,1293,Electronics,West,4,390.89,0.08,Wallet,10,2.4,1438.48
14465,02/21/2023,1886,Electronics,Central,6,212.72,0.19,Wallet,3,1.7,1033.82
14466,05/08/2022,1077,Electronics,Central,7,221.08,0.2,Wallet,9,1.6,1238.05
14467,12/20/2022,1254,Electronics,Central,2,27.44,0.14,COD,10,1.4,47.2
14468,11/09/2022,1782,Home,Central,1,382.71,0.29,Wallet,3,2.4,271.72
14469,06/06/2022,1495,Electronics,Central,4,89.3,0.21,Card,7,3.1,282.19
14470,04/23/2023,1951,Home,East,4,553.35,0.02,Wallet,5,3.9,2169.13
14471,08/13/2022,1168,Home,West,10,569.86,0.18,Wallet,1,4.3,4672.85
14472,07/03/2022,1646,Clothing,East,1,53.03,0.01,Wallet,1,4.8,52.5
14473,03/20/2023,1022,Home,North,6,399.0,0.3,Card,10,3.2,1675.8
14474,01/19/2023,1324,Home,West,7,453.91,0.02,Card,6,3.1,3113.82
14475,09/21/2022,1487,Home,South,9,585.3,0.12,Wallet,8,1.4,4635.58
14476,11/29/2022,1853,Home,South,1,223.08,0.23,Card,4,4.0,171.77
14477,04/07/2022,1774,Health,Central,3,497.26,0.3,Card,12,2.3,1044.25
14478,02/12/2022,1137,Health,East,3,32.97,0.2,COD,11,1.5,79.13
14479,12/06/2022,1091,Toys,Central,7,513.2,0.22,Card,8,2.2,2802.07
14480,04/28/2023,1989,Toys,South,6,436.48,0.06,Wallet,3,3.8,2461.75
14481,01/16/2022,1608,Clothing,East,7,327.99,0.33,Wallet,6,3.8,1538.27
14482,11/25/2022,1901,Beauty,West,9,452.12,0.02,Wallet,9,3.3,3987.7
14483,04/29/2022,1627,Electronics,Central,8,395.68,0.03,COD,4,3.6,3070.48
14484,04/04/2023,1106,Clothing,Central,10,558.41,0.21,Wallet,9,1.4,4411.44
14485,09/26/2022,1445,Home,South,8,59.76,0.03,COD,11,3.6,463.74
14486,01/04/2023,1899,Toys,Central,3,421.83,0.31,Card,5,4.0,873.19
14487,04/02/2022,1744,Home,East,10,438.73,0.19,COD,11,1.1,3553.71
14488,04/24/2023,1320,Beauty,West,6,555.78,0.21,Wallet,7,3.1,2634.4
14489,12/13/2022,1678,Electronics,South,3,68.21,0.05,COD,3,4.8,194.4
14490,07/19/2022,1728,Health,East,9,164.64,0.23,Wallet,1,1.7,1140.96
14491,04/14/2023,1306,Health,South,1,466.11,0.06,COD,11,1.4,438.14
14492,05/15/2023,1829,Electronics,East,3,201.69,0.1,COD,11,1.8,544.56
14493,01/20/2023,1919,Clothing,South,2,457.88,0.17,Wallet,5,5.0,760.08
14494,10/15/2022,1704,Clothing,Central,9,113.48,0.07,COD,11,1.3,949.83
14495,08/06/2022,1857,Toys,North,6,105.84,0.26,Card,6,3.0,469.93
14496,02/07/2023,1198,Toys,South,8,42.9,0.17,Card,11,1.9,284.86
14497,06/17/2022,1764,Toys,West,7,260.37,0.13,Wallet,4,2.7,1585.65
14498,04/24/2022,1993,Health,West,4,40.44,0.27,Card,8,4.7,118.08
14499,03/19/2022,1343,Home,East,8,248.57,0.33,Card,10,2.7,1332.34
14500,05/14/2023,1642,Beauty,East,7,513.31,0.1,Card,3,1.4,3233.85
14501,06/30/2022,1598,Clothing,East,2,455.46,0.02,Card,7,5.0,892.7
14502,01/14/2023,1681,Health,East,7,589.95,0.32,COD,11,2.6,2808.16
14503,10/20/2022,1522,Electronics,East,3,17.73,0.04,Wallet,2,3.1,51.06
14504,04/08/2023,1694,Toys,East,7,269.37,0.26,Wallet,9,3.5,1395.34
14505,07/26/2022,1738,Home,East,8,456.97,0.27,Card,7,5.0,2668.7
14506,02/13/2023,1405,Health,West,2,200.05,0.26,COD,3,1.5,296.07
14507,11/28/2022,1552,Toys,Central,4,426.8,0.06,COD,4,2.1,1604.77
14508,07/13/2022,1013,Home,East,2,372.0,0.25,Card,9,2.3,558.0
14509,03/10/2023,1657,Electronics,East,4,483.24,0.11,Wallet,8,4.7,1720.33
14510,01/13/2023,1998,Health,South,3,397.99,0.26,Wallet,8,4.6,883.54
14511,10/26/2022,1663,Toys,East,1,199.64,0.18,Wallet,3,3.1,163.7
14512,04/07/2023,1909,Beauty,West,1,155.48,0.21,Card,9,3.3,122.83
14513,09/13/2022,1841,Health,Central,6,292.29,0.03,Card,12,3.7,1701.13
14514,03/22/2023,1230,Clothing,South,1,40.48,0.29,Card,1,3.9,28.74
14515,11/08/2022,1758,Beauty,West,2,457.33,0.27,Wallet,9,2.5,667.7
14516,03/07/2023,1968,Health,North,10,80.41,0.18,Card,6,1.4,659.36
14517,05/09/2022,1289,Clothing,South,10,64.83,0.09,Wallet,9,2.9,589.95
14518,09/07/2022,1696,Home,Central,5,515.39,0.11,Wallet,12,3.5,2293.49
14519,05/18/2022,1757,Toys,Central,2,265.34,0.19,COD,12,1.7,429.85
14520,12/23/2022,1808,Beauty,South,5,462.49,0.2,Wallet,2,1.9,1849.96
14521,03/12/2022,1956,Clothing,South,9,294.5,0.08,COD,2,3.4,2438.46
14522,08/09/2022,1751,Health,East,2,101.08,0.21,Card,7,2.0,159.71
14523,04/02/2022,1082,Clothing,North,10,204.35,0.18,Wallet,3,4.8,1675.67
14524,11/05/2022,1312,Home,North,8,475.16,0.23,Card,8,4.1,2926.99
14525,06/19/2022,1936,Clothing,Central,7,554.88,0.3,Card,7,1.9,2718.91
14526,02/05/2023,1303,Home,South,6,85.39,0.26,Wallet,8,1.8,379.13
14527,03/13/2022,1578,Beauty,Central,4,218.1,0.2,COD,2,3.6,697.92
14528,11/24/2022,1287,Clothing,South,4,430.15,0.26,Wallet,8,5.0,1273.24
14529,09/01/2022,1515,Clothing,South,3,85.93,0.12,COD,12,3.9,226.86
14530,08/07/2022,1478,Home,East,4,339.28,0.33,Card,6,1.9,909.27
14531,03/10/2023,1835,Toys,East,8,439.35,0.17,Card,8,1.2,2917.28
14532,04/13/2023,1903,Clothing,East,4,85.06,0.16,Wallet,6,3.7,285.8
14533,03/07/2023,1137,Beauty,North,5,555.27,0.11,Wallet,3,1.7,2470.95
14534,01/18/2022,1008,Electronics,Central,10,172.56,0.19,Card,2,1.3,1397.74
14535,03/14/2023,1604,Electronics,Central,6,236.88,0.14,COD,5,1.1,1222.3
14536,07/16/2022,1812,Clothing,North,10,516.14,0.32,COD,9,2.8,3509.75
14537,04/07/2023,1764,Clothing,Central,9,65.29,0.29,Wallet,12,4.5,417.2
14538,12/19/2022,1372,Electronics,West,9,154.14,0.07,COD,7,4.6,1290.15
14539,02/17/2023,1244,Beauty,West,10,15.58,0.35,Card,12,4.9,101.27
14540,07/13/2022,1055,Clothing,East,5,235.09,0.09,Wallet,10,2.0,1069.66
14541,03/16/2023,1835,Toys,Central,9,155.66,0.11,Card,11,4.0,1246.84
14542,02/21/2022,1134,Beauty,North,8,200.41,0.11,COD,11,2.5,1426.92
14543,11/18/2022,1033,Health,Central,10,339.94,0.23,COD,9,2.0,2617.54
14544,04/14/2023,1247,Beauty,Central,10,599.87,0.09,Wallet,3,1.2,5458.82
14545,03/20/2023,1466,Electronics,South,3,278.12,0.1,Wallet,12,3.4,750.92
14546,04/04/2022,1774,Clothing,South,8,371.02,0.05,COD,2,4.7,2819.75
14547,07/26/2022,1057,Health,West,4,349.75,0.17,COD,8,5.0,1161.17
14548,07/14/2022,1282,Health,South,10,123.72,0.16,COD,10,4.0,1039.25
14549,01/22/2022,1672,Toys,East,1,235.11,0.25,COD,7,1.6,176.33
14550,05/19/2022,1456,Electronics,East,10,169.14,0.17,Wallet,6,1.4,1403.86
14551,12/30/2022,1950,Health,East,7,465.85,0.3,Card,12,3.3,2282.66
14552,07/02/2022,1154,Clothing,North,3,202.55,0.18,COD,1,3.9,498.27
14553,01/02/2022,1206,Clothing,Central,10,246.96,0.24,Wallet,1,1.2,1876.9
14554,06/25/2022,1742,Electronics,East,4,553.08,0.18,Card,8,1.8,1814.1
14555,03/06/2022,1994,Health,South,4,140.55,0.14,Card,7,1.7,483.49
14556,10/31/2022,1369,Beauty,North,7,280.24,0.2,Card,7,2.4,1569.34
14557,08/11/2022,1366,Electronics,Central,1,254.19,0.12,Card,7,4.9,223.69
14558,11/25/2022,1170,Home,North,7,562.12,0.15,Card,9,3.0,3344.61
14559,03/05/2023,1599,Electronics,North,10,200.36,0.31,Wallet,5,4.5,1382.48
14560,02/16/2023,1386,Clothing,North,7,361.67,0.19,COD,12,2.4,2050.67
14561,04/23/2023,1735,Home,West,7,23.8,0.28,Card,9,4.7,119.95
14562,10/28/2022,1637,Home,East,5,528.1,0.13,COD,9,4.3,2297.24
14563,03/16/2022,1930,Clothing,Central,8,266.48,0.01,COD,8,4.8,2110.52
14564,10/14/2022,1343,Clothing,Central,3,524.44,0.16,Card,5,4.9,1321.59
14565,09/13/2022,1984,Home,West,4,142.22,0.24,Card,6,2.7,432.35
14566,11/29/2022,1452,Clothing,South,5,105.3,0.21,Card,3,4.5,415.94
14567,10/23/2022,1367,Electronics,South,10,440.98,0.21,COD,10,2.0,3483.74
14568,01/17/2023,1286,Electronics,South,2,84.96,0.21,Card,5,4.0,134.24
14569,02/04/2022,1087,Home,North,3,240.51,0.31,Wallet,12,3.9,497.86
14570,01/30/2023,1575,Home,West,10,130.85,0.13,COD,3,1.5,1138.39
14571,09/12/2022,1701,Toys,West,2,314.46,0.18,COD,11,1.9,515.71
14572,08/29/2022,1649,Toys,South,3,569.85,0.1,COD,12,2.2,1538.6
14573,03/06/2022,1414,Toys,Central,5,142.46,0.25,COD,6,4.9,534.23
14574,01/29/2022,1012,Electronics,North,8,274.14,0.34,Wallet,6,3.8,1447.46
14575,05/03/2023,1881,Toys,West,5,159.72,0.34,Wallet,2,1.2,527.08
14576,06/23/2022,1942,Home,West,9,359.73,0.1,Wallet,1,4.7,2913.81
14577,11/18/2022,1150,Electronics,South,4,239.78,0.16,Wallet,1,1.5,805.66
14578,11/17/2022,1043,Beauty,North,9,426.43,0.11,Wallet,1,4.4,3415.7
14579,04/30/2023,1334,Toys,South,5,79.92,0.31,COD,8,5.0,275.72
14580,02/03/2023,1834,Clothing,East,10,546.11,0.15,COD,1,3.1,4641.94
14581,02/02/2023,1065,Health,West,5,405.82,0.3,COD,7,1.9,1420.37
14582,02/02/2023,1883,Clothing,North,9,96.76,0.12,Card,10,4.4,766.34
14583,05/12/2022,1604,Health,South,9,411.4,0.08,Wallet,2,3.9,3406.39
14584,11/01/2022,1901,Home,West,1,486.47,0.28,Card,5,3.9,350.26
14585,08/27/2022,1797,Clothing,North,9,224.63,0.14,Wallet,9,3.2,1738.64
14586,03/01/2023,1405,Electronics,North,3,489.42,0.05,Wallet,8,2.2,1394.85
14587,12/01/2022,1528,Health,West,2,77.39,0.04,COD,3,1.1,148.59
14588,08/24/2022,1631,Health,West,3,173.69,0.18,Card,10,1.7,427.28
14589,05/10/2023,1872,Clothing,Central,10,10.53,0.29,COD,2,1.3,74.76
14590,01/30/2023,1315,Toys,Central,1,595.28,0.21,Wallet,9,4.0,470.27
14591,12/14/2022,1975,Health,East,9,479.98,0.18,Card,9,1.6,3542.25
14592,02/28/2023,1585,Beauty,East,5,523.59,0.25,Card,6,2.4,1963.46
14593,01/08/2022,1463,Electronics,Central,5,130.04,0.12,COD,11,3.7,572.18
14594,12/29/2022,1841,Electronics,North,5,213.34,0.25,COD,10,3.3,800.03
14595,07/16/2022,1055,Home,Central,4,309.9,0.19,COD,1,2.9,1004.08
14596,09/05/2022,1664,Home,South,7,425.98,0.28,Card,1,1.8,2146.94
14597,04/07/2023,1327,Electronics,Central,10,435.25,0.2,COD,3,2.9,3482.0
14598,08/06/2022,1291,Toys,East,9,23.82,0.22,Wallet,1,3.3,167.22
14599,11/11/2022,1570,Beauty,West,1,363.02,0.03,COD,10,2.8,352.13
14600,06/20/2022,1790,Health,Central,9,110.24,0.28,COD,10,4.2,714.36
14601,04/22/2023,1296,Health,South,5,329.53,0.31,Wallet,10,1.4,1136.88
14602,09/04/2022,1630,Toys,West,9,234.48,0.21,COD,4,3.4,1667.15
14603,03/23/2023,1555,Clothing,South,1,342.24,0.15,Card,6,1.5,290.9
14604,12/13/2022,1552,Health,Central,6,254.65,0.33,Card,5,2.7,1023.69
14605,08/26/2022,1683,Health,South,4,273.36,0.26,COD,2,4.2,809.15
14606,03/13/2023,1503,Health,Central,2,411.66,0.13,COD,8,1.2,716.29
14607,04/28/2022,1808,Beauty,Central,3,404.09,0.3,COD,4,4.3,848.59
14608,05/27/2022,1668,Clothing,South,6,150.38,0.32,COD,10,2.1,613.55
14609,01/04/2022,1143,Toys,North,6,237.24,0.11,Card,2,3.8,1266.86
14610,05/05/2023,1320,Toys,South,7,325.44,0.01,COD,10,3.8,2255.3
14611,05/12/2023,1128,Electronics,South,2,472.23,0.11,Card,12,3.5,840.57
14612,03/17/2022,1450,Clothing,West,9,287.55,0.35,COD,12,2.9,1682.17
14613,10/17/2022,1570,Toys,Central,10,464.82,0.16,COD,3,2.4,3904.49
14614,08/13/2022,1047,Beauty,South,3,224.67,0.04,COD,12,3.8,647.05
14615,04/13/2022,1908,Electronics,Central,10,217.85,0.32,Card,7,1.4,1481.38
14616,02/12/2023,1604,Beauty,South,7,519.66,0.12,COD,1,1.5,3201.11
14617,01/14/2022,1434,Electronics,West,5,488.07,0.21,COD,6,4.7,1927.88
14618,03/21/2022,1776,Health,South,2,496.32,0.06,Card,1,3.1,933.08
14619,08/19/2022,1601,Health,North,7,459.61,0.14,COD,2,1.8,2766.85
14620,01/11/2023,1048,Health,North,4,593.71,0.24,Card,12,3.2,1804.88
14621,02/14/2023,1168,Toys,West,2,299.69,0.17,Wallet,5,1.0,497.49
14622,02/09/2023,1534,Clothing,North,10,467.93,0.03,Card,4,1.2,4538.92
14623,05/15/2023,1084,Health,Central,10,477.86,0.32,Wallet,4,3.0,3249.45
14624,02/16/2022,1016,Clothing,West,2,16.33,0.25,Wallet,9,4.2,24.49
14625,05/11/2023,1737,Beauty,East,7,292.86,0.29,COD,12,2.4,1455.51
14626,09/07/2022,1178,Home,North,3,30.67,0.18,COD,7,2.6,75.45
14627,12/16/2022,1853,Health,North,10,31.81,0.08,Card,11,3.5,292.65
14628,05/10/2022,1968,Home,North,8,250.57,0.12,Wallet,10,2.6,1764.01
14629,03/01/2022,1627,Electronics,Central,9,217.39,0.23,Card,8,2.7,1506.51
14630,03/13/2022,1894,Toys,East,1,384.56,0.19,COD,3,1.2,311.49
14631,01/05/2023,1853,Beauty,South,10,306.04,0.12,COD,12,3.1,2693.15
14632,01/04/2023,1670,Electronics,East,2,157.1,0.26,Card,6,4.4,232.51
14633,01/05/2022,1528,Beauty,South,10,530.22,0.29,COD,7,1.4,3764.56
14634,01/07/2022,1698,Home,West,10,110.72,0.11,Wallet,10,1.8,985.41
14635,08/03/2022,1459,Toys,Central,9,537.7,0.13,COD,8,4.1,4210.19
14636,04/10/2023,1557,Home,East,8,311.76,0.12,Wallet,8,3.2,2194.79
14637,02/07/2023,1204,Health,North,10,133.31,0.27,COD,9,3.7,973.16
14638,03/01/2023,1755,Beauty,Central,4,498.72,0.16,Wallet,3,1.1,1675.7
14639,06/15/2022,1390,Clothing,West,7,391.69,0.18,COD,1,2.2,2248.3
14640,02/13/2022,1239,Health,West,6,251.88,0.32,Card,6,3.2,1027.67
14641,01/22/2022,1094,Toys,West,10,579.64,0.09,Card,1,1.6,5274.72
14642,05/01/2023,1698,Beauty,Central,9,557.57,0.02,COD,8,3.0,4917.77
14643,01/23/2023,1015,Health,North,2,311.47,0.2,COD,9,4.0,498.35
14644,05/24/2022,1982,Health,East,2,237.3,0.25,Wallet,2,1.9,355.95
14645,11/22/2022,1621,Electronics,North,7,16.16,0.06,Card,2,3.3,106.33
14646,02/11/2023,1613,Electronics,North,6,287.3,0.07,COD,11,2.2,1603.13
14647,04/06/2023,1444,Electronics,South,3,127.16,0.01,Card,6,2.8,377.67
14648,12/28/2022,1246,Health,West,3,141.46,0.25,COD,5,1.4,318.28
14649,06/27/2022,1958,Health,West,9,587.06,0.3,Wallet,12,1.3,3698.48
14650,01/27/2023,1891,Health,West,7,504.52,0.03,COD,1,3.5,3425.69
14651,12/17/2022,1604,Electronics,West,10,447.91,0.18,Card,3,3.4,3672.86
14652,10/18/2022,1860,Beauty,West,5,153.92,0.08,Wallet,9,2.7,708.03
14653,01/01/2023,1973,Electronics,Central,10,595.75,0.17,COD,7,1.1,4944.72
14654,10/29/2022,1469,Health,East,1,567.68,0.01,Card,9,1.8,562.0
14655,12/06/2022,1526,Health,East,7,275.42,0.33,Wallet,1,1.0,1291.72
14656,04/04/2022,1717,Clothing,North,3,223.3,0.24,Wallet,12,2.8,509.12
14657,02/14/2022,1615,Beauty,East,3,501.93,0.06,COD,4,2.0,1415.44
14658,03/14/2022,1024,Beauty,West,3,334.99,0.32,COD,12,3.0,683.38
14659,08/01/2022,1877,Home,East,10,382.28,0.3,Wallet,10,1.6,2675.96
14660,07/08/2022,1776,Home,West,2,74.44,0.23,Wallet,1,2.1,114.64
14661,04/01/2022,1100,Electronics,Central,10,18.36,0.05,Wallet,10,2.2,174.42
14662,03/10/2022,1576,Beauty,Central,8,491.97,0.34,Card,12,3.0,2597.6
14663,03/02/2023,1048,Beauty,North,10,564.8,0.05,Wallet,3,2.9,5365.6
14664,09/06/2022,1458,Beauty,West,4,91.75,0.34,COD,2,1.6,242.22
14665,10/03/2022,1425,Clothing,Central,10,76.37,0.34,COD,12,1.5,504.04
14666,11/04/2022,1191,Health,North,3,207.46,0.31,COD,4,3.0,429.44
14667,01/05/2023,1544,Home,South,4,357.33,0.15,COD,9,3.2,1214.92
14668,04/28/2022,1142,Clothing,South,2,599.84,0.15,Card,3,3.1,1019.73
14669,10/20/2022,1885,Health,East,1,595.03,0.07,Card,2,1.7,553.38
14670,10/11/2022,1716,Electronics,West,9,321.16,0.22,Card,10,3.2,2254.54
14671,07/26/2022,1882,Beauty,East,3,412.59,0.35,Card,12,3.6,804.55
14672,01/20/2023,1685,Toys,West,4,158.75,0.3,Wallet,3,4.5,444.5
14673,04/17/2023,1791,Electronics,South,6,261.54,0.29,Card,9,2.6,1114.16
14674,04/08/2023,1393,Beauty,East,8,317.31,0.15,Card,3,2.6,2157.71
14675,01/04/2023,1660,Health,North,4,30.71,0.03,Wallet,2,3.9,119.15
14676,08/01/2022,1317,Clothing,Central,10,374.89,0.18,Wallet,3,2.2,3074.1
14677,10/20/2022,1738,Health,Central,5,552.77,0.31,COD,10,3.9,1907.06
14678,12/07/2022,1531,Health,West,10,530.9,0.19,Wallet,11,1.2,4300.29
14679,11/01/2022,1422,Electronics,Central,8,337.56,0.22,Card,5,2.9,2106.37
14680,01/31/2023,1110,Electronics,West,4,112.92,0.04,Card,2,4.2,433.61
14681,03/27/2022,1548,Electronics,South,3,390.73,0.09,COD,8,1.5,1066.69
14682,07/14/2022,1805,Clothing,Central,6,170.73,0.14,Card,2,4.7,880.97
14683,04/24/2022,1608,Home,East,1,475.65,0.07,COD,1,4.3,442.35
14684,04/05/2022,1527,Home,West,1,424.76,0.26,Card,11,1.6,314.32
14685,03/12/2022,1961,Electronics,West,8,403.7,0.14,Wallet,7,4.7,2777.46
14686,05/26/2022,1883,Clothing,West,3,171.64,0.35,COD,8,1.0,334.7
14687,12/05/2022,1937,Health,North,4,147.07,0.14,Wallet,4,3.8,505.92
14688,10/07/2022,1071,Toys,East,3,471.04,0.17,Wallet,11,1.8,1172.89
14689,04/06/2022,1026,Beauty,North,1,283.39,0.08,Wallet,7,4.3,260.72
14690,06/08/2022,1760,Health,South,6,113.94,0.32,Card,12,2.8,464.88
14691,05/01/2023,1924,Beauty,West,9,26.02,0.14,Card,3,2.6,201.39
14692,03/17/2023,1303,Electronics,Central,4,587.51,0.05,Wallet,2,2.7,2232.54
14693,05/08/2023,1957,Clothing,Central,8,585.41,0.23,Wallet,8,3.3,3606.13
14694,06/13/2022,1063,Clothing,East,1,228.85,0.08,COD,6,1.2,210.54
14695,03/21/2023,1509,Home,West,8,221.42,0.06,Card,8,4.5,1665.08
14696,02/14/2022,1396,Electronics,North,4,452.95,0.09,Card,1,4.5,1648.74
14697,09/08/2022,1153,Electronics,West,8,52.03,0.15,Wallet,1,4.4,353.8
14698,03/16/2022,1029,Toys,Central,1,341.41,0.21,Card,8,3.2,269.71
14699,03/17/2022,1031,Beauty,South,4,142.58,0.18,Card,7,4.7,467.66
14700,07/22/2022,1607,Health,South,5,307.12,0.15,Card,8,3.5,1305.26
14701,12/04/2022,1199,Toys,West,4,341.07,0.02,Card,2,2.3,1336.99
14702,03/20/2023,1011,Health,West,3,37.06,0.04,COD,9,1.3,106.73
14703,08/15/2022,1076,Electronics,Central,2,26.66,0.1,Wallet,8,1.8,47.99
14704,05/13/2022,1420,Home,West,3,288.62,0.22,Wallet,7,3.0,675.37
14705,08/08/2022,1844,Electronics,West,10,521.29,0.21,Card,12,4.2,4118.19
14706,06/24/2022,1383,Toys,South,6,254.55,0.28,Wallet,1,1.8,1099.66
14707,11/17/2022,1389,Electronics,West,3,170.24,0.04,COD,6,1.6,490.29
14708,02/18/2022,1416,Toys,North,7,591.28,0.3,Card,4,4.5,2897.27
14709,02/25/2023,1792,Health,Central,9,563.28,0.17,Card,5,1.2,4207.7
14710,03/01/2022,1324,Health,North,3,193.83,0.32,Wallet,7,4.6,395.41
14711,08/20/2022,1516,Toys,South,1,202.84,0.13,Card,10,3.6,176.47
14712,12/16/2022,1313,Home,East,10,237.57,0.22,Card,12,4.3,1853.05
14713,07/01/2022,1612,Clothing,West,9,593.89,0.34,Wallet,10,4.6,3527.71
14714,02/28/2023,1071,Clothing,West,3,552.25,0.25,Card,5,1.3,1242.56
14715,02/14/2023,1505,Electronics,East,5,20.01,0.06,COD,2,1.7,94.05
14716,02/17/2022,1821,Home,East,4,296.91,0.15,COD,2,4.9,1009.49
14717,05/09/2023,1369,Clothing,Central,6,216.47,0.04,Card,1,1.7,1246.87
14718,10/11/2022,1469,Beauty,Central,10,427.46,0.35,Wallet,10,1.8,2778.49
14719,02/21/2022,1671,Home,East,8,416.05,0.13,Wallet,2,3.9,2895.71
14720,10/30/2022,1546,Health,East,2,104.22,0.24,COD,4,1.2,158.41
14721,06/29/2022,1839,Health,West,9,549.06,0.33,Wallet,10,2.0,3310.83
14722,02/19/2023,1046,Beauty,Central,1,431.03,0.09,COD,3,1.2,392.24
14723,08/21/2022,1014,Toys,Central,9,351.76,0.03,COD,10,4.5,3070.86
14724,03/18/2023,1371,Health,East,2,163.3,0.21,Wallet,5,3.4,258.01
14725,02/26/2023,1063,Beauty,North,10,60.94,0.04,Wallet,5,2.1,585.02
14726,09/07/2022,1335,Toys,West,9,504.27,0.02,Wallet,10,1.4,4447.66
14727,02/18/2023,1237,Toys,North,1,416.42,0.01,COD,10,2.0,412.26
14728,01/09/2023,1496,Home,South,7,437.56,0.25,Card,11,1.9,2297.19
14729,11/04/2022,1017,Beauty,West,5,172.3,0.15,Card,4,2.4,732.27
14730,07/20/2022,1539,Home,East,10,439.97,0.35,Card,10,4.0,2859.81
14731,11/29/2022,1440,Toys,East,9,198.09,0.28,COD,5,2.0,1283.62
14732,03/17/2023,1767,Home,South,7,58.52,0.13,COD,9,2.0,356.39
14733,08/21/2022,1258,Home,West,10,534.13,0.26,COD,4,4.8,3952.56
14734,08/18/2022,1714,Beauty,North,8,588.44,0.04,Wallet,10,3.4,4519.22
14735,12/17/2022,1877,Clothing,East,2,586.95,0.31,Wallet,5,2.9,809.99
14736,10/02/2022,1074,Toys,North,9,79.64,0.14,COD,5,4.5,616.41
14737,03/05/2022,1518,Clothing,Central,4,75.99,0.04,COD,12,1.2,291.8
14738,02/12/2022,1241,Electronics,East,6,503.3,0.24,COD,9,3.8,2295.05
14739,02/19/2023,1187,Toys,East,5,191.09,0.04,Card,11,1.6,917.23
14740,12/16/2022,1484,Home,West,6,312.7,0.1,COD,10,3.0,1688.58
14741,03/30/2022,1287,Toys,Central,2,277.8,0.27,Card,2,3.0,405.59
14742,02/02/2023,1223,Health,South,10,37.29,0.24,COD,2,3.6,283.4
14743,02/21/2022,1034,Toys,West,5,579.18,0.32,Card,8,2.7,1969.21
14744,05/05/2022,1620,Beauty,South,10,221.11,0.11,Wallet,7,1.3,1967.88
14745,10/11/2022,1349,Toys,West,8,221.01,0.18,Card,11,4.0,1449.83
14746,04/19/2023,1939,Clothing,Central,2,503.65,0.23,COD,1,1.2,775.62
14747,02/21/2022,1363,Electronics,West,1,87.22,0.16,Card,2,2.4,73.26
14748,06/29/2022,1763,Health,North,8,234.27,0.01,COD,8,2.7,1855.42
14749,03/10/2023,1391,Health,West,10,522.44,0.15,COD,2,3.1,4440.74
14750,01/20/2022,1345,Home,North,8,513.16,0.17,Wallet,1,3.5,3407.38
14751,11/30/2022,1706,Beauty,North,9,403.0,0.2,Card,10,4.2,2901.6
14752,07/23/2022,1215,Health,East,8,542.68,0.15,COD,12,4.0,3690.22
14753,02/10/2022,1386,Health,North,5,143.84,0.31,COD,6,1.2,496.25
14754,05/02/2022,1983,Health,East,8,233.95,0.18,Card,2,4.9,1534.71
14755,12/08/2022,1955,Toys,East,1,597.65,0.16,COD,10,4.1,502.03
14756,02/06/2022,1792,Electronics,East,4,389.57,0.23,COD,12,4.4,1199.88
14757,03/28/2022,1045,Clothing,North,2,383.28,0.21,COD,9,3.7,605.58
14758,02/27/2022,1737,Home,North,4,461.99,0.17,COD,12,2.3,1533.81
14759,09/10/2022,1156,Home,East,1,62.98,0.2,Card,1,5.0,50.38
14760,07/30/2022,1573,Toys,Central,7,462.13,0.23,Wallet,6,3.3,2490.88
14761,10/01/2022,1737,Electronics,Central,7,450.51,0.27,Card,11,3.1,2302.11
14762,03/19/2022,1388,Home,North,7,95.58,0.06,COD,4,3.5,628.92
14763,12/23/2022,1006,Electronics,East,5,404.55,0.14,Card,12,3.3,1739.57
14764,12/31/2022,1051,Home,Central,5,377.5,0.26,Card,8,3.7,1396.75
14765,06/21/2022,1696,Beauty,West,1,78.78,0.25,Wallet,12,2.3,59.09
14766,06/15/2022,1682,Toys,West,9,240.68,0.33,COD,10,3.5,1451.3
14767,07/30/2022,1377,Toys,South,7,278.12,0.13,Card,8,2.9,1693.75
14768,08/31/2022,1440,Health,West,4,18.82,0.32,COD,12,4.6,51.19
14769,05/05/2022,1981,Home,East,4,193.16,0.05,Wallet,1,3.6,734.01
14770,10/16/2022,1170,Home,North,7,532.77,0.03,Wallet,12,3.4,3617.51
14771,05/04/2023,1136,Toys,Central,7,198.98,0.35,Card,1,1.0,905.36
14772,01/29/2023,1876,Beauty,East,10,510.75,0.25,Wallet,5,5.0,3830.62
14773,12/18/2022,1693,Clothing,South,2,41.41,0.19,COD,3,2.1,67.08
14774,07/22/2022,1694,Clothing,Central,10,125.5,0.14,COD,9,3.3,1079.3
14775,12/24/2022,1222,Beauty,North,3,436.02,0.11,Wallet,1,4.3,1164.17
14776,11/04/2022,1975,Health,Central,9,107.65,0.07,Card,4,3.9,901.03
14777,02/16/2022,1335,Health,Central,7,340.78,0.08,COD,7,1.2,2194.62
14778,02/27/2022,1094,Beauty,North,8,130.14,0.15,COD,9,3.4,884.95
14779,02/06/2022,1381,Beauty,West,10,544.41,0.3,Wallet,7,2.1,3810.87
14780,02/22/2022,1792,Electronics,East,2,99.0,0.01,COD,9,2.4,196.02
14781,10/31/2022,1709,Health,Central,2,557.65,0.28,Wallet,11,4.2,803.02
14782,10/25/2022,1133,Beauty,North,2,143.62,0.09,COD,8,4.8,261.39
14783,09/14/2022,1548,Toys,South,7,588.78,0.12,Wallet,11,1.8,3626.88
14784,11/21/2022,1488,Home,South,1,181.25,0.33,Wallet,5,2.3,121.44
14785,05/05/2022,1546,Home,North,4,43.09,0.15,Card,3,4.6,146.51
14786,07/30/2022,1102,Toys,West,8,579.0,0.14,COD,2,3.0,3983.52
14787,05/12/2022,1460,Electronics,Central,2,250.73,0.25,Card,4,3.3,376.09
14788,08/31/2022,1681,Beauty,East,1,222.46,0.11,Card,2,1.6,197.99
14789,01/20/2022,1831,Health,North,6,394.7,0.26,COD,1,3.0,1752.47
14790,09/21/2022,1013,Toys,East,6,17.61,0.18,COD,5,1.4,86.64
14791,04/23/2023,1749,Health,East,5,218.54,0.06,COD,11,1.8,1027.14
14792,01/03/2023,1342,Electronics,Central,4,443.96,0.05,Card,4,3.3,1687.05
14793,05/23/2022,1371,Home,East,9,90.93,0.28,Wallet,10,2.9,589.23
14794,02/12/2022,1772,Clothing,North,5,445.04,0.2,Wallet,3,1.9,1780.16
14795,02/05/2023,1926,Home,North,7,289.4,0.08,Wallet,3,2.8,1863.74
14796,02/12/2023,1445,Clothing,South,9,323.92,0.25,Wallet,3,2.4,2186.46
14797,02/23/2023,1236,Electronics,West,6,449.13,0.1,Card,1,4.3,2425.3
14798,04/16/2023,1289,Electronics,South,7,230.52,0.06,COD,2,1.6,1516.82
14799,04/22/2022,1367,Toys,West,2,251.4,0.03,Wallet,1,3.4,487.72
14800,07/11/2022,1090,Beauty,North,9,110.8,0.17,Wallet,9,4.4,827.68
14801,03/09/2022,1252,Health,North,8,415.78,0.19,Wallet,11,1.9,2694.25
14802,05/13/2022,1306,Clothing,Central,1,239.81,0.21,Wallet,1,3.5,189.45
14803,03/03/2022,1008,Home,South,2,562.01,0.07,Card,10,4.7,1045.34
14804,03/21/2022,1960,Clothing,Central,5,456.85,0.34,COD,1,5.0,1507.6
14805,05/07/2023,1376,Toys,East,7,385.57,0.16,Wallet,11,1.5,2267.15
14806,04/10/2023,1008,Health,Central,4,180.07,0.04,Card,2,3.9,691.47
14807,04/01/2023,1228,Clothing,East,1,572.5,0.1,Card,10,3.1,515.25
14808,03/24/2023,1380,Toys,North,7,507.09,0.23,Card,11,3.3,2733.22
14809,09/08/2022,1509,Toys,West,5,589.31,0.19,Card,2,3.4,2386.71
14810,04/26/2023,1582,Electronics,East,7,437.87,0.21,Wallet,11,3.7,2421.42
14811,02/11/2023,1158,Health,South,9,492.13,0.06,Card,1,4.0,4163.42
14812,10/13/2022,1882,Clothing,North,9,132.74,0.35,Card,12,3.4,776.53
14813,08/23/2022,1596,Health,East,9,133.74,0.09,Card,4,4.4,1095.33
14814,04/03/2023,1835,Toys,East,10,474.47,0.25,Card,5,3.2,3558.53
14815,03/21/2023,1680,Home,North,5,308.56,0.34,Wallet,8,5.0,1018.25
14816,02/06/2022,1614,Toys,West,1,441.13,0.17,COD,10,4.2,366.14
14817,06/25/2022,1850,Home,North,8,494.49,0.18,Card,4,4.4,3243.85
14818,05/01/2022,1113,Electronics,North,9,231.0,0.12,Wallet,12,5.0,1829.52
14819,02/26/2023,1846,Beauty,West,1,308.97,0.31,COD,9,2.1,213.19
14820,02/08/2023,1129,Home,East,9,310.7,0.24,Wallet,1,3.9,2125.19
14821,02/27/2023,1726,Clothing,North,4,476.21,0.28,Card,6,5.0,1371.48
14822,07/10/2022,1762,Beauty,East,10,93.02,0.27,Wallet,10,1.2,679.05
14823,02/13/2023,1135,Home,East,2,462.71,0.33,Wallet,6,3.6,620.03
14824,03/12/2023,1295,Beauty,South,9,183.34,0.24,Card,4,3.0,1254.05
14825,04/22/2022,1067,Toys,West,6,348.77,0.17,Wallet,10,2.9,1736.87
14826,04/20/2022,1116,Health,West,10,86.2,0.23,Card,10,2.8,663.74
14827,01/09/2022,1455,Clothing,West,6,427.43,0.3,Card,1,3.4,1795.21
14828,07/26/2022,1724,Beauty,Central,8,258.73,0.01,COD,8,2.7,2049.14
14829,01/10/2023,1405,Health,West,1,382.13,0.02,Card,3,4.0,374.49
14830,08/04/2022,1204,Clothing,East,4,551.79,0.23,Wallet,9,1.4,1699.51
14831,01/31/2022,1764,Beauty,East,7,579.25,0.31,Card,7,1.4,2797.78
14832,03/16/2023,1116,Toys,East,9,393.54,0.31,COD,1,2.4,2443.88
14833,09/15/2022,1210,Toys,Central,7,293.65,0.24,Wallet,1,4.5,1562.22
14834,01/13/2023,1873,Toys,North,3,553.73,0.01,Wallet,8,2.4,1644.58
14835,03/13/2022,1158,Clothing,North,3,532.77,0.19,Wallet,5,4.9,1294.63
14836,01/28/2023,1028,Home,North,9,10.03,0.07,COD,1,1.0,83.95
14837,09/06/2022,1143,Electronics,Central,3,183.94,0.1,COD,2,4.8,496.64
14838,07/16/2022,1254,Beauty,West,5,221.72,0.19,Wallet,4,4.7,897.97
14839,10/11/2022,1994,Clothing,South,1,81.53,0.1,Wallet,2,2.4,73.38
14840,04/14/2022,1375,Home,South,8,199.19,0.31,Card,9,3.3,1099.53
14841,11/25/2022,1959,Electronics,North,5,16.0,0.19,Wallet,12,3.5,64.8
14842,01/18/2023,1330,Toys,East,3,259.59,0.21,Card,2,2.0,615.23
14843,12/27/2022,1606,Toys,West,10,401.64,0.04,Card,9,1.3,3855.74
14844,05/03/2022,1037,Electronics,Central,2,378.83,0.28,Wallet,2,4.0,545.52
14845,07/15/2022,1752,Toys,Central,8,243.11,0.3,COD,3,4.9,1361.42
14846,02/21/2023,1897,Health,South,8,371.79,0.23,COD,10,4.6,2290.23
14847,09/03/2022,1516,Home,South,7,353.3,0.26,Wallet,6,3.8,1830.09
14848,12/09/2022,1421,Clothing,West,10,281.48,0.27,COD,7,1.2,2054.8
14849,05/14/2023,1562,Beauty,North,2,564.97,0.02,Wallet,3,3.6,1107.34
14850,01/29/2023,1770,Beauty,West,5,107.84,0.1,COD,8,4.2,485.28
14851,02/18/2023,1142,Clothing,East,7,49.18,0.24,Wallet,12,2.2,261.64
14852,02/23/2023,1383,Toys,Central,4,591.01,0.17,Wallet,6,1.2,1962.15
14853,04/24/2023,1392,Health,Central,9,86.06,0.04,Card,3,3.4,743.56
14854,04/01/2022,1107,Toys,Central,8,30.41,0.02,COD,1,2.0,238.41
14855,01/15/2022,1284,Toys,West,8,477.11,0.3,Wallet,2,2.2,2671.82
14856,12/26/2022,1908,Health,North,3,434.75,0.28,COD,4,2.6,939.06
14857,06/07/2022,1638,Clothing,East,6,396.03,0.18,COD,3,2.0,1948.47
14858,09/21/2022,1124,Electronics,North,5,55.98,0.25,Wallet,2,4.5,209.92
14859,11/14/2022,1910,Clothing,East,1,565.24,0.02,Wallet,10,2.0,553.94
14860,01/29/2022,1429,Beauty,Central,4,11.06,0.09,Card,8,3.3,40.26
14861,09/17/2022,1832,Home,East,8,256.63,0.21,Wallet,10,3.1,1621.9
14862,06/03/2022,1360,Home,West,2,53.37,0.06,COD,10,2.2,100.34
14863,03/12/2023,1703,Clothing,South,2,67.22,0.16,Card,9,2.9,112.93
14864,03/20/2022,1581,Home,Central,4,103.75,0.16,COD,3,1.2,348.6
14865,01/25/2023,1789,Home,West,7,10.37,0.27,Wallet,6,1.6,52.99
14866,09/28/2022,1801,Beauty,West,3,597.67,0.27,Wallet,4,2.2,1308.9
14867,02/13/2023,1649,Beauty,East,1,485.04,0.23,COD,4,1.6,373.48
14868,07/12/2022,1090,Health,Central,6,430.03,0.18,COD,8,3.4,2115.75
14869,10/24/2022,1653,Home,East,3,101.77,0.33,COD,4,2.2,204.56
14870,01/09/2023,1335,Electronics,Central,7,292.16,0.07,COD,12,4.6,1901.96
14871,12/12/2022,1513,Electronics,Central,9,57.01,0.34,Wallet,9,1.4,338.64
14872,09/17/2022,1116,Health,North,10,71.42,0.15,Card,6,1.4,607.07
14873,02/01/2023,1342,Beauty,East,7,154.79,0.09,Wallet,1,2.0,986.01
14874,09/30/2022,1599,Beauty,Central,10,431.19,0.09,Card,1,2.6,3923.83
14875,07/10/2022,1717,Clothing,Central,1,216.79,0.07,Wallet,8,4.2,201.61
14876,05/31/2022,1174,Beauty,North,5,558.88,0.12,Wallet,3,2.5,2459.07
14877,03/07/2023,1354,Health,West,9,512.52,0.24,Card,1,1.8,3505.64
14878,04/30/2023,1023,Health,North,3,154.34,0.34,Card,12,1.8,305.59
14879,08/07/2022,1635,Clothing,North,9,374.96,0.29,Wallet,6,2.1,2395.99
14880,10/30/2022,1510,Health,South,10,216.9,0.3,Wallet,10,2.6,1518.3
14881,09/09/2022,1204,Beauty,East,4,384.33,0.21,Card,1,3.2,1214.48
14882,04/24/2023,1264,Electronics,East,9,549.98,0.1,Wallet,9,4.0,4454.84
14883,02/27/2022,1791,Clothing,Central,7,461.03,0.07,Card,8,4.0,3001.31
14884,07/19/2022,1197,Health,North,6,30.62,0.35,COD,11,5.0,119.42
14885,11/17/2022,1174,Home,North,10,86.61,0.1,Card,2,4.4,779.49
14886,04/27/2022,1821,Toys,North,6,370.12,0.12,Card,4,3.1,1954.23
14887,02/08/2022,1882,Home,East,6,281.29,0.21,Wallet,9,2.9,1333.31
14888,11/14/2022,1864,Electronics,East,9,494.75,0.14,Card,4,3.5,3829.36
14889,12/11/2022,1054,Electronics,South,8,193.95,0.13,COD,11,1.8,1349.89
14890,08/01/2022,1467,Toys,South,2,245.59,0.03,Card,2,1.7,476.44
14891,05/06/2023,1112,Home,North,3,147.25,0.02,COD,4,4.6,432.92
14892,09/29/2022,1782,Beauty,East,2,438.55,0.34,COD,4,3.1,578.89
14893,04/20/2022,1134,Toys,East,4,231.85,0.04,Wallet,8,3.5,890.3
14894,04/18/2022,1615,Home,West,10,195.81,0.34,Wallet,11,1.5,1292.35
14895,04/19/2022,1944,Home,West,10,240.16,0.09,Wallet,5,3.4,2185.46
14896,02/07/2023,1749,Clothing,West,7,584.38,0.32,Card,3,3.4,2781.65
14897,04/07/2022,1161,Electronics,West,8,277.78,0.01,COD,3,1.1,2200.02
14898,09/15/2022,1313,Toys,Central,4,500.87,0.35,Card,2,2.5,1302.26
14899,07/01/2022,1127,Home,North,7,412.05,0.25,Card,6,1.6,2163.26
14900,08/10/2022,1083,Toys,South,4,281.44,0.13,Wallet,3,2.9,979.41
14901,05/07/2023,1780,Toys,Central,5,385.25,0.15,COD,12,3.7,1637.31
14902,06/28/2022,1276,Beauty,Central,2,299.7,0.19,COD,9,3.4,485.51
14903,01/24/2023,1200,Health,Central,10,473.2,0.34,Card,5,4.9,3123.12
14904,04/16/2022,1970,Beauty,East,10,520.74,0.08,Wallet,10,1.6,4790.81
14905,03/25/2022,1888,Electronics,Central,4,35.03,0.35,COD,2,3.8,91.08
14906,03/27/2023,1362,Toys,Central,9,557.69,0.15,Wallet,2,4.7,4266.33
14907,02/07/2023,1754,Health,North,1,539.33,0.02,COD,6,4.4,528.54
14908,09/18/2022,1534,Electronics,East,8,254.65,0.22,Wallet,2,2.9,1589.02
14909,07/24/2022,1801,Home,North,10,353.75,0.1,COD,11,4.7,3183.75
14910,12/16/2022,1252,Toys,Central,5,369.82,0.28,COD,8,1.5,1331.35
14911,06/08/2022,1975,Beauty,East,2,412.08,0.02,Wallet,5,1.2,807.68
14912,10/18/2022,1744,Home,North,3,461.64,0.17,Card,4,2.5,1149.48
14913,09/14/2022,1438,Health,West,3,215.56,0.25,Card,9,4.8,485.01
14914,04/11/2022,1946,Electronics,North,6,43.86,0.12,Wallet,10,4.8,231.58
14915,06/05/2022,1249,Beauty,East,5,285.34,0.34,Wallet,12,2.3,941.62
14916,04/22/2022,1112,Toys,South,7,554.38,0.28,Card,1,3.9,2794.08
14917,09/07/2022,1336,Electronics,South,5,226.08,0.15,Card,1,1.7,960.84
14918,01/16/2022,1480,Electronics,West,10,570.2,0.34,Wallet,8,3.9,3763.32
14919,02/10/2022,1041,Clothing,Central,8,115.56,0.03,COD,3,3.1,896.75
14920,03/06/2022,1566,Health,West,4,98.86,0.16,COD,3,2.9,332.17
14921,02/10/2022,1667,Beauty,Central,8,576.41,0.11,COD,9,4.5,4104.04
14922,02/03/2023,1438,Home,Central,7,359.64,0.24,COD,2,1.4,1913.28
14923,01/21/2022,1657,Home,East,6,12.03,0.32,COD,11,4.1,49.08
14924,11/10/2022,1907,Health,West,3,18.72,0.08,Card,3,2.5,51.67
14925,03/05/2022,1104,Clothing,South,6,399.45,0.29,Card,9,2.3,1701.66
14926,02/27/2023,1290,Clothing,Central,3,230.28,0.3,Card,11,3.3,483.59
14927,05/12/2022,1565,Clothing,Central,6,416.1,0.24,Card,2,3.5,1897.42
14928,06/10/2022,1324,Home,Central,5,52.47,0.26,COD,11,2.0,194.14
14929,09/29/2022,1503,Toys,Central,4,158.31,0.24,Wallet,1,3.1,481.26
14930,09/08/2022,1297,Beauty,East,6,568.29,0.28,COD,4,1.5,2455.01
14931,02/05/2023,1671,Beauty,Central,3,538.65,0.15,Card,11,3.1,1373.56
14932,03/26/2023,1689,Toys,East,5,280.46,0.26,Card,5,1.7,1037.7
14933,11/02/2022,1528,Clothing,West,7,120.81,0.3,Wallet,7,4.0,591.97
14934,05/01/2023,1380,Toys,South,1,247.99,0.13,Card,5,3.1,215.75
14935,12/09/2022,1482,Health,South,9,510.97,0.3,COD,3,4.3,3219.11
14936,03/12/2023,1255,Health,West,4,525.28,0.31,Card,5,3.3,1449.77
14937,03/23/2022,1760,Health,Central,5,30.88,0.23,COD,3,4.5,118.89
14938,07/30/2022,1598,Clothing,East,1,440.0,0.22,Wallet,12,4.1,343.2
14939,10/18/2022,1624,Home,Central,7,106.65,0.14,Wallet,6,1.1,642.03
14940,01/09/2022,1328,Electronics,Central,3,591.74,0.08,Card,5,1.2,1633.2
14941,08/09/2022,1779,Beauty,East,3,306.43,0.19,COD,9,3.8,744.62
14942,03/28/2022,1073,Health,North,3,144.27,0.31,COD,3,2.5,298.64
14943,07/29/2022,1383,Beauty,East,7,243.66,0.01,Card,12,4.9,1688.56
14944,01/18/2023,1016,Toys,South,2,136.76,0.08,Card,6,3.5,251.64
14945,11/13/2022,1075,Home,West,4,60.25,0.24,Wallet,10,2.4,183.16
14946,06/21/2022,1530,Beauty,North,4,535.08,0.15,Card,2,4.4,1819.27
14947,05/21/2022,1499,Beauty,East,8,458.68,0.06,Wallet,5,3.8,3449.27
14948,04/10/2023,1375,Health,East,4,147.02,0.28,Wallet,4,1.4,423.42
14949,05/28/2022,1057,Electronics,West,2,369.41,0.12,COD,11,4.1,650.16
14950,01/29/2023,1860,Electronics,North,7,302.82,0.14,Wallet,5,4.2,1822.98
14951,12/04/2022,1169,Clothing,West,3,146.82,0.07,COD,6,4.6,409.63
14952,03/10/2023,1698,Home,West,7,295.15,0.16,Card,4,1.9,1735.48
14953,01/23/2022,1633,Beauty,West,9,403.62,0.18,Wallet,9,2.6,2978.72
14954,10/06/2022,1827,Toys,West,1,98.7,0.21,Wallet,4,1.3,77.97
14955,05/05/2022,1351,Electronics,East,6,313.7,0.2,Wallet,11,1.6,1505.76
14956,01/29/2022,1390,Health,North,6,365.02,0.19,Card,10,1.4,1774.0
14957,06/13/2022,1543,Clothing,Central,3,73.71,0.05,Card,6,4.1,210.07
14958,02/05/2022,1784,Beauty,North,5,498.74,0.2,COD,8,3.5,1994.96
14959,03/23/2023,1413,Toys,South,7,315.89,0.17,Card,9,4.2,1835.32
14960,12/11/2022,1553,Clothing,Central,1,327.38,0.07,Card,12,4.0,304.46
14961,08/23/2022,1032,Toys,East,8,364.36,0.02,Card,10,2.2,2856.58
14962,03/23/2022,1663,Toys,East,10,239.69,0.16,COD,2,1.2,2013.4
14963,08/08/2022,1270,Home,West,3,199.24,0.2,Card,8,1.5,478.18
14964,06/15/2022,1216,Home,South,9,399.0,0.32,COD,7,4.6,2441.88
14965,08/07/2022,1971,Toys,North,5,364.09,0.2,COD,10,1.4,1456.36
14966,02/15/2023,1820,Clothing,West,4,270.69,0.08,COD,9,2.2,996.14
14967,03/06/2023,1177,Clothing,West,7,518.4,0.15,COD,7,1.5,3084.48
14968,01/13/2023,1392,Clothing,South,5,263.05,0.03,Card,7,1.9,1275.79
14969,08/04/2022,1341,Health,North,6,44.55,0.02,COD,10,2.8,261.95
14970,04/06/2022,1261,Electronics,East,6,382.63,0.15,COD,8,2.1,1951.41
14971,05/09/2023,1668,Electronics,Central,10,443.65,0.35,Wallet,5,3.2,2883.72
14972,08/17/2022,1771,Health,Central,6,227.79,0.27,Wallet,11,2.0,997.72
14973,04/27/2023,1264,Clothing,North,6,546.04,0.18,Card,8,4.3,2686.52
14974,08/03/2022,1277,Electronics,South,2,397.32,0.2,COD,2,4.0,635.71
14975,07/25/2022,1903,Toys,North,10,190.73,0.22,Card,1,4.9,1487.69
14976,01/09/2023,1471,Toys,East,2,160.69,0.23,COD,3,4.5,247.46
14977,02/26/2022,1239,Health,West,9,505.9,0.29,COD,7,1.7,3232.7
14978,04/04/2022,1929,Home,West,9,135.85,0.09,COD,9,3.1,1112.61
14979,03/23/2023,1408,Electronics,West,1,245.42,0.06,COD,2,3.4,230.69
14980,04/12/2023,1681,Toys,West,3,287.97,0.21,Card,9,3.2,682.49
14981,01/29/2023,1580,Home,East,1,229.57,0.28,COD,5,1.4,165.29
14982,08/17/2022,1759,Health,East,6,71.88,0.03,COD,3,3.6,418.34
14983,03/04/2023,1732,Electronics,South,8,207.25,0.26,Card,5,2.0,1226.92
14984,03/12/2023,1532,Clothing,Central,5,454.64,0.31,Card,5,4.0,1568.51
14985,03/20/2023,1989,Toys,Central,5,374.73,0.33,Wallet,6,3.8,1255.35
14986,07/14/2022,1729,Home,West,6,284.07,0.07,Wallet,12,3.4,1585.11
14987,03/26/2022,1261,Clothing,East,8,415.74,0.11,COD,9,1.5,2960.07
14988,03/20/2022,1385,Electronics,Central,8,534.82,0.22,Wallet,11,3.3,3337.28
14989,03/17/2022,1310,Health,North,3,39.79,0.32,Wallet,8,5.0,81.17
14990,03/14/2022,1968,Electronics,South,5,162.34,0.03,COD,12,1.3,787.35
14991,01/18/2023,1148,Electronics,Central,6,99.19,0.24,Wallet,12,3.1,452.31
14992,09/27/2022,1353,Electronics,West,6,465.7,0.3,COD,4,2.0,1955.94
14993,07/31/2022,1965,Toys,West,5,228.41,0.21,Wallet,5,2.8,902.22
14994,07/04/2022,1957,Beauty,Central,5,395.43,0.08,Card,2,3.8,1818.98
14995,01/10/2022,1279,Clothing,South,8,380.33,0.16,Wallet,10,1.1,2555.82
14996,01/28/2023,1695,Beauty,Central,9,148.23,0.1,Wallet,6,2.5,1200.66
14997,03/18/2022,1514,Clothing,West,7,60.71,0.23,Wallet,11,4.8,327.23
14998,10/19/2022,1067,Electronics,South,7,495.22,0.09,Card,7,3.1,3154.55
14999,04/06/2022,1848,Toys,Central,4,220.16,0.08,COD,10,3.7,810.19
15000,03/29/2023,1793,Clothing,South,2,155.55,0.34,Card,3,5.0,205.33
